PAGE_NUM,FIELD,OCC,OCC_N,OCC_COMPL,LAST_N,FIRST_N,PER_GRP,PER_TITLE,PER_COMPL,LOC_PAR,LOC_STR,NUM,LOC_SPEC,LOC_COMPL,NORM_PARISH,DISTRICT,COORD
— 103 —,,,,,,,,,,,,,,,,,"(None, None)"
,,AVVOCATI RESIDENTI IN VENEZIA,,,,,,,,,,,,,,,"(None, None)"
,,,,,Alessandri,"Antonio,",,,,s. Marco,all’ Ascensione,1291.0,,,marco,San Marco,"(12.336748631923397, 45.43334684540878)"
,,,,,Alvisi,"Luigi,",,,,s. M. del Giglio,calle lunga s. Moise ramo Pedracchi,2069.0,,,maria del giglio,San Marco,"(12.33508424993851, 45.43304441939665)"
104,,,,,,,,,,,,,,,,,"(None, None)"
,,,,,Battistella,"Giovanni,",,,,s. Benedetto,ramo Venier,3780.0,,,beneto,San Marco,"(12.33222865326948, 45.43522513307187)"
,,,,,Benedetti,"Bartolommeo,",,,,s. Luca,salizzada s. Paterniano,4220.0,,,luca,San Marco,"(None, None)"
,,,,,Bia,"Stefano,",,nob.,,s. M. del Giglio,fondamenta della Fenice,2553.0,,,maria del giglio,San Marco,"(12.333325750975808, 45.43317412513807)"
,,,,,Billiani,"Antonio,",,,,s. Marco,piscina frezzeria,1660.0,,,marco,San Marco,"(12.33500445724795, 45.43398447987513)"
,,,,,Bottoni,"Francesco,",,,,s. Zaccaria,fondamenta del vin,4661.0,,,zaccaria,Castello,"(12.34231789321019, 45.43484254772693)"
,,,,,Brenzoni,"Augusto,",,,,s. Stefano,calle del Pestrin,3524.0,,,stefano,San Marco,"(12.330883726658367, 45.434136452161766)"
,,,,,Calabi,"Francesco,",,,,s. Marco,ponte dei consorzi,4391.0,,,marco,San Marco,"(12.335517742822953, 45.43516786491917)"
,,,,,Callegari,"Annibale,",,,,"s, Zaccaria",calle nuova,4674.0,,,zaccaria,Castello,"(12.342682982072578, 45.43451482841904)"
,,,,,Calucci,"Giuseppe,",,,,s. Zaccaria,fondamenta dell’ osmarin,4967.0,,,zaccaria,Castello,"(12.343219815806403, 45.43554913561706)"
,,,,,Cigolotti,Jacopo,,,,s. Luca,calle avvocati s. Angelo,3913.0,,,luca,San Marco,"(12.331808233009426, 45.43493949071734)"
,,,,,Cipriani,Giovanni,,,,s. Salvatore,merceria stretta,5042.0,,,salvador,San Marco,"(None, None)"
,,,,,Costi,Michele,,,,s. Zaccaria,ponte canonica,4313.0,,,zaccaria,Castello,"(12.340724447039154, 45.435019650191656)"
,,,,,Cremona,Giuseppe,,,,s. Marco,campo s. Gallo,1120.0,,,marco,San Marco,"(None, None)"
,,,,,D'Angelo,"Giuseppe,",,,,s. M. del Giglio,ponte s. Moise,2090.0,,,maria del giglio,San Marco,"(12.335446433230299, 45.43309853795272)"
,,,,,Deodati,Edoardo.,,,,s. M. del Giglio,fondameuta delle veste,2009.0,,,maria del giglio,San Marco,"(12.334194635244705, 45.43344275612232)"
,,,,,Fabris,Francesco,,,,s. Luca,calle s. Paterniano,4018.0,,,luca,San Marco,"(12.333528759368328, 45.435191252966774)"
,,,,,Fabris,"Liberale; Pietro,",,,,s. Samuele,calle Corner,3389.0,,,samuele,San Marco,"(12.329674588748507, 45.434545589281676)"
,,,,,Ferrari,"Riccardo,",,,(de),s. M. del Giglio,fondamenta Duodo,2008.0,,,maria del giglio,San Marco,"(12.334256726434944, 45.43346600707414)"
,,,,,Fortis,"Leone,",,,,s. Luca,calle degli Avvocati,3901.0,,,luca,San Marco,"(12.331237702805703, 45.43542728144303)"
,,,,,Fossati,"Francesco,",,,,s. Stefano,calle ca Garzoni,3316.0,,,stefano,San Marco,"(12.328040911050945, 45.43433969261239)"
,,,,,Gelich,"Vincenzo,",,,,s. M. del Giglio,s. Fantino calle Verona,1913.0,,,maria del giglio,San Marco,"(12.3336258837301, 45.43411558278369)"
,,,,,Grapputo,"Gio.; Giacomo,",,,,s. Paternian,rio terra,4246.0,,,paternian,San Marco,"(12.335018185369021, 45.43554326654203)"
,,,,,Hoffer,"Luigi,",,,,ss. Gio. e Paolo,campiello Ospedaletto,6701.0,,,giovanni e paolo,Castello,"(None, None)"
,,,,,Lantana,Gio.; Battista,,,,s. Stefano,campo s. Maurizio,2660.0,,,stefano,San Marco,"(12.331989858696065, 45.43204280284071)"
,,,,,Lattes,Angelo,,,,s. Luca,calle degli Avvocati,3903.0,,,luca,San Marco,"(12.331125587793098, 45.43558584003732)"
,,,,,Luzzati,"Pietro,",,,,s. Salvatore,calle stagneri,5256.0,,,salvador,San Marco,"(12.336813210834926, 45.4373375535232)"
,,,,,Mainardi,"Sofoleone,",,,,s. M. del Giglio,s. Fantino sottopor. Minelli,1872.0,,,maria del giglio,San Marco,"(12.3341294075771, 45.43424150004459)"
,,,,,Malvezzi,Giuseppe,,,,s. Gio. Grisostomo.,sottop. aseo,5768.0,,,giovanni grisostomo,Cannaregio,"(12.336641562956487, 45.43884966898063)"
,,,,,Manetti,Antonio,,,,s. Marco,s. Moisé in campo,1463.0,,,marco,San Marco,"(12.335707244499767, 45.43322694183272)"
,,,,,Mastraca,"Dessilla; Alessandro,",,,,s. Zaccaria,campo s. Procolo,4709.0,,,zaccaria,Castello,"(12.342495325023702, 45.435165212656756)"
,,,,,Mattei,"Giacomo,",,,,s. M. del Giglio,s. Fantino calle Verona,1914.0,,,maria del giglio,San Marco,"(12.333736270022273, 45.43410179326985)"
,,,,,Meneguzzi,Giovanni,,,,s. M. Formosa,salizzada s. Lio calle Nave,5688.0,,,maria formosa,Castello,"(12.339042410628357, 45.43747666161472)"
,,,,,Mion,"Angefo,",,,,s. Angelo,calle Caotorta,3865.0,,,angelo,San Marco,"(12.330931179107631, 45.43515025399155)"
,,,,,Monterumici,"Antonio,",,,,s. Marco,salizzada s. Moisé,1493.0,,,marco,San Marco,"(12.336468937142461, 45.43333054792586)"
,,,,,Moro,"Giuseppe,",,,,s. Marco,s. Moisé calle del carro,1623.0,,,marco,San Marco,"(12.33538730348374, 45.43364407267899)"
,,,,,Nale,Catterino,,,,s. Maurizio,calle del Dose,2746.0,,,maurizio,San Marco,"(12.331162043864907, 45.432270427152574)"
,,,,,Palazzi,"Andrea,",,,,s. Luca,riva del carbon,4172.0,,,luca,San Marco,"(12.33444406909211, 45.436749652086746)"
,,,,,Papageorgopulo,"Giacomo,",,,,s. Luca,calle fuseri,4277.0,,,luca,San Marco,"(12.335278969198809, 45.43543643141266)"
,,,,,Pasqualigo,Giacomo,,,,s. Marco,ponte barcajuoli,1827.0,,,marco,San Marco,"(12.33495547209582, 45.43428316969201)"
,,,,,Perissinotti,Antonio,,,,s. Maria dal Giglio,calle della Madonna,3605.0,,,maria del giglio,San Marco,"(12.332823505214055, 45.43444199540266)"
— 105 —,,,,,,,,,,,,,,,,,"(None, None)"
,,,,,Petris,"Antonio,",,,,s. M. del Giglio,calle Minelli,1893.0,,,maria del giglio,San Marco,"(12.334145738913332, 45.43415279313183)"
,,,,,Poletti,Giacomo,,,,s. M. del Giglio,fond. ostriche ramo Minotto,2339.0,,,maria del giglio,San Marco,"(12.333678748402155, 45.43227179085892)"
,,,,,Rensovich,"Nicold,",,,,s. M. del Giglio,dietro la chiesa,2546.0,,,maria del giglio,San Marco,"(12.33297004848842, 45.4331342788817)"
,,,,,Rinaldi,"Gio.; Battista,",,,,s. Maria del Giglio,s. Fantino,3677.0,,,maria del giglio,San Marco,"(12.33343353945214, 45.43461054371737)"
,,,,,Rocca,Adriano,,,,s. Luca,salizzada Benedetto,3998.0,,,luca,San Marco,"(12.332920258691656, 45.43518641996434)"
,,,,,Ruffini,"Giambattista,",,,,s. Stefano,s. Angelo campo,3830.0,,,stefano,San Marco,"(12.331611206550182, 45.43447456876278)"
,,,,,Sacerdoti,"Cesare,",,,,s. M. del Giglio,ramo Callegheri,2589.0,,,maria del giglio,San Marco,"(12.3320788191512, 45.433217051474315)"
,,,,,Scotti,"Gio.; Francesco,",,,,s. Marco,calle Selvatico,1219.0,,,marco,San Marco,"(12.336894003948291, 45.4340731385203)"
,,,,,Somma,Antonio,,,,s. Marco,corte della polvere,1139.0,,,marco,San Marco,"(None, None)"
,,,,,Tamanini,Gio.; Battista,,,,s. Marco ,Frezzeria calle del carro,1641.0,,,marco,San Marco,"(12.336168293208209, 45.43405369209704)"
,,,,,Valvasori,"Antonio,",,,,s. Marco,corte fiubera,797.0,,,marco,San Marco,"(12.338192725596684, 45.43534556064376)"
,,,,,Veniero,"Andrea,",,,,s. Angelo,campo,3566.0,,,angelo,San Marco,"(12.33215478795912, 45.433898524915584)"
,,,,,Visentini,"Antonio,",,,,s. M. del Giglio,corte torretta s. Fantino,1909.0,,,maria del giglio,San Marco,"(12.333616585194877, 45.43413291889575)"
,,,,,Zanadio,"Antonio,",,,,s. Stefano,Piscina s. Samuele,3432.0,,,stefano,San Marco,"(12.330248997603922, 45.43420311915578)"
,,,,,Zennaro,"Angelo,",,,,s. Marco,s. Gallo campiello s. Zorzi,1080.0,,,marco,San Marco,"(12.336365953409949, 45.43494526680561)"
,,NOTAJ RESIDENTI IN VENEZIA,,,,,,,,,,,,,,,"(None, None)"
,,,,,Adami,"Carlo,",,,,s. Marco,calle larga,380.0,,,marco,San Marco,"(12.340259391620616, 45.435363393744275)"
,,,,Notajo Camerale,Bisacco,"Giulio,",,,,s. Marco,procuratie nuove,70.0,,,marco,San Marco,"(12.337525992317087, 45.433462488672184)"
,,,,,Corsale,"Domenico,",,,,s. Marco,calle larga,657.0,,,marco,San Marco,"(None, None)"
,,,,,Dario,"Paolucci; Luigi,",,,,s. Marco,campiello dei pignoli,757.0,,,marco,San Marco,"(12.337687547002194, 45.43588210547393)"
,,,,,Farina,"Domenico; Luigi,",,,,s. Marco,calle valaressa,1318.0,,,marco,San Marco,"(12.337069766901255, 45.43263370605409)"
,,,,,Finocchi,"Giovanni,",,,,s. Marco,al campanile,32.0,,,marco,San Marco,"(None, None)"
,,‘Gaspari,,,Gaspari,"Daniele,",,,,s. Marco,bocca di piazza,1279.0,,,marco,San Marco,"(12.336566858631313, 45.43371953037768)"
,,,,,Gualandra,"Carlo,",,,,s. Marco,procuratie nuove,55.0,,,marco,San Marco,"(12.338389464780832, 45.43369965463191)"
,,,,Notajo Camerale.,Liparacchi,Giovanni,,,,s. Marco,a s. Basso,355.0,,,marco,San Marco,"(12.339606466971636, 45.43505243567121)"
,,,,Notajo Camer,Molin,"Giovanni,",,nob.,,s. Marco,ponte dai dai,167.0,,,marco,San Marco,"(12.337955071957195, 45.43439089952052)"
,,,,,Pasini,"Angelo,",,nob.,,s. Marco,calle Valaressa,1304.0,,,marco,San Marco,"(12.336779555470173, 45.43323877466174)"
,,,,Notajo Camerale,Sayoldelli,Giacomo,,,dott.,s. Marco,calle larga,281.0,,,marco,San Marco,"(None, None)"
,,,,,Sartorelli,"Carlo,",,,,s. Marco,all’ Ascensione,1257.0,,,marco,San Marco,"(12.336770192665181, 45.43342728203887)"
,,,,,Sperotti,"Luigi,",,,,s. Marco,al campanile,33.0,,,marco,San Marco,"(None, None)"
,,,,,Stefani,"Alessandro,",,,,s. Marco,procuratie nuove,23.0,,,marco,San Marco,"(None, None)"
138,,,,,,,,,,,,,,,,,"(None, None)"
,,SINDACATO DI BORSA IN VENEZIA.,,,,,,,,,,,,,,,"(None, None)"
,,,,,,,,,,,,,,,,,"(None, None)"
,,,Sindaco.,"Consigliere della Camera di commercio ed Industria;Assessore presso I’ I. R. Tribunale Commerciale Marittimo,",Paulovich,Giovanni.,,,,s. Marco,calle di mezzo s. Giuliano,232.0,,,marco,San Marco,"(12.338450609639095, 45.435577647847644)"
,,,,Aggiunti.,Blumenthal," Alessandro,",,,,s. Marco,frezzaria,1672.0,,,marco,San Marco,"(12.335946836999145, 45.434182902586414)"
,,,,,Levi,Angelo,,,"di A.,",s. M. Formosa,casselleria,5314.0,,,maria formosa,Castello,"(12.339815944248247, 45.43611979621064)"
,,,,,Ivancich,"Giovanni,",,,,s. Zaccaria,calle del Rimedio,4421.0,,,zaccaria,Castello,"(12.340523087994693, 45.435978255276474)"
,,,,,Palazzi,"Giacomo,",,,,s. M. del Giglio,fondamenta dell’ Ostriche,2338.0,,,maria del giglio,San Marco,"(12.333725583781138, 45.43227524168331)"
,,Attuaro.,,"socio degli Atenei di Venezia e Treviso, e membro di altre Accademie scientifico-letterarie dello Stato ed estere,",Alberti,"Giulio,",,,,s. Zaccaria,a s. Provolo,4718.0,,,zaccaria,Castello,"(12.342896696416043, 45.43543375445489)"
,,,Custode di Borsa.,,Greatti,"Angelo,",,,,s. Luca,calle Mettivia,4481.0,,,luca,San Marco,"(12.335589024856596, 45.435709774810995)"
,,,Novellista di Borsa.,,Bachili,"Giovanni,",,,,s. Zaccaria,borgoloco s. Lorenzo,5083.0,,,zaccaria,Castello,"(12.34334314954143, 45.43708360542072)"
,,AGENTI DI CAMBIO.,,,,,,,,,,,,,,,"(None, None)"
,,,,,Cuti,Angelo,,,"fu David,",ss. Ermagora e Fortunato,ai due ponti,1415.0,,,ermargora e fortunato,NO MATCH,"(None, None)"
,,,,,Donati,Moisé,,,fu Salomone.,ss. Apostoli,salizzada del pistor,4549.0,,,apostoli,Cannaregio,"(12.336476494305103, 45.44075356468034)"
,,,,,Fabris,"Pietro; Maria; Battista,",,,,s. Marco,corte dei felzi a s. Moisé,1439.0,,,marco,San Marco,"(None, None)"
,,,,,Frollo,Giuseppe,,,"fu Giuseppe,",s. Eufemia,alla Giudecca fondamenta ‘delle zitelle,50.0,,,eufemia,Dorsoduro,"(12.334547633892422, 45.429315815520404)"
,,,,,Gidoni,Gio.; Battista,,,,s. Felice,sottoportico della Malvasia.,,,,felice,Cannaregio,"(None, None)"
,,,,,Jona,Daniele; Vita,,,,s. Geremia,rio terra s. Leonardo,1333.0,,,geremia,Cannaregio,"(12.326481290200869, 45.44377956481348)"
,,,,,Kaula,Giacomo; Raffaele,,,,s. Marziale,nell’ ex convento dei Servi,2574.0,,con recapito al Caffé Mendel.,marziale,Cannaregio,"(None, None)"
— 139 —,,,,,,,,,,,,,,,,,"(None, None)"
,,,,,Levi,Girolamo,,,"fu Giacomo,",s. Luca,corte dei Risi,4306.0,,,luca,San Marco,"(12.334659081962576, 45.43473434301528)"
,,,,,Levi,Polacco; Vita,,,,s. Marco,corte dei Preti,1001.0,,,marco,San Marco,"(12.337210004613075, 45.43551772229025)"
,,,,,Longhi,Bartolomeo,,,"fu Pietro,",s. Stefano,"calle del Dose as, Maurizio",2727.0,,,stefano,San Marco,"(12.330961516878615, 45.43165984568302)"
,,,,,Masier,Gaetano,,,"di Antonio,",s. M. Gloriosa dei Frari,in campo s.Polo,1997.0,,,maria gloriosa dei frari,San Polo,"(12.330423057239775, 45.43698548452581)"
,,,,,Orefice,Leone,,,fu Israele,s. M. Formosa,calle Tasca,5396.0,,,maria formosa,Castello,"(12.339515494194618, 45.43661862952606)"
,,,,,Soleil,Giovanni,,,"fu Luigi,",s. Zaccaria,borgoloco s. Lorenzo,5101.0,,,zaccaria,Castello,"(12.343858187128152, 45.437149830859745)"
,,,,,Uziel,Giacomo,,,"fu Isacco,",s. Zacc.,Riva dei Schiavoni,4205.0,,,zaccaria,Castello,"(None, None)"
,,SENSALI DA MERCI,,,,,,,,,,,,,,,"(None, None)"
,,,,,Armani,Agostino,,,"fi Antonio,",s. Luca,calle dei fabbri,4716.0,,con cancello sotto le procuratie nuove s. Marco n. 14.,luca,San Marco,"(12.335960869598294, 45.43594962496209)"
,,,,,Barozzi,Francesco,,,"fu Nicolo,",s. Marco,corte Querini a s. Moisé,1443.0,,,marco,San Marco,"(None, None)"
,,,,,Bonvicini,Valentino,,,"fu Giuseppe,",s. Felice,calle del Verde,4335.0,,,felice,Cannaregio,"(12.335976141963869, 45.44107041420403)"
,,,,,Bratti_,Francesco,,,"di Bernardo,",s. Zaccaria,al portone,4689.0,,,zaccaria,Castello,"(12.342846391954168, 45.4341239075269)"
,,,,,Burri,Leone; Gaetano,,,,s. Zaccaria,calle della Madonnetta corte Malipiero,5146.0,,,zaccaria,Castello,"(12.342702768058356, 45.43748825786696)"
,,,,,Canciani,Luigi,,,"fu Antonio,",s. Marco,corte dei pignoli a s. Giuliano,753.0,,,marco,San Marco,"(12.337841365948528, 45.43581297132881)"
,,,,,Cecchetti,Francesco,,,"fu Bartolomeo,",s. Canciano,corte Morosini a s.Gio. Grisostomo,5830.0,,,canciano,Cannaregio,"(12.33780179735529, 45.438674517959804)"
,,,,,Centenari,"Marianno; Battista,",,,fu Gio.,s. M. Formosa,calle della nave as. Lio,5681.0,,,maria formosa,Castello,"(12.339170669059754, 45.43770100149594)"
,,,,,Chiggiato,Giovanni,,,"fu Giacomo,",s. M. Formosa,ponte dell’ Angelo,5313.0,,con cancello sotto le procurative nuove a s. Marco n. 47.,maria formosa,Castello,"(12.339905659643573, 45.43604440334657)"
,,,,,Cucchetti,Giovanni,,,"di Giovanni,",s. Cassiano,"circond. s, M. MaterDomini calle Filosi",2149.0,,,cassiano,Santa Croce,"(12.329903148552043, 45.43919281309675)"
,,,,,Dalla Venezia,Luigi,,,"fu Basilio,",s. Canciano,calle Stella,5452.0,,,canciano,Cannaregio,"(12.339517333486883, 45.44105398338926)"
,,,,,Dapsevich,Michele,,,"fu Andrea,",s. Francesco della Vigna,salizzada del Morion,2921.0,,,francesco della vigna,Castello,"(12.346715947953859, 45.43742292935789)"
,,,,,Dellino,Nicola,,,"fu Gaetano,",ss. Ermagora e Fortunato,campiello delTagliapietra,1771.0,,,ermargora e fortunato,NO MATCH,"(None, None)"
,,,,,De Toni,"Andrea; Battista,",,,fu Gio.,s. M. Formosa,calle Fontana,5920.0,,,maria formosa,Castello,"(12.339116179279237, 45.43824307402168)"
,,,,,Fabris,"Luigi; Battista,",,,fu Gio.,s. Marco,frezzaria corte della polvere,1138.0,,,marco,San Marco,"(12.336247027993075, 45.43435723181986)"
,,,,,Fannio,Antonio,,,"fu Giuseppe,",s. Stefano,calle del Cristo,2790.0,,,stefano,San Marco,"(12.331095587815627, 45.433241610328686)"
,,,,,Formenti; Marco,Pietro,,,,s. Giacomo dall’ Orio,salizzada dei turchi,1670.0,,,giacomo dall'orio,Santa Croce,"(12.327998363266577, 45.4411910666326)"
140,,,,,,,,,,,,,,,,,"(None, None)"
,,,,,Fortunatti,Bonizio,,,"fu Ciriaco,",s. M. del Giglio,calle del squero,2166.0,,,maria del giglio,San Marco,"(12.335020180964904, 45.43243979430997)"
,,,,,Gandin,Giov.; Antonio,,,,s. Silvestro,riva del vin,730.0,,,silvestro,San Polo,"(12.335063482926532, 45.437823419268156)"
,,,,,Garbura,Luigi,,,"fu Giuseppe,",s. M. Formosa,campo s. Marina,6070.0,,,maria formosa,Castello,"(12.339341227005315, 45.438538916438795)"
,,,,,Gariboldi,Marco,,,"fu Sante,",s. M. Gloriosa dei Frari,campo s. Polo,1993.0,,con cancello sotto le precuratie nuove s. Marco n. 61.,maria gloriosa dei frari,San Polo,"(12.330407128477814, 45.43714962811921)"
,,,,,Giuriato,"Gio.; Domenico; Antonio,",,,,s. Luca,rioterra degli assassini,3702.0,,,luca,San Marco,"(12.33343993052506, 45.43484041880603)"
,,,,,Gorgosalice,Pietro,,,"fu Luigi,",s. Pantaleone,salizzada ,35.0,,,pantalon,Dorsoduro,"(12.334281068536137, 45.42990709924705)"
,,,,,Introna,"Michele; Vito,",,,fu Nicold,s. Stefano,calle delle botteghe s.Samuele,3125.0,,,stefano,San Marco,"(12.3299038516854, 45.434069833753945)"
,,,,,Kaula,Raffaele; Giacomo,,,"fu Raffaele,",s. Marziale,ex convento dei servi,2374.0,,con recapito al caffe Mendel sotto le procuratie vecchie s. Marco.,marziale,Cannaregio,"(None, None)"
,,,,,Levi,Cervo,,,"fu Mandolino,",s. Luca,calle dei fuseri corte del forno,4351.0,,,luca,San Marco,"(12.33509891925489, 45.434895839931514)"
,,,,,Luzzato,David,,,"fu Abramo,",s. Marziale,calle della malvasia,2787.0,,,marziale,Cannaregio,"(12.328354247303825, 45.44615832553141)"
,,,,,Marzari,Angelo,,,"fu Pietro,",s. M. Formosa,calle dei Orbi,5194.0,,"con cancello sotto il campanile s, Marco n. 24.",maria formosa,Castello,"(12.342129419298342, 45.43742071007405)"
,,,,,Morbiato,Carlo,,,"fu Angelo,",ss. Salvatore,traghetto del buso s. Bartolammeo corte della regina,5354.0,,,salvador,San Marco,"(12.336382889227565, 45.437992702452824)"
,,,,,Passalacqua,"Francesco,",,,,s. Cassiano,calle Baglioni,1880.0,,con cancello sotto il campanile s. Marco n. 28.,cassiano,Santa Croce,"(None, None)"
,,,,,Pavan,Angelo,,,"fu Pietro,",ss. Gio. Paolo,calle dell’ Erbe,6424.0,,con cancello sotto le procuratie nuove s. Marco n. 44.,giovanni e paolo,Castello,"(12.343304238909607, 45.43846224974423)"
,,,,,Rondina,Matteo,,,"fu Giuseppe,",s. Silvestro,riva del vin.,47.0,,,silvestro,San Polo,"(12.334599870014602, 45.438932193325215)"
,,,,,Scarpa,Antonio,,,"fu Guglielmo,",s. Zaccaria,calle dietro la chiesa s.Gio. in Oleo,4437.0,,,zaccaria,Castello,"(12.341672478201884, 45.43576913193288)"
,,,,,Scattaglia,Antonio,,,"fa Giacomo,",ss. Gio. e Paolo,ponte dell’ Erbe,6116.0,,,giovanni e paolo,Castello,"(12.340609239946096, 45.43836175540711)"
,,,,,Stella; ,Giovanni,,,"di Paolo,",s. Zaccaria,fond. s. Lorenzo,5047.0,,con cancello sotto le procuratie nuove s. Marco n. 41.,zaccaria,Castello,"(12.344226389390236, 45.43646506931739)"
,,,,,Tagliaferro,Giuseppe,,,"fue Luigi,",s. Silvestro,campo s. Apollinare,926.0,,,silvestro,San Polo,"(12.332739307682678, 45.438381489753944)"
,,,,,Vagliano,Francesco,,,"fu Spiridione,",s. Zaccaria,fondamenta s. Severo,5010.0,,con cancello sotto le procuratie nuove n. 8,zaccaria,Castello,"(12.343009548846966, 45.43662642339357)"
,,,,,Vianello,Angelo,,,detto Mattutina,s. Zaccaria,campo s.Gio. in Oleo,4387.0,,,zaccaria,Castello,"(12.34121442372008, 45.43563511077826)"
,,,,,Vivante,Girolamo,,,"di Aronne,",s. Marziale,fondamenta s. Girolamo ponte del ghetto,2921.0,,,marziale,Cannaregio,"(12.32739583491858, 45.44555287419425)"
,,,,,Zacchello,Luigi; Giuseppe,,,,ss. Salvatore,calle dei stagneri,5216.0,,,salvador,San Marco,"(12.337010153895998, 45.43698947601503)"
141,,,,,,,,,,,,,,,,,"(None, None)"
,,SENSALI INTERPRETI E REGOLATORI DI BASTIMENTI.,,,,,,,,,,,,,,,"(None, None)"
,,,,,Gariboldi,Marco,,,"fu Sante,",s. M. Gloriosa dei Frari,campo s. Polo,1993.0,,con cancello sotto le procuratie nuove s. Marco n. 61.,maria gloriosa dei frari,San Polo,"(12.330407128477814, 45.43714962811921)"
,,,,,Gemelli,Anselmo,,,"fu Giuseppe,",s. M. del Giglio,corte Lovisella,2080.0,,con cancello sotto le procuratie nuove s. Marco n. 18.,maria del giglio,San Marco,"(12.33521590795581, 45.433216845286104)"
,,,,,Malabotich Biaggio,Giovanni,,,del fu Giovanni,"ss. Gio, e Paolo",ponte senza bande a s. Giustina,2836.0,,con cancello sotto le procuratie nuove s. Marco n. 20.,giovanni e paolo,Castello,"(12.345659471257592, 45.43798125562725)"
,,,,,Pacchiessi,Gio.; Battista,,,,s. Marco,calle s. Gallo,1073.0,,con cancello sotto le procuratie nuove s. Marco n. 42.,marco,San Marco,"(12.336834927894724, 45.43494953962478)"
,,,,,Rota,Antonio,,,"fu Marco,",s. Gio. in Bragera,calle del Dose,3729.0,,con eancello sotto le procuratie nuove s. Marco n. 8.,giovanni in bragora,Castello,"(12.346333809047318, 45.43433720378129)"
,,,,,Vagliano,Francesco,,,"fu Spiridione,",s. Zaccaria,fondamenta s. Severo,5010.0,,con cancello sotto le procuratie nuove s. Marco n. 8.,zaccaria,Castello,"(12.343009548846966, 45.43662642339357)"
,,,,,Zaccaria,Paolo,,,"fu Giovanni,","s, Gio. in Bragora",riva dei Schiavoni ponte Cà di Dio,4084.0,,con cancello sotto le procuratie nuove s. Marco n. 53.,giovanni in bragora,Castello,"(12.347571123254212, 45.43385014164267)"
,,SENSALI DA TRASPORTI PER TERRA E PER ACQUA.,,,,,,,,,,,,,,,"(None, None)"
,,,,,Boscolo,Massimiliano,,,"fa Domenico,",s. Maria del Rosario,rie terra Catecumeni,73.0,,,madonna del rosario,Dorsoduro,"(12.33361415087773, 45.429597048047306)"
,,,,,Lombardo,Angelo,,,"fu Aldebrando,",s. Maria del Rosario,Abazia s. Gregorio,172.0,,,madonna del rosario,Dorsoduro,"(12.333830836395578, 45.430801166936924)"
,,SENSALI D’ ASSICURAZIONI.,,(2 piazze vacanti),,,,,,,,,,,,,"(None, None)"
,TARIFFA DEI DIRITTI DI SENSARIA.,,,,,,,,,,,,,,,,"(None, None)"
,,Agenti di Cambio.,,,,,,,,,,,,,,,"(None, None)"
142,,,,,,,,,,,,,,,,,"(None, None)"
143,,,,,,,,,,,,,,,,,"(None, None)"
,ESERCENTI COMMERCIO ED INDUSTRIA.,,,,,,,,,,,,,,,,"(None, None)"
,,ACETO,,(fabbricatori di),,,,,,,,,,,,,"(None, None)"
,,,,,Carnielli,Giacomo; Pase; Luigi,,,,s. M del Carmine,fondamenta Girardini,2622.0,,,maria dei carmini,Dorsoduro,"(12.322344857381442, 45.432878708502734)"
,,,,,Dal Fiol,Vincenzo; Matteo,,,,s. Zaccaria,fondamenta delVosmarin,4971.0,,,zaccaria,Castello,"(12.343465942975413, 45.43559901140534)"
,,,,,Dal Toso,"Giovanni,",,,,s. Luca,calle dei fabbri,4669.0,,,luca,San Marco,"(12.335863758226523, 45.43600114113095)"
,,,,,Gasparini,"Francesco,",,,,s.Simeone Prof.,calle Zambelli,737.0,,,simeon profeta,Santa Croce,"(12.323529420172237, 45.44079880243419)"
,,,,,Thomas,"Pietro,",,,,s. Salvatore,riva del ferro,5150.0,,,salvador,San Marco,"(12.336048039342081, 45.43777287728111)"
,,,,,Thomas,"Pietro,",,,,s. Salvatore,riva del ferro,5151.0,,,salvador,San Marco,"(12.336146449009432, 45.43778957198362)"
,,,,,Thomas,"Pietro,",,,,s. Silvestro,calle panateria,324.0,,,silvestro,San Polo,"(12.33393036884894, 45.43961933105013)"
,,,,,Thomas,"Pietro,",,,,s. Silvestro,calle panateria,325.0,,,silvestro,San Polo,"(12.334021185685362, 45.43969872301884)"
,,AGENZIA D’INCANTI,, (approvata dall' Eccelsa I. R. Luogotenenza.),,,,,,,,,,,,,"(None, None)"
,,,,,Zennaro,"Luigi,",,,,s. Salvatore,in campo,4805.0,,,salvador,San Marco,"(12.336068578094011, 45.43689985612471)"
,,ALBERGHI PRINCIPALI.,,,,,,,,,,,,,,,"(None, None)"
,,,"Cappa d’oro,",,Farsari,Giovanna,,,"nata Bernardini,",s. Salvatore,merceria,4848.0,,,salvador,San Marco,"(12.336978284397093, 45.436661090179335)"
,,,"Cappello nero,",,Succietti,"Antonio,",,,,s. Marco,calle del cappello,182.0,,,marco,San Marco,"(12.338609475257137, 45.43478211451295)"
,,,"Cavaletto,",,Boerio,"Giovanni,",,,,s. Marco,a s. Gallo,1107.0,,,marco,San Marco,"(12.337076794421696, 45.43444222011369)"
,,,"Citta di Trento,",,Romanello,"Antonio,",,,,s. Marco,calle larga,369.0,,,marco,San Marco,"(12.33953547084415, 45.435226081002256)"
,,,"Europa,",,Marseille,"Augusto,",,,,s. Marco,calle del ridotto,1364.0,,,marco,San Marco,"(12.336648752232303, 45.43242808960571)"
,,,"Hotel de la Ville,",,Barbesi,"Augasto,",,,,s. Stefano,salizzada Malipiero,3231.0,,,stefano,San Marco,"(12.328272181677583, 45.433807331562456)"
144,,,,,,,,,,,,,,,,,"(None, None)"
,,,"Hotel s. Marco,",,Padrun ;Sobrio,Sebastiano; Sante,,,,s. Marco,Procuratie vecchie,409.0,,,marco,San Marco,"(12.339974895222698, 45.435359830762785)"
,,,"Hotel Royal,",,Muzzarelli; Roux,"Giuseppina;Vespasiano,; Gio. Battista,",,,,s. Zacc.,riva dei schiavoni,4496.0,,,zaccaria,Castello,"(12.341742964570113, 45.43554083885417)"
,,,"Hotel Vittoria,",,Foldi;Bruni,"Giovanni;Vincenzo,",,,,s. Marco,calle dei fuseri,1812.0,,,marco,San Marco,"(12.33541199014272, 45.43453824015395)"
,,,"Italia,",,Guidetti,"Francesco,",,,,s. Marco,ponte barozzi s. Moisé,1449.0,,,marco,San Marco,"(None, None)"
,,,"Luna,",,Ruol,"Bartolammeo,",,,,s. Marco,all’ Ascens.,4243.0,,,marco,San Marco,"(None, None)"
,,,"Pellegrino,",,Olivo,Gio.Battista,,,,s. Marco,calle larga,286.0,,,marco,San Marco,"(12.338998375934576, 45.43503753930538)"
,,,"Pome d’ oro,",,Cantoni,"Beniamino;Angelo,",,,,s. Luca,calle dei fabbri,4881.0,,,luca,San Marco,"(12.337409239087064, 45.43618456999757)"
,,,"Regina d’ Ungheria,","sudd.,",,,,,,s. Luca,campiello della Malvasia,4423.0,,,luca,San Marco,"(12.33584698946523, 45.43520287277152)"
,,,"Restaurant. s, Gallo,",,Della Grazia,Domenico,,,,s. Marco,campo s.Gallo,1093.0,,,marco,San Marco,"(12.336807262396327, 45.43480952018309)"
,,,"Risza,",,De Tomi,"Cipriano,",,,,s. Marco,calle larga,367.0,,,marco,San Marco,"(12.339355347956364, 45.435167956908515)"
,,,"Selvatico,",,Varagnolo,"Giagame,",,,,s. Marco,calle del Selvadego,1224.0,,,marco,San Marco,"(12.336707364373169, 45.43401156314506)"
,,,,,Stella; Boniol; Padovan,"Poro,; Rosa,",,,,s. M. del Giglio,calle lunga s. Moisé,2094.0,,,maria del giglio,San Marco,"(12.335346778862482, 45.43292658052317)"
,,,"Tre stelle,",,Vitturi,"Gaetano,",,,,s. Marco,a s. Giuliano,609.0,,,marco,San Marco,"(12.338819133589137, 45.43561197279296)"
,,,"Vapore,",,Checchia,"Domenico,",,,,s. Marco,campiello dei pignoli,771.0,,,marco,San Marco,"(None, None)"
,,ALLOGGI PRIVATI,,,,,,,,,,,,,,,"(None, None)"
,,,,,Agostini,"Rosa; Angela,",,,,s. Geremia,calle Priuli,100.0,,,geremia,Cannaregio,"(12.321567878378435, 45.442223693422314)"
,,,,,Altini,"Giustina,",,,,s. Zaccaria,fond. del Vin,4654.0,,,zaccaria,Castello,"(12.342253613104033, 45.43461102678517)"
,,,,,Amadeo,"Felicita,",,,ved. Pasini,s. Marco,corte Foscara,1488.0,,,marco,San Marco,"(12.336433307442318, 45.43341397423103)"
,,,,,Barato,"Chiara,",,,,s. Marziale,ford. rio della sensa,3342.0,,,marziale,Cannaregio,"(12.331175413337194, 45.44567637737135)"
,,,,,Barozzi,"Francesco,",,,,s. Marco,corte Querini s. Moisé,1443.0,,,marco,San Marco,"(None, None)"
,,,,,Bastianello,"Pietro,",,,,s. M. del Carmine,corte del Degolin,2652.0,,,maria dei carmini,Dorsoduro,"(12.322456269332854, 45.43204185593405)"
,,,,,Belleme,"Teresa,",,,,s. Salvatore,calle delle acque,5007.0,,,salvador,San Marco,"(12.337684513738884, 45.4365051792442)"
,,,,,Belloni,"Giacomina,",,,,s. Marco,sottop. dell’Ancore,886.0,,,marco,San Marco,"(None, None)"
,,,,,Bellusso,"Francesce,",,,,s. Marco,corte Pizzoechere,1377.0,,,marco,San Marco,"(None, None)"
,,,,,Bergamin,"Angela,",,,,s. Luca,calle della vida,4291.0,,,luca,San Marco,"(12.334384940278602, 45.43510285555188)"
145,,,,,,,,,,,,,,,,,"(None, None)"
,,,,,Berlendis,"Gio.; Battista,",,,,s. Cassiano,calle dei botteri,1541.0,,,cassiano,Santa Croce,"(12.327635774760743, 45.43940035338315)"
,,,,,Berlendis,"Luigia,",,,,s. Marco,calle larga,658.0,,,marco,San Marco,"(12.33919570138983, 45.43517689218126)"
,,,,,Bernardi,"Maria,",,,,s. M. del Giglio,sottop. della Malvasia vece.,1935.0,,,maria del giglio,San Marco,"(None, None)"
,,,,,Bertiato,"Angela,",,,,s. Luca,calle degli Assassini,3657.0,,,luca,San Marco,"(12.333050702657824, 45.43471446432265)"
,,,,,Bertiato,"Domenico,",,,,s. Marco,calle Barozzi,1392.0,,,marco,San Marco,"(12.336166886271567, 45.43286898953743)"
,,,,,Bertolo,"Stoppa; Teresa,",,,,s. Marco,corte Locatella,584.0,,,marco,San Marco,"(12.338156631228808, 45.43603909274038)"
,,,,,Bertotto,"Angelo,",,,,s. Zaccaria,calle della Sacrestia,4494.0,,,zaccaria,Castello,"(12.341945802426293, 45.435536869324736)"
,,,,,Besaro,"Daniele,",,,,s. Zaccaria,calle delle Rasse,4361.0,,,zaccaria,Castello,"(12.341681971672667, 45.435388982520834)"
,,,,,Biasidi,"Luigia,",,,,s. Marco,campiello del Vin,490.0,,,marco,San Marco,"(12.339021288519296, 45.435868106440374)"
,,,,,Boldrin,"Tremonti; Anna,",,,,s. Marco,campo s. Giuliano,784.0,,,marco,San Marco,"(12.338241029777476, 45.435521083673486)"
,,,,,Bona,"Bortoluzzi; Giuseppina,",,,,s. Giacomo,dell’Orio ‘sottoportico delle oche,1023.0,,,giacomo,Santa Croce,"(12.326764518639683, 45.439042651929356)"
,,,,,Bona,"Giovanni,",,,,s. Cassiano,calle del forno,1845.0,,,cassiano,Santa Croce,"(12.329363877617254, 45.44080129795196)"
,,,,,Bonicelli,"Regina,",,,,"s, Luca",calle della Mandola,3710.0,,,luca,San Marco,"(12.333126363303652, 45.43490589427592)"
,,,,,Brezzolin,"Regina,",,,,s. Marco,calle Bognolo,1600.0,,,marco,San Marco,"(12.336013930351035, 45.43380869426364)"
,,,,,Brun,"Teresa,",,,,s. Pietro,corte nuova,2056.0,,,pietro,Castello,"(12.3529337462426, 45.43277427594414)"
,,,,,Brunati,"Anna,",,,,s. Marco,calle dei fabbri,1411.0,,,marco,San Marco,"(12.336189601356859, 45.432640734198635)"
,,,,,Bullo,"Giuseppina,",,,,s. Salvatore,ponte del lovo,4512.0,,,salvador,San Marco,"(12.335721973514957, 45.435577838883276)"
,,,,,Busella,"Giustina,",,,,s. M. Formosa,calla tasca,5399.0,,,maria formosa,Castello,"(12.339390768984556, 45.4365438569571)"
,,,,,Cagnato,"Tremanzolli; Teresa,",,,,s. Luca,calle Loredan,4129.0,,,luca,San Marco,"(12.334380910390433, 45.436068489928296)"
,,,,,Campedelli,"Carlo,",,,,s. Zaccaria,calle della corona,4740.0,,,zaccaria,Castello,"(12.342394961932772, 45.435880820118925)"
,,,,,Candotti,"Maria,",,,,s. Luca,campo s. Benedetto,3956.0,,,luca,San Marco,"(12.33253513461173, 45.435647394378584)"
,,,,,Carpere,"Elisabetta,",,,,s. Marco,corte dei pignoli,1764.0,,,marco,San Marco,"(None, None)"
,,,,,Caset,"Lucia,",,,,s. Zaccaria,ramo Michiel,4607.0,,,zaccaria,Castello,"(12.341928119329772, 45.43459642696008)"
,,,,,Catullo,"Giacomo,",,,,s. M. Formosa,calle della Fava,5601.0,,,maria formosa,Castello,"(12.33815246352956, 45.437352894611095)"
,,,,,Cattaneo,Carlo,,,,s. M. del Giglio,campiello dietro la Chiesa,1888.0,,,maria del giglio,San Marco,"(12.333908530589367, 45.434380313757906)"
,,,,,Colmegna,"Maria,",,,,s. Marco,calle dei pignoli,780.0,,,marco,San Marco,"(12.338105337445324, 45.43570684607928)"
,,,,,Comin,"Grassi; Paolina,",,,,"s, M. del Rosario",sottop. e corte Centanni,716.0,,,madonna del rosario,Dorsoduro,"(12.331036850108653, 45.430743854954805)"
,,,,,Cominotti,Teresa,,,"di Carlo,",s. Marco,calle dei preti,1263.0,,,marco,San Marco,"(12.336698934374342, 45.43362066111979)"
,,,,,Conti,"Maria,",,,,s. M. del Giglio,calle Pedrocchi,2260.0,,,maria del giglio,San Marco,"(12.334385237684428, 45.43265476569378)"
,,,,,Conti,"Maria,",,,detta Rodolina,s. Marco,calle Brentana,4686.0,,,marco,San Marco,"(12.33648302646068, 45.43558290804068)"
,,,,,Crovato,"Rozzi; Ventura,",,,,s. Silvestro,calle dell’Angelo,847.0,,,silvestro,San Polo,"(12.333407518691244, 45.43882096728779)"
,,,,,D’ Andrea,"Lucia,",,,,ss. Gio. e Paolo,calle della testa,6232.0,,,giovanni e paolo,Castello,"(12.3418832531158, 45.437749077401655)"
,,,,,Dabala,"Marianna,",,,,s. M. del Giglio,calle del squero,2183.0,,,maria del giglio,San Marco,"(None, None)"
,,,,,Dal Borgo,"Bortoluzzi; Rosa,",,,,s. Cassiano,Ramo II Carminati,1893.0,,,cassiano,Santa Croce,"(12.329157453515988, 45.44014336660267)"
,,,,,Dalla Grazia,"Domenico,",,,,s. Marco,campo s. Gallo,1092.0,,,marco,San Marco,"(12.336818800590384, 45.43482635220712)"
,,,,,Dal Pra,"Tizian; Augusta,",,,,s. Giacomo,dall’Orio sottop. e calle Zambelli,1611.0,,,giacomo,Santa Croce,"(None, None)"
,,,,,Dal Zotto,"Farana; Valentina,",,,,ss. Gio. e Paolo,calle dell’ Ospedaletto,698.0,,,giovanni e paolo,Castello,"(12.357950207031266, 45.43100174180377)"
146,,,,,,,,,,,,,,,,,"(None, None)"
,,,,,Daveglia,"Antonio,",,,,s. Luca,calle dei cavalli,4083.0,,,luca,San Marco,"(12.333873672397202, 45.43614841447781)"
,,,,,De Angeli,"Giulio,",,,,s. Marco,campo s. Moisé,1458.0,,,marco,San Marco,"(None, None)"
,,,,,Decopil,"Marchi; Teresa,",,,,s. M. del Giglio,fondamenta al ponte delle Veste,2013.0,,,maria del giglio,San Marco,"(12.334339253745014, 45.43337973333202)"
,,,,,Dian,"Tiozzo; Maria,",,,,s. M. del Giglio,calle degli Assassini,3656.0,,,maria del giglio,San Marco,"(12.332984781616416, 45.43476936427521)"
,,,,,Dose,"Barbara,",,,,s. Luca,calle dei fuseri,4467.0,,,luca,San Marco,"(12.335304987970204, 45.43549824060773)"
,,,,,Driuzzi,"Gaetano,",,,,s. Marco,calle dei balloni,200.0,,,marco,San Marco,"(12.33837762503221, 45.43497403349569)"
,,,,,Eyb; Wetzlar," Susanna,",,,bar.,s. M. del Giglio,campo del traghetto,2467.0,,,maria del giglio,San Marco,"(12.333069157054958, 45.43174161437826)"
,,,,,Epis,"Giovanni,",,,,s. Marco,ponte della piavola s. Gallo.,,,,marco,San Marco,"(None, None)"
,,,,,Fabris,"Maria,",,,,s. Gio. in Bragora,campiello del piovan,3760.0,,,giovanni in bragora,Castello,"(12.346782251974913, 45.43398753287164)"
,,,,,Falchigioni,"Amalia,",,,,s. Marco,calle del ridotto,1424.0,,,marco,San Marco,"(None, None)"
,,,,,Fanesco,"Sebastiano,",,,,s. Marco,calle dei specchieri,630.0,,,marco,San Marco,"(None, None)"
,,,,,Favai,"Catterina,",,,,ss. Ermag.e Fort.,calle Piovene,2172.0,,,ermargora e fortunato,NO MATCH,"(None, None)"
,,,,,Filippi,"Cecilia,",,,,s. Marco.,calle fiubera,951.0,,,marco,San Marco,"(12.337920055987206, 45.43528711722923)"
,,,,,Forlani,"Isabella,",,,,s. Luca,calle delle schiavine,4380.0,,,luca,San Marco,"(12.335389611480439, 45.43503067846731)"
,,,,,Fortini,"Anna,",,,,s. Canciano,corte Morosini,5827.0,,,canciano,Cannaregio,"(12.337763856924044, 45.438628736342224)"
,,,,,Fumagalli,"Maria,",,,,s. Marco,calle del Ridotto,1362.0,,,marco,San Marco,"(12.336645750343944, 45.432557332437256)"
,,,,,Fuser,"Antonio,",,,,"s, Canciano",rioterri,5446.0,,,canciano,Cannaregio,"(12.339550688643287, 45.44104770949452)"
,,,,,Gabrieli,"Pedrocchi; Antonia,",,,,s. Gio. in Bragora,riva degli Schiavoni,4161.0,,,giovanni in bragora,Castello,"(12.343836205034748, 45.43410730141197)"
,,,,,Gambin,"Corte; Santa,",,,,s. Gio. in Bragora,in campo,3810.0,,,giovanni in bragora,Castello,"(12.346703699608849, 45.4343981290754)"
,,,,,Garlato,"Leonardo,",,,,s. M. Formosa,calle della fava,5589.0,,,maria formosa,Castello,"(12.33843114801714, 45.43734220150144)"
,,,,,Gazzi,"Sofia,",,,,s. Marco,calle del carro,1615.0,,,marco,San Marco,"(12.33584467783085, 45.43394159514667)"
,,,,,Giacomelli,"Gio.; Battista,",,,,s. Marco,campo della guerra,512.0,,,marco,San Marco,"(12.339133951243515, 45.43611769421507)"
,,,,,Giovanelli,"Antonia,",,,,s. Zaccaria,riva degli Schiavoni,4691.0,,,zaccaria,Castello,"(12.342880790800443, 45.434240640410344)"
,,,,,Grasso,"Elisabetta,",,,,s. M. del Giglio,calle del traghetto,2204.0,,,maria del giglio,San Marco,"(12.334877197564987, 45.43206433338569)"
,,,,,Graziotin,"Domenico,",,,,s. M. Formosa,calle del Paradiso,5744.0,,,maria formosa,Castello,"(12.33982500964485, 45.43750150454172)"
,,,,,Grosselli,"Marco,",,,,ss. Apostoli,calle dell’Oca,4327.0,,,apostoli,Cannaregio,"(12.335731736004044, 45.440833267218494)"
,,,,,Grueber,"Antonio,",,,,s. Marco,calle del forner o delle colonne,975.0,,,marco,San Marco,"(12.337363902136177, 45.43525441410421)"
,,,,,Guerra,"Maria,",,,,s. Luca,calle dei fuseri,4339.0,,,luca,San Marco,"(12.335280244457207, 45.43515547085937)"
,,,,,Janno,"Antonio,",,,,s. Simeone Prof. ,rio Marin,782.0,,,simeon profeta,Santa Croce,"(12.324842553949013, 45.43959284977747)"
,,,,,Jesurum,"Laura,",,,,s. Marco,corte dei balloni,208.0,,,marco,San Marco,"(12.338356851556778, 45.435176933868824)"
,,,,,Lacchin,"Lorenzo,",,,,s. Giacomo dall’Orio,calle delle oche,1031.0,,,giacomo dall'orio,Santa Croce,"(12.327022795044071, 45.43920084910184)"
,,,,,Lavina,"Follina; Giulia,",,,,s. Giac.,dall’Orio sottop. corte Morion,1574.0,,,giacomo,Santa Croce,"(12.328083930889695, 45.43956359523512)"
,,,,,Lazzari,"Antonio,",,,,s. M. del Giglio,calle del Teatro,2247.0,,,maria del giglio,San Marco,"(12.334550233441979, 45.43269402363946)"
,,,,,Levi,"Mandolin,",,,,s. Luca,calle dei fuseri,4473.0,,,luca,San Marco,"(12.33528175195074, 45.43570061806707)"
,,,,,Libera,"Antonia,",,,,s. Giac. dall’ Orio,calle Zambelli,1609.0,,,giacomo dall'orio,Santa Croce,"(12.328260643317419, 45.44008716382712)"
,,,,,Longega,"Gaetano,",,,,s. Nicola da Tolentino,calle del forno,234.0,,,nicola da tolentino,Santa Croce,"(None, None)"
,,,,,Lorenzoni,"Giovanni,",,,,s. Marco,calle squero,2182.0,,,marco,San Marco,"(None, None)"
147,,,,,,,,,,,,,,,,,"(None, None)"
,,,,,Lovetti,"Catterina,",,,,s. Luca,ramo salizzada,4217.0,,,luca,San Marco,"(None, None)"
,,,,,Marampon,"Francesca,",,,,s. Luca,calle mettivia,4532.0,,,luca,San Marco,"(12.335920333977882, 45.43571546452142)"
,,,,,Marconi,"Maria,",,,,s. Marco,frezzeria,1825.0,,,marco,San Marco,"(12.335070307590735, 45.434313757135435)"
,,,,,Mason,"Domenico,",,,,s. Marco,frezzeria corte Contarina,1532.0,,,marco,San Marco,"(12.33613098266558, 45.43357107405245)"
,,,,,Mazzucchelli,"Maria,",,,,s. Luca,salizzada,4203.0,,,luca,San Marco,"(None, None)"
,,,,,Menegolli,"Teresa,",,,,s. Stefano,calle delle carrozze,3286.0,,,stefano,San Marco,"(12.329076829354443, 45.43407690518912)"
,,,,,Merryveather,"Manin; Ildegarda,",,,,s. Marco,"calle s, Gallo",1074.0,,,marco,San Marco,"(12.336733087832446, 45.434918536469375)"
,,,,,Minio,"Giuseppe,",,,,s. Marco,calle del Ridotto,1387.0,,,marco,San Marco,"(12.336464711138003, 45.43289719434153)"
,,,,,Minotto,"Giuseppe,",,,,s. Luca,calle delle strazze,1048.0,,,luca,San Marco,"(12.336458825449483, 45.43510049518771)"
,,,,,Miotti,"Maria,",,,,s. M. del Giglio,calle Lunga s. Moisé,2356.0,,,maria del giglio,San Marco,"(12.333738420765608, 45.432529794187886)"
,,,,,Nordio,"Angela,",,,,s. Marco,frezzeria calle Venier,1721.0,,,marco,San Marco,"(12.335710449123109, 45.43434420863834)"
,,,,,Olivotti,"Vincenzo,",,,,s. Zaccaria,fondamenta del Vin,4660.0,,,zaccaria,Castello,"(12.342237874626871, 45.43479177271675)"
,,,,,Olivotto,"Fabris; Angela,",,,,s. Zaccaria,riva degli Schiavoni,4177.0,,,zaccaria,Castello,"(12.34332622263582, 45.43407256080703)"
,,,,,Ottolin,"Teresa,",,,,s. Geremia,fondamenta di Cannaregio,926.0,,,geremia,Cannaregio,"(12.320499937722815, 45.44641680115853)"
,,,,,Pasini,"Chiozzi; Luigia,",,,,s. Zaccaria,calle degli Albanesi,4228.0,,,zaccaria,Castello,"(12.341432538959182, 45.434542299261686)"
,,,,,Pavesi,"Pietro,",,,,s. Marco,frezzeria,1135.0,,,marco,San Marco,"(12.336131852298161, 45.43431679867485)"
,,,,,Pazienza,"Ballarin; Catterina,",,,,s. Stefano,calle del Cristo,3574.0,,,stefano,San Marco,"(12.332717450593499, 45.43395168217823)"
,,,,,Pellegrini,"Barbara,",,,,s. Marco,calle del Ridotto,1422.0,,,marco,San Marco,"(None, None)"
,,,,,Perissatti,"Giulia,",,,,s. Marco,corte del banchetto,505.0,,,marco,San Marco,"(12.339209045660386, 45.435878742050996)"
,,,,,Peschiutta,"Giovanni,",,,,s. Marco,calle dei fabbri,909.0,,,marco,San Marco,"(12.337343386170518, 45.434785142901916)"
,,,,,Raffaré,Lorenzo,,,,s.M. Gloriosa dei Frari,calle nomboli,2795.0,,,maria gloriosa dei frari,San Polo,"(None, None)"
,,,,,Rinaldi,"Antonia,",,,,s. Marco,calle larga,281.0,,,marco,San Marco,"(None, None)"
,,,,,Rizzetto; Cognato," Giovanni,",,,d.,ss. Gio. e Paolo,barbaria delle tavole,6438.0,,,giovanni e paolo,Castello,"(12.343871899266569, 45.43847265698281)"
,,,,,Romanato,"Menetto,",,,,s. M. Formosa,in campo,5857.0,,,maria formosa,Castello,"(12.340454394791486, 45.43757687727514)"
,,,,,Rondina,"Pascoli; Maria,",,,,s. Gio. in Bragora,sottop. del Cristo,3989.0,,,giovanni in bragora,Castello,"(12.347843292282159, 45.4342471859402)"
,,,,,Rossetto,"Antonio,",,,,s. Stefano,calle del stampator,3028.0,,,stefano,San Marco,"(12.328999576732288, 45.433164404759985)"
,,,,,Rossini,"Carlotta,",,,,s. Cassiano,corte del Tintor,2112.0,,,cassiano,Santa Croce,"(12.33049156935583, 45.440239656452796)"
,,,,,Rovere,"Anna,",,,,s. Marco,calle del Cason,1198.0,,,marco,San Marco,"(12.33673326616693, 45.4342769541377)"
,,,,,Salvi,"Catterina,",,,,s. Zaccaria,calle Castagna,4762.0,,,zaccaria,Castello,"(12.342118355251493, 45.43604132705082)"
,,,,,Santin,"Maria,",,,,s. M. del Carmine,Ramo II Cappello,2297.0,,,maria dei carmini,Dorsoduro,"(None, None)"
,,,,,Scalabrin,"Santurini; Anna,",,,,s. Salvatore,calle dei bombaseri,5069.0,,,salvador,San Marco,"(12.336170860161955, 45.437274815818284)"
,,,,,Scarpa,"Giovanna,",,,,s. Geremia,calle Priuli,92.0,,,geremia,Cannaregio,"(12.320865995273369, 45.44263233157584)"
,,,,,Scarpa,"Vincenzo,",,,,s. Ermag. e Fort.,calle Vendramin,2072.0,,,ermargora e fortunato,NO MATCH,"(None, None)"
,,,,,Scola,"Luigi,",,,,s. M. del Giglio,calle della Madonna,3652.0,,,maria del giglio,San Marco,"(12.332806900346561, 45.43477503022401)"
,,,,,Seltrae,"Virginia,",,,,s. Luca,calle mettivia,4512.0,,,luca,San Marco,"(12.335721973514957, 45.435577838883276)"
,,,,,Seselin,"Catterina,",,,,s. Zaccaria,calle del figher,4379.0,,,zaccaria,Castello,"(12.341693941484245, 45.43548733105665)"
,,,,,Serragio,"Bertiato; Angela,",,,,s. Marco,calle del Cristo,2051.0,,,marco,San Marco,"(12.3345238108023, 45.43327286338463)"
,,,,,Simonetti,"Orsola,",,,,s. Luca,in campo,4557.0,,,luca,San Marco,"(12.335477551862795, 45.435851185996825)"
,,,,,Slavonovich,"Anna,",,,,s. Marco,piscina frezzeria,1667.0,,,marco,San Marco,"(12.335560981224017, 45.43411790119186)"
148,,,,,,,,,,,,,,,,,"(None, None)"
,,,,,Sopelsa,"Triaca; Maria,",,,,s. M. del Giglio,ponte dietro il teatro,2568.0,,,maria del giglio,San Marco,"(12.332561288846959, 45.43325412723686)"
,,,,,Spaletta,"Maria,",,,,s. Luca,corte Tron,3950.0,,,luca,San Marco,"(12.332534786126725, 45.43572551510552)"
,,,,,Stivanello,"Corinno; Chiara,",,,,s. Salvatore,calle di mezzo,4988.0,,,salvador,San Marco,"(12.33739045966558, 45.43662591083268)"
,,,,,Suine,"Parolin; Francesca,",,,,s. Luca,corte Campana,4497.0,,,luca,San Marco,"(None, None)"
,,,,,Targhetta,"Filinich; Teresa,",,,,s. Zaccaria,a ss. Filippo e Giac.,4507.0,,,zaccaria,Castello,"(12.341693579493663, 45.435227875539134)"
,,,,,Tiretta,"Marianna,",,,,s. Marco,piscina di frezzeria,1665.0,,,marco,San Marco,"(12.335381160832682, 45.4340948863637)"
,,,,,Toffoletti; De Bernardo," Maria,",,,,s. Salv.,calle dei bombaseri,5091.0,,,salvador,San Marco,"(12.33636995539843, 45.43732528592017)"
,,,,,Toffoli,Angelo,,,,s. Simeon Prof. ,Gallion,1126.0,,,simeon profeta,Santa Croce,"(12.325641169822891, 45.44071579873338)"
,,,,,Trevisan,Giacomo,,,,s. Marco,calle dell’Angelo,399.0,,,marco,San Marco,"(12.339983579110385, 45.43568018510981)"
,,,,,Valani,"Fabruzzi; Angela,",,,,s. Marziale,corte nova,3034.0,,,marziale,Cannaregio,"(12.324952284324768, 45.44666908793074)"
,,,,,Vianello,Angela,,,,s. Salvatore,calle Galeazza,5271.0,,,salvador,San Marco,"(12.337283466239873, 45.43729557155014)"
,,,,,Vianello,Luigi,,,,s. Luca,campo s. Benedetto,3967.0,,,luca,San Marco,"(12.332520624841374, 45.43549878851337)"
,,,,,Vianello,"Luigia,",,,,s. M. del Giglio,in campo,2467.0,,,maria del giglio,San Marco,"(12.333069157054958, 45.43174161437826)"
,,,,,Vianello,"Spiridione,",,,,s. Gio. in Bragora,riva degli Schiavoni,4146.0,,,giovanni in bragora,Castello,"(12.345559701132837, 45.43399273616934)"
,,,,,Viselich,"Masotto; Maria,",,,,s. Francesco della Vigna,salizzada delle gatte,3195.0,,,francesco della vigna,Castello,"(12.347586506179637, 45.43662295618129)"
,,,,,Zaghellin,"Catterina,",,,,s. Stefano,corte del Duca,3050.0,,,stefano,San Marco,"(12.328259841320243, 45.43276771863273)"
,,,,,Zane,"Giovanna,",,,,s. Luca,ramo corte dei Santi,3731.0,,,luca,San Marco,"(12.332765193595453, 45.434826525756414)"
,,,,,Zanon,"Osualdo,",,,,s. Silvestro,campiello del Gambaro,538.0,,,silvestro,San Polo,"(12.334916139996423, 45.438105057473855)"
,,,,,Zanon,"Santa,",,,,s. Luca,sottop. e corte Dandolo,4618.0,,,luca,San Marco,"(12.33460969802327, 45.43630721569536)"
,,,,,Zecchini,"Antonio,",,,,s. Cassiano,ponte dell’agnello,2158.0,,,cassiano,Santa Croce,"(12.330148065491107, 45.439211387217455)"
,,,,,Zennaro,"Angela,",,,,s. Luca,corte del forno,4320.0,,,luca,San Marco,"(12.334849577394204, 45.43502782054314)"
,,,,,Zennaro,"Giuseppe,",,,,ss. Ermag. e Fort.,calle colonna,1653.0,,,ermargora e fortunato,NO MATCH,"(None, None)"
,,,,,Zilli,"Maria; Domenica,",,,,s. Luca,calle delle schiavine,4790.0,,,luca,San Marco,"(12.334944616581181, 45.43699786306219)"
,,,,,Zorzi,"Bulgari; Luigia,",,,,s. Marco,"corte Is, Zorzi",1172.0,,,marco,San Marco,"(None, None)"
,,AMIDO (fabbricatori di),,,,,,,,,,,,,,,"(None, None)"
,,,,,Barbaro,"Agostino,",,,,s. Nicola da Tolentino,fond. Rizzi,318.0,,,nicola da tolentino,Santa Croce,"(12.318349460635913, 45.43521423051512)"
,,,,,Busetto,"Sante,",,,detto Fisola,s. Nicola da Tolentino,fondamenta del gaffaro,3539.0,,,nicola da tolentino,Santa Croce,"(None, None)"
,,,,,Gnignati,"Giacomo,",,,,s. Geremia,calle s. Giovanni,1075.0,,,geremia,Cannaregio,"(12.324188309449589, 45.445516115327706)"
,,,,,Tosi,"Pietro,",,,,s. Marziale,fond. della Madonna dell’ Orto,3458.0,,,marziale,Cannaregio,"(12.330165197040621, 45.44677959955143)"
,,"ANIMALI BOVINI, PECORINI, CAVALLINI ECC. (introduttori di)",,,,,,,,,,,,,,,"(None, None)"
,,,,,Colleoni,"Domenico,",,,d. Testa di secchio,s. Geremia,fondamenta dei sabbioni,150.0,,,geremia,Cannaregio,"(12.323267464468076, 45.442020936018764)"
149,,,,,,,,,,,,,,,,,"(None, None)"
,,,,,Galizzi,"Francesco,",,,,s. Silvestro,rugaglegli spezieri,380.0,,,silvestro,San Polo,"(12.334274630326792, 45.439118156876276)"
,,,,,Girardini,"Gio.; Battista,",,,,s. Geremia,calle Sendon,515.0,,,geremia,Cannaregio,"(12.322335661667537, 45.444667336723185)"
,,,,,Peltrera; Scala,Pietro; Antonio,,,detto Scala,s.Canciano,salizz. s. Gio. Grisostomo,5719.0,,,canciano,Cannaregio,"(12.33703640874911, 45.439324036449186)"
,,,,,Piacentini,Giorgio,,,detto Zemello,s. Geremia,fondamenta penitenti,948.0,,,geremia,Cannaregio,"(12.320982820057155, 45.445653090197176)"
,,,,,Polidoro,"Pietro,",,,,s. M. Gloriosa dei Frari,ponte parrucchetta s. Agostino,2281.0,,,maria gloriosa dei frari,San Polo,"(12.328206616465183, 45.4392225951638)"
,,ANTICHITA’ OGGETTI DI,,"(Vedi stampe incise, quadri, ed oggetti di belle arti ed antichitd).",,,,,,,,,,,,,"(None, None)"
,,ARGENTIERI.,,(Vedi orefici),,,,,,,,,,,,,"(None, None)"
,,ARMAJUOLI.,,,,,,,,,,,,,,,"(None, None)"
,,,,,Ceroni,"Federico,",,,,s. M. Formosa,calle del pistor,5632.0,,,maria formosa,Castello,"(12.338294128647702, 45.437767502799005)"
,,,,,Coda,"Giovanni,",,,,"s, Stefano",salizzada s. Samuele,3359.0,,,stefano,San Marco,"(12.329640174033228, 45.434366948958704)"
,,,,,Daldin,"Giuseppe,",,,,s. Gio. in Bragora,campo s. Antonino,3495.0,,,giovanni in bragora,Castello,"(12.346622457795027, 45.435461464737855)"
,,,,,Fazzini,Girolamo,,,comp.,s. M. Formosa,calle della guerra,5357.0,,,maria formosa,Castello,"(12.339486821590762, 45.43642115693603)"
,,,,,Galli,Angelo,,,,s. Salvatore,sottoport. del pirietta,5302.0,,,salvador,San Marco,"(12.337224878307225, 45.43753041940266)"
,,,,,Scarabelli,"Giuseppe,",,,,s. Felice,calle dell’oca,4427.0,,,felice,Cannaregio,"(12.336124439424575, 45.44077017916675)"
,,,,,Vorano,"Ignazio,",,,,s. Stefano,in campo,2778.0,,,stefano,San Marco,"(12.330811650866218, 45.43336710396237)"
,,ARROTINI.,,,,,,,,,,,,,,,"(None, None)"
,,,,,Dal Biasio,"Alessandro,",,,,ss. Ermagora e Fortunato,camp. dell’ Anconetia,1973.0,,,ermargora e fortunato,NO MATCH,"(None, None)"
,,,,,Daldin,"Carlo,",,,,s. Silvestro,rughetta dell’olio,1063.0,,,silvestro,San Polo,"(12.332731057172936, 45.437866201620864)"
,,,,,Daldin,"Francesco,",,,,s. Canciano,calle Dolfin,5677.0,,,canciano,Cannaregio,"(12.337015914604327, 45.43965910048699)"
,,,,,De Biasio,"Gio.; Battista,",,,,s. M. del Giglio,calle lunga s. Moisé,2103.0,,,maria del giglio,San Marco,"(12.3350443379437, 45.43295662579937)"
150,,,,,,,,,,,,,,,,,"(None, None)"
,,,,,Fabruzzo,"Tomaso,",,,,s. Cassiano,cAlle del cappeller,1591.0,,,cassiano,Santa Croce,"(12.328055638202137, 45.44000679321239)"
,,,,,Fazzini,Girolamo; Paolo,Comp.,,rapp. da,s.M. Formosa,calle della guerra,5357.0,,,maria formosa,Castello,"(12.339486821590762, 45.43642115693603)"
,,,,,Franceschetti,"Giuseppe,",,,,s. Felice,campo s. Sofia,4207.0,,,felice,Cannaregio,"(12.334915421364794, 45.440763613671855)"
,,,,,Franceschini,"Pietro,",,,,"ss, Apostoli",in campo,4454.0,,,apostoli,Cannaregio,"(12.336615752260082, 45.44015701807335)"
,,,,,Garlato,Giovanni,,,,s. M. Gloriosa dei Frari,in campo,3010.0,,,maria gloriosa dei frari,San Polo,"(12.326690383956555, 45.43671666145742)"
,,,,,Sloffi,"Vittorio,",,,,s. Zaccaria,rugagiuffa s. Apollonia,4316.0,,,zaccaria,Castello,"(12.340792834956822, 45.43503392770303)"
,,,,,Sonego,"Giuseppe,",,,,ss. Ermagora e Fortunato,calle dell’Aseo,1862.0,,,ermargora e fortunato,NO MATCH,"(None, None)"
,,,,,Tasselli,"Giuseppe,",,,,s. Pietro di Castello,via nuova dei giardini,1386.0,,,pietro di castello,Castello,"(12.353717853566227, 45.432305508339944)"
,,,,,Vorano,Ignazio,,,,s.Stefano,in campo,2778.0,,,stefano,San Marco,"(12.330811650866218, 45.43336710396237)"
,,ASFALTO.,,,,,,,,,,,,,,,"(None, None)"
,,,,,Schulze,Guglielmo,,,"rappresentante I'L R. Privilegiato Stabilimento Adriatico del barone 8. M. di Rotschild di Vienna,",s. Eufemia,alla Giudecca campo s. Giacomo,204.0,,,eufemia,Dorsoduro,"(12.33269271524744, 45.430391535070406)"
,,"ASTUCCI, CORNICI E LAVORI IN CARTA.",,,,,,,,,,,,,,,"(None, None)"
,,,,,Besozzi,"Ercole,",,,,s. Salvatore,calle del lovo,4815.0,,,salvador,San Marco,"(12.335940096475996, 45.436701914002114)"
,,,,,Celotti,"Giuseppe,",,,,s. Marco,ponte dei dai,381.0,,,marco,San Marco,"(12.340309398767163, 45.43537281385725)"
,,,,,Delise,"Alvise,",,,,s. Marco,spaderia,672.0,,,marco,San Marco,"(12.338816675276519, 45.43547559238479)"
,,,,,Gastaldo,"Pietro,",,,,s. Marco,calle dei specchieri,422.0,,,marco,San Marco,"(12.33946583777419, 45.43560259349934)"
,,,,,Isalberti,"Giuseppe,",,,,s. M. Formosa,calle della guerra,5372.0,,,maria formosa,Castello,"(12.339540933397773, 45.43647656878689)"
,,,,,Mesnil,"Pietro,",,,fabb. cornici,s.Canciano,rioterra birri ramo H Bon,5375.0,,,canciano,Cannaregio,"(12.340171917464204, 45.44071684783226)"
,,,,,Zambelli,"Angelo,",,,,s. Marco,calle fiubera,946.0,,,marco,San Marco,"(12.337609082529362, 45.435209074726245)"
,,BAGNI.,,,,,,,,,,,,,,,"(None, None)"
,,,,proprietario dello stabilimento di bagni di mare a,Busetto; Fisola," Giovanni,",,,d.,s. M. Elisabetta di Lido.,,,,,m elisabetta di lido,NO MATCH,"(None, None)"
,,,,"bagni galleggianti e -funghi termali,",Chitarin,"Lorenzo,",,,,s. Cassiano,calle della Regina,4211.0,,,cassiano,Santa Croce,"(None, None)"
,,,,,Chitarin,"Lorenzo,",,,,s. M. del Rosario,Abbazia s Gregorio,173.0,,,madonna del rosario,Dorsoduro,"(12.33356393408419, 45.43074277726411)"
,,,,,Chitarin,"Lorenzo,",,,,s. Stefano,calle Grassi s. Samuele,3244.0,,,stefano,San Marco,"(12.327840854089674, 45.43405087085876)"
,,,,bagni dolci e salsi,Fumiani,"Francesco,",,,dottor,s. Luca,calle Benzon s. Benedetto,3239.0,,,luca,San Marco,"(12.33328793347714, 45.433311823547676)"
151,,,,,,,,,,,,,,,,,"(None, None)"
,,,,"bagni‘dolci e salsi, all’albergo U halia:",Guidetti,"Francesco,",,,,s. Marco,calle Barozzi,1449.0,,,marco,San Marco,"(None, None)"
,,,,bagni dolci e salsi,Grasso,"Elisabetta,",,,,s. Marco,calle del traghetto della Salute,2214.0,,,marco,San Marco,"(12.33474574419939, 45.432643914708045)"
,,,,bagni dolci e salsi all’ albergo la Luna,"Rima,; Ruol"," Bortolammeo,",,,,s. Marco,all’Ascensione,1243.0,,,marco,San Marco,"(12.33723722199838, 45.43309712057428)"
,,BANCHIERI.,,,,,,,,,,,,,,,"(None, None)"
,,,,,Becker,"Edoardo,",,,,s. M. del Giglio,piscina s. Moisé,2055.0,,,maria del giglio,San Marco,"(12.334794247801751, 45.4334127349228)"
,,,,,"Coen; Coen; Coen,",Marco; Angelo; Cesare,,,,s. Marco,calle del ponte dell’Angelo,403.0,,,marco,San Marco,"(12.339970631522718, 45.43561839681218)"
,,,,,Errera; Errera; Errera,"Abram,,; Benedetto.; David",,,rapp. da Abram,ss. Apostoli,calle della pegola,4280.0,,,apostoli,Cannaregio,"(12.334810269053255, 45.44038547253792)"
,,,,,Föhr,"Leonardo,",,,,s. Marco,calle del carro,1630.0,,,marco,San Marco,"(12.335397688970444, 45.43382657995179)"
,,,,,Levi,Jacob,figli,,"rapp. da Angelo Levi, da Angelo’di A.",s. M. Formosa,casselleria,5314.0,,,maria formosa,Castello,"(12.339815944248247, 45.43611979621064)"
,,,"Stabilimento Mercantile di Venezia,",,Ivancich; Karrer;Levi,"Luigi,; Giovanni,; Lattis; Aronne;Angelo,",,,"rapp. da Errera Abram,",s. Marco,calle lunga ponte dei consorzi,4391.0,,,marco,San Marco,"(12.335517742822953, 45.43516786491917)"
,,,,,Schiellin; Luschka,"Giacomo; Carlo,",fratelli,,rapp.da Schiellin,s. M. Formosa,ramo va in campo,5850.0,,,maria formosa,Castello,"(12.340457562283113, 45.43731502987506)"
,,,,,Todros,Elia,comp.,,"rapp. da Todros Elia,",s. Marco,campo Barozzi s. Moisé,2155.0,,,marco,San Marco,"(12.335565424784416, 45.432507847697316)"
,,,,,Treves,"Giacomo,",,,,s. Marco,campo Barozzi,2156.0,,,marco,San Marco,"(12.335615539339715, 45.4323624769235)"
,,,,,Visentini; Binetti,"Marco; Giuseppe,s.",e pp.,,"rapp. da Paulovich Giovanni,",Marco,calle di mezzo s. Giuliano,232.0,,,marco,San Marco,"(12.338450609639095, 45.435577647847644)"
,,BATTILORO,,,,,,,,,,,,,,,"(None, None)"
,,,,,Hussack,Giovanni;Nepomuceneo,,,,s.M. Formosa,calle delle bande,5346.0,,,maria formosa,Castello,"(12.339804981023818, 45.436544949368894)"
152,,,,,,,,,,,,,,,,,"(None, None)"
,,,,,Massaggia,Domenico,,,"rapp. da Bussolin David,",s. M. Formosa,salizz. 8s. Lio,5472.0,,,maria formosa,Castello,"(12.339207380622952, 45.43724102931508)"
,,BAULI.,,Vedi Valigie,,,,,,,,,,,,,"(None, None)"
,,BELLE ARTI,,Vedi stampe ec.,,,,,,,,,,,,,"(None, None)"
,,BERRETTE E BERRETTONI.,,(fabbricatori e venditori di),,,,,,,,,,,,,"(None, None)"
,,,,"fabb. e vend. berr. ed articoli militari,",Baldo,"Francesco,",,,,s. Gio. in Bragora,riva degli schiavoni,4129.0,,,giovanni in bragora,Castello,"(12.34683531985979, 45.43387037145006)"
,,,,vend. berr. ed articoli militari,Bau,"Giuseppe,",,,,s. Salvatore,in merceria,5036.0,,,salvador,San Marco,"(12.336468881038943, 45.43709043405067)"
,,,,"berr. di lana,",Brotto,Antonio,,,"rapp. da Albanese Marco,",s. Zaccaria,in campo,4683.0,,,zaccaria,Castello,"(12.34289531135652, 45.43478612642419)"
,,,,vend. berrettoni,Cerchi,"Angelo,",,,,s. Salvatore,merceria,4920.0,,,salvador,San Marco,"(12.337222053997916, 45.43637115771355)"
,,,,berr. di lana,Cini,Francesco; Erede; Tarma,,,,s. Giacomo dall’ Orio.,corte Giovanelli,1681.0,,,giacomo dall'orio,Santa Croce,"(12.327617869407394, 45.442008488069106)"
,,,,vend. berrettoni,Dal Zotto,"Elisabetta,",,,,s. Marco,merceria s. Giuliano,709.0,,,marco,San Marco,"(12.33802568969914, 45.435909202374184)"
,,,,berr. dilana,Gasparotti,"Michiele,",,,,s. Zaccaria,in campo,4683.0,,,zaccaria,Castello,"(12.34289531135652, 45.43478612642419)"
,,,,vend. berrettoni,Luzzato,"Moisé,",,,,s. Canciano,calle dolfin,5672.0,,,canciano,Cannaregio,"(12.336837488365987, 45.4397032666003)"
,,,,berrdi lana,Marcon,"Gio.; Battista; Battista,",,,,s. Cassiano,calle della Regina,2261.0,,,cassiano,Santa Croce,"(12.33125678374622, 45.43988372596504)"
,,,,vend. berrettoni,Massari,"Francesco,",,,,s. Salvatore,merceria,5023.0,,,salvador,San Marco,"(12.336819357084167, 45.436855135651264)"
,,,,fabb. e vendita berrettoni,Novello,"Antonio,",,,,s. Salvatore,merceria,4832.0,,,salvador,San Marco,"(12.33647753001196, 45.43691523989765)"
,,,,vend. berrettoni,Riva; Pasquali," Maria,",,,,s. Marco,spaderia,670.0,,,marco,San Marco,"(12.33887069848976, 45.43543061931439)"
,,BIBLIOTECA CIRCOLANTE.,,,,,,,,,,,,,,,"(None, None)"
,,,,,Münster,"Ermanno; Federico,",,,,s. Marco,procuratie nuove,72.0,,,marco,San Marco,"(12.33710293533707, 45.43355274896968)"
,,,,,Münster,"Ermanno; Federico,",,,,s. Marco,procuratie nuove,73.0,,,marco,San Marco,"(None, None)"
,,,,,Münster,"Ermanno; Federico,",,,,s. Marco,procuratie nuove,74.0,,,marco,San Marco,"(None, None)"
153,,,,,,,,,,,,,,,,,"(None, None)"
,,"BILANCIE, STADERE, PESI E MISURE.",,(fabbricatosi e venditori di),,,,,,,,,,,,,"(None, None)"
,,,,,Bettinelli,"Maria,",,,,s. Silvestro,riva del vin,734.0,,,silvestro,San Polo,"(12.334879860062973, 45.437711057123735)"
,,,,,Bonadei,Francesco,,,"detto Longo,",ss. Gio e Paolo,in campo,6807.0,,,giovanni e paolo,Castello,"(12.341568482654964, 45.43899259882921)"
,,,,,Giura,"Antonio,",,,,s. Canciano,calle nuova,5257.0,,,canciano,Cannaregio,"(12.33930205509293, 45.44192644952761)"
,,,,,Molinari,"Pietro,",,,,s. Salvatore,ponte di rialto,5338.0,,,salvador,San Marco,"(12.336354372277661, 45.43806970520184)"
,,,,,Rigatti,"Luigi,",,,,s. Zaccaria,riva degli schiavoni,4182.0,,,zaccaria,Castello,"(12.343089195687007, 45.43406187023516)"
,,,,,Spinelli,"Bonadei; Angela,",,,,s. Marziale,fondamenta della Misericordia,3590.0,,,marziale,Cannaregio,"(12.33400684455999, 45.44390999870008)"
,,,,,Valerio,"Pietro,",,,,s. Luca,calle dei fabbri,4715.0,,,luca,San Marco,"(12.335984816013818, 45.435926338625904)"
,,,,,Zoppi,"Luigi,",,,,s. Zaccaria,ponte s. Provolo,4517.0,,,zaccaria,Castello,"(12.3419530841517, 45.43503304072389)"
,,BIRRA.,,(fabbricatori e venditori di),,,,,,,,,,,,,"(None, None)"
,,,,vend.,Anseau,"Giuseppina,",,,,s. Marco,ealle fiubera,950.0,,,marco,San Marco,"(None, None)"
,,,,fabb.,Brauer,"Giovanni,",,,,s. M. del Carmine,calle lunga,2631.0,,,maria dei carmini,Dorsoduro,"(12.322098375216353, 45.43243231887044)"
,,,,fabb. e vend.,Chiesura,Alessandro,"comp.,",,"rapp. da Chiesura Alessandro,",s. M. del Rosario,calle della chiesa,908.0,,,madonna del rosario,Dorsoduro,"(12.328625317649735, 45.42963197459782)"
,,,,vend.,"Console; Maura,","Florio,; Battista; Luigi",,,rapp. da Gio.,s. M. del Giglio,campo s. Angelo,3584.0,,,maria del giglio,San Marco,"(12.332318627921415, 45.4342493570213)"
,,,,vend.,Fuchs,"Giuseppe,",,,,s. Pietro,fond. s. Gioachino,489.0,,,pietro,Castello,"(12.356879523668683, 45.4326174370299)"
,,,,vend.,Meduni,"Bertoli; Angela,",,,,s. Marco,salizzada s. Moisé,1473.0,,,marco,San Marco,"(12.336075437461963, 45.43328225739467)"
,,,,fabb. e vend.,Maura,"Gio.; Battista,",,,,s. M. Gloriosa dei Frari,campo s. Polo,2168.0,,,maria gloriosa dei frari,San Polo,"(12.329740160850621, 45.438183819997796)"
,,,,fabb. e vend.,Missiaglia,Antonio,,,,s. Nicola da Tolentino,fond. s. Chiara,519.0,,,nicola da tolentino,Santa Croce,"(12.318539751770098, 45.43888671417838)"
,,,,vend.,Zanchi,"Francesco,",,,,s. Gio. in Bragora,"salizz. s, Antonino",3489.0,,,giovanni in bragora,Castello,"(12.346810366874378, 45.435118241182586)"
,,BOTTAI E MASTELLAI.,,,,,,,,,,,,,,,"(None, None)"
,,,,,Acerbi,"Sora; Tommaso,",,,,s. Cassiano,calle dei botteri,1620.0,,,cassiano,Santa Croce,"(12.328134886092911, 45.4401755129799)"
,,,,,Avon,"Antonio,",,,,"s, M. Mater Domini",in campo,2177.0,,,maria mater domini,Santa Croce,"(12.330593483182438, 45.439721567905764)"
,,,,,Avon,"Matteo,",,,,s. Cassiano,campo del forner,1738.0,,,cassiano,Santa Croce,"(None, None)"
,,,,,Barasciutti,Giovanna,,,"ved. Rossetti,",s. Luca,a s. Paternian,4235.0,,,luca,San Marco,"(None, None)"
,,,,,Basso,"Angelo,",,,,"s, Silvestro",calle dei sbianchesini,1154.0,,,silvestro,San Polo,"(12.332527523019793, 45.43754038608778)"
154,,,,,,,,,,,,,,,,,"(None, None)"
,,,,,Battistin,"Giovanni,",,,,s. M. del Carmine,calle lunga,2701.0,,,maria dei carmini,Dorsoduro,"(12.323604743890128, 45.43261342958487)"
,,,,,Bernardi,"Luigi,",,,,ss. Gio. e Paolo,barbaria delle tavole,6443.0,,,giovanni e paolo,Castello,"(12.344079072918024, 45.438548694340476)"
,,,,,Bortoli,"Osvaldo,",,,,s. Gio. in Bragora,salizzada del pignater,3587.0,,,giovanni in bragora,Castello,"(12.347392431929892, 45.43497946033663)"
,,,,,Brejant,"Antonio,",,,,ss. Gio. e Paolo,calle larga Berlendis,6272.0,,,giovanni e paolo,Castello,"(12.342345552242636, 45.43852045507367)"
,,,,,Brustolon,"Valentino,",,,,s. Luca,salizzada della chiesa,4028.0,,,luca,San Marco,"(12.334443424760284, 45.43556109789419)"
,,,,,Cristofoli,"Giuseppe,",,,,s. Felice,calle larga Priuli,3803.0,,,felice,Cannaregio,"(12.334184645368053, 45.441838328234226)"
,,,,,Cristofoli,"Pietro,",,,,ss. Apostoli,rio terra franceschi,4596.0,,,apostoli,Cannaregio,"(12.336521194551123, 45.44137465358915)"
,,,,,De Mattia,Gio.; Battista,,,,s. Felice,calle larga Priuli,3791.0,,,felice,Cannaregio,"(12.334532700265955, 45.442179166184935)"
,,,,,De Petris,"Giacomo,",,,,s. Geremia,calle del botter,287.0,,,geremia,Cannaregio,"(12.324449163421958, 45.443295986796116)"
,,,,,Garlato,"Antonio,",,,,ss. Gio. e Paolo,ramo corte del paludo,6266.0,,,giovanni e paolo,Castello,"(None, None)"
,,,,,Garlato,"Luigi,",,,,s. M. Formosa,ponte del pistor,5645.0,,,maria formosa,Castello,"(12.338386373016766, 45.43800476569392)"
,,,,,Garlato,"Vincenzo,",,,,s. Franc. della Vigna,campo s. Ternita,3659.0,,,francesco della vigna,Castello,"(12.345090828170392, 45.435080065426)"
,,,,,Gotti,"Giuseppe,",,,,s. Silvestro,Casaria,190.0,,,silvestro,San Polo,"(None, None)"
,,n. 172|10,,(vendita cerchi da botte e legno sughero),Gradara,Vincenzo,,,"rapp. da Gradara Luigi,",s.M. del Rosario,san Gregorio abbazia,172.0,,,madonna del rosario,Dorsoduro,"(12.333830836395578, 45.430801166936924)"
,,,,,Luzzi,"Michele,",,,,s. Geremia,sottoportico del Botter,1321.0,,,geremia,Cannaregio,"(None, None)"
,,,,,Marella,"Pietro,",,,,s. Silvestro,calle della Madonna,577.0,,,silvestro,San Polo,"(12.334878960505938, 45.43799157660723)"
,,,,,Mazzorana,"Descovich; Antonia,",,,,s. Martino,camp. Malvasia,2174.0,,,martino,Castello,"(12.34995065239411, 45.43305903295407)"
,,,,,Michielini,"Eugenio,",,,,s. Silvestro,ponte rialto,14.0,,,silvestro,San Polo,"(12.335610482620924, 45.43819110263958)"
,,,,,Mingotto,"Giovanni,",,,,s. M. del Carmine,calle lunga,2701.0,,,maria dei carmini,Dorsoduro,"(12.323604743890128, 45.43261342958487)"
,,,,,Mora; Garlato,"Maria,",,,,ss. Gio. e Paolo,calle squero,6268.0,,,giovanni e paolo,Castello,"(12.342236176766178, 45.438463554075895)"
,,,,,Olivo,"Pietro; Eredi,",,,,s. Cassiano,calle dei botteri,5112.0,,,cassiano,Santa Croce,"(None, None)"
,,,,,Pagnon,"Giacomo,",,,,s. Silvestro,calle del perdon,1324.0,,,silvestro,San Polo,"(12.331788308667806, 45.43761702927909)"
,,,,,Pittao,"Carlo,",,,,s. Pietro,corte tagliacalze,1757.0,,,pietro,Castello,"(12.35203396032364, 45.43250304322815)"
,,,,,Rimerutti,Giovanni,,,,s. M. Gloriosa dei Frari,calle dell’olio,2431.0,,,maria gloriosa dei frari,San Polo,"(12.326274435430616, 45.43873541768797)"
,,,,,Rossetti,"Sebastiano,",,,,s. Canciano,salizzada,5575.0,,,canciano,Cannaregio,"(12.337700503033144, 45.43974473200207)"
,,,,,Topan,"Giacomo,",,,,s. Marziale,fond. Ormesini,2680.0,,,marziale,Cannaregio,"(12.329373781943007, 45.44532456778379)"
,,,,,Vian,"Giovanni,",,,,"s, M. Formosa",calle del mondo nuovo,5815.0,,,maria formosa,Castello,"(12.339876652411933, 45.43695270101921)"
,,,,,Zotti,"Antonio,",,,,s. Cassiano,calle dei botteri,1889.0,,,cassiano,Santa Croce,"(12.328850064578116, 45.43974331557017)"
,,,,,Zucchetta,"Nicolo,",,,,s. Cassiano,fond. olio,1775.0,,,cassiano,Santa Croce,"(12.328752196059016, 45.44097828873426)"
,,BOTTONI.,,,,,,,,,,,,,,,"(None, None)"
,,,,,Benedetti,"Matteo,",,,,s. Luca,calle del lovo,4750.0,,,luca,San Marco,"(12.335597764121394, 45.436439683559044)"
,,BUCATO A VAPORE.,,,,,,,,,,,,,,,"(None, None)"
,,,,,Verdari,"Giacomo,",,,,s. Marziale,fond. dei Riformati,3145.0,,,marziale,Cannaregio,"(12.326791934439932, 45.44779169352911)"
155,,,,,,,,,,,,,,,,,"(None, None)"
,,CAFFETTIERI E BIGLIARDERI.,,,,,,,,,,,,,,,"(None, None)"
,,,,,Abbiatici,"Giuseppe,",,,,s. Silvestro,sottoportici di rialto,72.0,,,silvestro,San Polo,"(12.335345122159007, 45.438358546637154)"
,,,,,Adami,"Andrianna,",,,,s. Pantaleone,erosera,3804.0,,,pantalon,Dorsoduro,"(12.325150271572749, 45.43601930666447)"
,,,,,Albertini,"Maria,",,,,s. Gio. in Bragora,salizzada s. Antonino,3545.0,,,giovanni in bragora,Castello,"(12.347030286154604, 45.43497933665683)"
,,,,,Alcaini,"Catterina,",,,,s. Pietro di Castello,via nuova,1337.0,,,pietro di castello,Castello,"(12.354019962433755, 45.43232474781367)"
,,,,,Allegrini,"Pietro,",,,,s. Gio. e Paolo,salizzada,6823.0,,,giovanni e paolo,Castello,"(12.341189635290721, 45.43908134453905)"
,,,,,Artuso,"Giacomo,",,,,s. Marco,calle fiubera,953.0,,,marco,San Marco,"(12.338006889352116, 45.435353309177614)"
,,,,anche bigliardo.,Baccanello; Baccanello,"Porta; Pietro,",,,"rapp. da Porta Vincenzo,",s. Marco,procuratie vecchie,88.0,,,marco,San Marco,"(12.337305208052097, 45.434066436616426)"
,,,,anche bigliardo.,Baccanello; Baccanello,"Porta; Pietro,",,,"rapp. da Porta Vincenzo,",s. Marco,procuratie vecchie,89.0,,,marco,San Marco,"(12.337337635455539, 45.434080445516486)"
,,,,,Bacolo,"Sante,",,,,"s, Canciano",campiello del Pestrin,5324.0,,,canciano,Cannaregio,"(12.340082098380881, 45.44123970120936)"
,,,,,Baicussi,"Demetrio,",,,,s. M. Gloriosa dei Frari ,s. Polo,2007.0,,,maria gloriosa dei frari,San Polo,"(12.33029323331475, 45.43720311323114)"
,,,,,Baldassini,"Andrea,",,,,s. Felice,calle Ca d’oro,3994.0,,,felice,Cannaregio,"(None, None)"
,,,,,Ballarin,"Giuseppe,",,,,ss. Apostoli,in campo,4439.0,,,apostoli,Cannaregio,"(12.336242827852788, 45.44044501492203)"
,,,,,Balzer,,fratelli.,,,s. Marco,procuratie nuove,66.0,,,marco,San Marco,"(12.337754674475722, 45.43352529973554)"
,,,,,Balzer,,fratelli.,,,s. Marco,procuratie nuove,67.0,,,marco,San Marco,"(12.337717747379713, 45.433515157142075)"
,,,,,Barcassi,"Giorgio,",,,,s. Silvestro,calle della Madonna,1462.0,,,silvestro,San Polo,"(12.330886117998194, 45.437191805016376)"
,,,,,Bedeschi,"Andrea,",,,,s. Silvestro,riva del vin,731.0,,,silvestro,San Polo,"(12.334997788778683, 45.437782459348526)"
,,,,,Bellini,"Giovanni,",,,,s. Luca,calle dei Fuseri,4268.0,,,luca,San Marco,"(12.335251841071782, 45.43567665612115)"
,,,,,Belzini,"Paolo,",,,,s. Gio. in Bragora,ponte del sepolcro,4148.0,,,giovanni in bragora,Castello,"(12.345231999877498, 45.434015499502976)"
,,,,,Berri,Bernardo,"fratelli,",,"rapp. da Berri Bernardo,",ss. Ermagora e Fortunato,rio terra della Maddalena,2104.0,,,ermargora e fortunato,NO MATCH,"(None, None)"
,,,,,Berri,Bernardo,"fratelli,",,"rapp. da Berri Bernardo,",ss. Ermagora e Fortunato,rio terra della Maddalena,2105.0,,,ermargora e fortunato,NO MATCH,"(None, None)"
,,,,,Bertoletti,"Catterina,",,,,ss. Ermagora e Fortunato,s. Fosca,2304.0,,,ermargora e fortunato,NO MATCH,"(None, None)"
,,,,,Bertolini,"Giovanni,",,,,s. Salvatore,riva del ferro,5119.0,,,salvador,San Marco,"(12.335585667358204, 45.43736427633994)"
,,,,,Binetti,Angelo,,,"rapp. da Bertini Gregorio,",s. Marco,salizzada s. Moisè,1474.0,,,marco,San Marco,"(12.336146087182525, 45.43329062183597)"
,,,,,Bolla,"Antonio,",,,,s. Zaccaria,riva dei schiavoni,4175.0,,,zaccaria,Castello,"(12.34338860701732, 45.43407600811097)"
,,,,,Bolla,"Antonio,",,,,s. Zaccaria,riva dei schiavoni,4176.0,,,zaccaria,Castello,"(12.343366666868947, 45.43407458664256)"
,,,,,Bon,"Domenico,",,,,s. Giacomo dall’ orio,calle della chiesa,2119.0,,,giacomo dall'orio,Santa Croce,"(12.330329963066516, 45.4398493981602)"
,,,,,Bragadin,"Girolamo,",,,,s. M. del Rosario,fond. degli incurabili,561.0,,,madonna del rosario,Dorsoduro,"(12.329876835975714, 45.42867805104036)"
,,,,,Brenn,"Giuseppe,",,,,s. Gio. in Bragora,salizzada s. Antonino,3452.0,,,giovanni in bragora,Castello,"(12.345427446761477, 45.435596321214646)"
,,,,,Bresovich,Anna,,,"fa Martino,",s. Marco,calle del ridotto,1357.0,,,marco,San Marco,"(None, None)"
,,,,,Bressan,"Giacomo,",,,,s. Marco,campiello del piovan s. Giuliano,594.0,,,marco,San Marco,"(12.33845081444814, 45.436007774325816)"
,,,,,Bressan,"Giacomo,",,,,s. Marco,campiello del piovan s. Giuliano,598.0,,,marco,San Marco,"(12.338342879684516, 45.43603211388912)"
,,,,anche bigliardo,Brigiacco,"Cristoforo,",,,,s. Zaccaria,riva dei schiavoni,4201.0,,,zaccaria,Castello,"(None, None)"
,,,,anche bigliardo,Brigiacco,"Cristoforo,",,,,s. Zaccaria,riva dei schiavoni,4202.0,,,zaccaria,Castello,"(None, None)"
,,,,,Brocchi,"Aganippo,",,,,s. Felice,calle del pistor,3877.0,,,felice,Cannaregio,"(12.334227261585783, 45.44154579460562)"
,,,,,Bullo,"Giacomo,",,,,s. Gio. in Bragora,riva degli schiavoni,4132.0,,,giovanni in bragora,Castello,"(12.34668036592866, 45.43388816768581)"
,,,,,Buna,"Veronica,",,,,"s, Pantaleone",crosera,3854.0,,,pantalon,Dorsoduro,"(12.326065160421072, 45.435599612916526)"
,,,,,Cadel,"Angelo,",,,,s. Salvatore,fondaco tedeschi,5360.0,,,salvador,San Marco,"(12.336502415709504, 45.438066816809965)"
,,,,,Cadel,"Angelo,",,,,s. Salvatore,fondaco tedeschi,5361.0,,,salvador,San Marco,"(12.33656776676146, 45.43805579863543)"
,,,,,Cadel,"Antonio,",,,,s. Marco,ponte dei dai,159.0,,,marco,San Marco,"(12.338263749879433, 45.43460656344141)"
,,,,,Campanato,"Francesco,",,,,s. M. Gloriosa dei Frari,calle Dolfin,3006.0,,,maria gloriosa dei frari,San Polo,"(12.326761612598784, 45.436796099199114)"
156,,,,,,,,,,,,,,,,,"(None, None)"
,,,,,Capello,"Sante,",,,,s. Pietro,ai pubblici giardini,,,,pietro,Castello,"(None, None)"
,,,,,Carli,Andrea,,,"rapp. da Perini Giuseppe,",s. Salvatore,campo s. Bartolammeo,5312.0,,,salvador,San Marco,"(None, None)"
,,,,,Carli,Andrea,,,,s. Gio. Grisostomo,salizzada,5718.0,,,giovanni grisostomo,Cannaregio,"(12.336973489374197, 45.439368142950556)"
,,,,,Carli,"Carolina,",,,,s. Pietro,ruga stretta,125.0,,,pietro,Castello,"(12.357158433712527, 45.43412182902887)"
,,,,,Caroncini,"Cesare,",,,,s. Marco,calle dei specchieri,475.0,,,marco,San Marco,"(12.338891390293997, 45.43580820221067)"
,,,,,Caroncini,"Cesare,",,,,s. Marco,calle dei specchieri,476.0,,,marco,San Marco,"(12.338871332486782, 45.43582171460417)"
,,,,,Carraro,"Francesco,",,,,ss. Gervasio e Prot.,calle della taoletta,1187.0,,,gervasio e protasio,Cannaregio,"(12.326043980121598, 45.44516929109919)"
,,,,,Casaletti,"Vincenzo,",,,,s. M. Formosa,eampo s. Marina,6097.0,,,maria formosa,Castello,"(12.339603611436244, 45.43840566429185)"
,,,,,Caser,"Angelo,",,,,s. Silvestro,campo della bella Vienna,222.0,,,silvestro,San Polo,"(12.334800814864268, 45.439159973194116)"
,,,,,Cattaneo,"Carlo,",,,,s. Marco,frezzeria,4735.0,,,marco,San Marco,"(12.33582326580233, 45.43627535730735)"
,,,,,Catullo,"Giacomo,",,,,s. Salvatore,calle dei stagneri,5138.0,,,salvador,San Marco,"(None, None)"
,,,,,Cavagnis,"Maria,",,,,s. Geremia,fondamenta Savorg,407.0,,,geremia,Cannaregio,"(12.324078486279937, 45.444265762796284)"
,,,,,Cavazzon,"Giuseppe,",,,,s. M. Gloriosa dei Frari,salizz.s Polo,2103.0,,,maria gloriosa dei frari,San Polo,"(12.32924847668699, 45.43697607033914)"
,,,,,Celich,"Maria,",,,,s. Pietro,fondamenta s. Anna,1929.0,,,pietro,Castello,"(12.353974907310898, 45.432768297001324)"
,,,,,Cerutti,"Giuseppe,",,,,s. Zaccaria,riva degli schiavoni,4126.0,,,zaccaria,Castello,"(12.346959225015501, 45.43385635504591)"
,,,,,Ceselin,"Francesca,",,,,s. Marco,procuratie nuove,9.0,,,marco,San Marco,"(12.339378541765726, 45.43345429045057)"
,,,,,Checchia,"Domenico,",,,,s. Marco,calle dei pignoli,771.0,,,marco,San Marco,"(None, None)"
,,,,,Chiesura,"Lorenzo,",,,,s. Felice,in campo,3648.0,,,felice,Cannaregio,"(None, None)"
,,,,(anche bigliardo).,Chiodi,"Maretto; Angela,",,,,s. Salvatore,calle dei fabbri,4673.0,,,salvador,San Marco,"(12.336031226732256, 45.43583968165498)"
,,,,(anche bigliardo).,Chiodi,"Maretto; Angela,",,,,s. Luca,salizzada,4214.0,,,luca,San Marco,"(None, None)"
,,,,(anche bigliardo).,Chiodi,"Maretto; Angela,",,,,s. Luca,campo s. Angelo,3585.0,,,luca,San Marco,"(12.332660802630643, 45.43429669005036)"
,,,,,Cipollato,Antonio,,,"ed Osvaldo,",ss. Apostoli,in campo,4551.0,,,apostoli,Cannaregio,"(12.33651001748949, 45.44082212527568)"
,,,,,Cocon,"Anna,",,,,s. Eufemia,fondamenta della croce,71.0,,,eufemia,Dorsoduro,"(12.333677225897887, 45.42945716575568)"
,,,,"anche bigliardo,",Colleoni,"Antonio,",,,,ss. Ermagora e Fortunato,rio terra due ponti,4336.0,,,ermargora e fortunato,NO MATCH,"(None, None)"
,,,,"anche bigliardo,",Colleoni,"Antonio,",,,,ss. Ermagora e Fortunato,rio terra due ponti,4337.0,,,ermargora e fortunato,NO MATCH,"(None, None)"
,,,,"anche bigliardo,",Colleoni,"Antonio,",,,,ss. Ermagora e Fortunato,rio terra due ponti,4438.0,,,ermargora e fortunato,NO MATCH,"(None, None)"
,,,,,Colles,"Luigi,",,,,s. Silvestro,ruga degli speziali,248.0,,,silvestro,San Polo,"(12.334268832633013, 45.43916323251189)"
,,,,,Comelli,"Giuseppe,",,,,s. Eufemia,fondamenta della croce,21.0,,,eufemia,Dorsoduro,"(12.334463817143961, 45.42976607542438)"
,,,,,Comina,"Giovanni,",,,,ss. Ermagora e Fortunato,ai due ponti,1832.0,,,ermargora e fortunato,NO MATCH,"(None, None)"
,,,,"anche bigliardo,",Cominotti,"Teresa,",,,,s. Marco,calle dei preti,1263.0,,,marco,San Marco,"(12.336698934374342, 45.43362066111979)"
,,,,,Corradini,"Felice,",,,,s. Salvatore,in merceria,4861.0,,,salvador,San Marco,"(12.337067055796895, 45.43645000910565)"
,,,,,Corsaro,"Pietro,",,,,s. Martino,in campo,2550.0,,,martino,Castello,"(12.348846716640464, 45.4356589566673)"
,,,,,Costantini,Giovanni,,,"detto Tamacchi,",s. M. del Carmine,calle della chiesa,3684.0,,,maria dei carmini,Dorsoduro,"(12.323971381504673, 45.43526354841702)"
,,,,anche bigliardo,Cozzarini,"Luigi,",,,,s. Stefano,in campo,2961.0,,,stefano,San Marco,"(12.33050790188957, 45.433694622654016)"
,,,,,Crescini,"Marino,",,,,s. Silvestro,panattaria,319.0,,,silvestro,San Polo,"(12.333833060999266, 45.439525790038736)"
,,,,,Dall’ Acqua,"Rosa,",,,,s. Pietro,fondamenta s. Anna,994.0,,,pietro,Castello,"(12.35648263058339, 45.432489816529845)"
,,,,anche bigliar.,Dalla Grazia,"Domenico,",,,,s. Marco,campo s. Gallo,1093.0,,,marco,San Marco,"(12.336807262396327, 45.43480952018309)"
,,,,,Dallan,Fortunato,,,"rapp. da Pazeller,",s. Silvestro,campo s. Apollinare,1137.0,,,silvestro,San Polo,"(12.332449720481886, 45.43772936274379)"
,,,,,Dal Maschio,"Lisetto; Maddalena,",,,,s. Marco,frezzeria,1504.0,,,marco,San Marco,"(12.33646849653793, 45.43367775741205)"
,,,,,Dal Piccolo,"Luigi,",,,,s. M. del Carmine,campo s. Margh.,2996.0,,,maria dei carmini,Dorsoduro,"(12.323767155279098, 45.43483483670526)"
,,,,,Dal Piccolo,Pietro.,,,,s..M. Formosa,calle lunga,5229.0,,,maria formosa,Castello,"(12.341580969612794, 45.43762340658401)"
157,,,,,,,,,,,,,,,,,"(None, None)"
,,,,,Dal Soldà,"Pietro,",,,,s. Silvestro,sottoportico di rialto,1718.0,,,silvestro,San Polo,"(None, None)"
,,,,,De Candido,"Luigi,",,,,s. Marco,procuratie nuove,71.0,,,marco,San Marco,"(12.337427208128524, 45.43343535607923)"
,,,,,De Gerolami,"Lorenzo,",,,,s. Marco,frezzeria,1799.0,,,marco,San Marco,"(12.335580799445777, 45.43442329215875)"
,,,,,De Leon,"Vita,",,,,s. Geremia,ghetto veechio,1188.0,,,geremia,Cannaregio,"(12.326096238499169, 45.445216685353685)"
,,,,,De Luca,"Antonio,",,,,s. Silvestro,sottoportici rialto,55.0,,,silvestro,San Polo,"(12.334758003644946, 45.43875791445174)"
,,,,,De Luca,"Domenico,",,,,s. M. del Carmine,campo s. Barnaba,2771.0,,,maria dei carmini,Dorsoduro,"(12.325208642588569, 45.43293918172932)"
,,,,,De Mattia,"Giovanni,",,,,s. M. del Giglio,calle lunga s. Moisé,2104.0,,,maria del giglio,San Marco,"(12.335008753670932, 45.43295088624985)"
,,,,,De Mattia,"Girolamo,",,,,s. M. del Carmine,calle Foscari,3243.0,,,maria dei carmini,Dorsoduro,"(None, None)"
,,,,,De Rossi,"Pietro,",,,,s. Gio. in Bragora,calle crosera,3911.0,,,giovanni in bragora,Castello,"(12.347527023436681, 45.434533083175744)"
,,,,,De Reatti,"Giuseppe,",,,,s. M. del Rosario,calle di mezzo,128.0,,,madonna del rosario,Dorsoduro,"(12.333533399227871, 45.430228540490994)"
,,,,,De Reatti,"Giuseppe,",,,,s. M. del Rosario,calle di mezzo,129.0,,,madonna del rosario,Dorsoduro,"(12.333488470205724, 45.43022530001596)"
,,,,"anche bigliardo,",Dolcetti,"Giacomo,",,,,s. Pietro,via nuova,1788.0,,,pietro,Castello,"(12.353344728835461, 45.432389001730506)"
,,,,,Dominici,"Giovanna,",,,,s. Cassiano,calle della Regina,2244.0,,,cassiano,Santa Croce,"(12.33146665847275, 45.440102338841704)"
,,,,,Dorigo,Antonio,,,"fi Paolo,",s. Marco,calle larga,343.0,,,marco,San Marco,"(None, None)"
,,,,,Dorigo,Antonio,,,"fi Paolo,",s. Marco,calle larga,344.0,,,marco,San Marco,"(12.340118474443619, 45.43522281419456)"
,,,,anche bigliardo,Dorta,Tommaso,,,,s. Marco,procur. nuove,45.0,,,marco,San Marco,"(12.338897268606662, 45.43383913074349)"
,,,,anche bigliardo,Dorta,Tommaso,,,,s. Marco,procur. nuove,46.0,,,marco,San Marco,"(12.338843863640278, 45.43382446225013)"
,,,,,Fabris,"Catterina,",,,,s. Pietro,riello,446.0,,,pietro,Castello,"(12.356751171216162, 45.43311129956245)"
,,,,,Fabbro,"Teresa,",,,,s. M. del Carmine,campo s. Margherita,2977.0,,,maria dei carmini,Dorsoduro,"(12.323614050014477, 45.43463560544996)"
,,,,,Fascio,"Luigi,",,,,s. Silvestro,calle oechiabella,436.0,,,silvestro,San Polo,"(12.334026727689094, 45.438876269107396)"
,,,,,Ferri,"Valentino,",,,,"s, Stefano",calle delle botteghe,3455.0,,,stefano,San Marco,"(12.330268780299779, 45.43392960892559)"
,,,,,Fontanella,"Anna,",,,,"s, Francesco",salizz. delle gatte,3224.0,,,francesco,Castello,"(12.347192022048066, 45.43629944939962)"
,,,,,Francesconi,Antonio,,,"d. Florian,",s. Marco,procuratie nuove,56.0,,,marco,San Marco,"(12.338348102609853, 45.43368829387706)"
,,,,,Francesconi,Antonio,,,"fu Giovanni,",s. Marco,calle larga,279.0,,,marco,San Marco,"(12.338770019024107, 45.435074778232845)"
,,,,,Francesconi,Antonio,,,"fu Giovanni,",s. Marco,calle larga,280.0,,,marco,San Marco,"(12.33886193910427, 45.435026754605396)"
,,,,,Frucco da Ponte,"Elisabetta,",,,,s. M. del Rosario,fond. Saloni,79.0,,,madonna del rosario,Dorsoduro,"(12.333484262335903, 45.4298650690804)"
,,,,,Fusari,"Luigi,",,,,s. Marco,ponte dei dai,848.0,,,marco,San Marco,"(12.337690334831818, 45.43467077247397)"
,,,,,Gabrieli,"Giovanni,",,,,s. Geremia,fond. s. Lucia,57.0,,,geremia,Cannaregio,"(12.322417384011764, 45.441435506943975)"
,,,,,Galletti,"Giacomo,",,,,s. Zaccaria,riva degli schiavoni,4488.0,,,zaccaria,Castello,"(12.342033720839732, 45.43527852162174)"
,,,,,Galletti,"Giacomo,",,,,s. Zaccaria,riva degli schiavoni,4489.0,,,zaccaria,Castello,"(None, None)"
,,,,anche big.,Gallo,"Gio.; Battista,",,,,s. Canciano,calle dolfin,5659.0,,,canciano,Cannaregio,"(12.336705280156929, 45.43978969203204)"
,,,,,Gallo,"Luigi,",,,,s. Giacomo dall’ Orio,calle di mezzo,1601.0,,,giacomo dall'orio,Santa Croce,"(12.328088305647851, 45.44002564935444)"
,,,,,Gamba; Bruni," Camilla,",,,,s. Martino,fondamenta di fronte all’Arsenale,2412.0,,,martino,Castello,"(12.34953403665995, 45.43481977234842)"
,,,,,Gamba; Bruni," Camilla,",,,,s. Martino,fondamenta di fronte all’Arsenale,2413.0,,,martino,Castello,"(12.34950252649993, 45.43482065813433)"
,,,,,Gamba,"Giuseppe,",,,,s. M. del Giglio,"campo s, Fantino",1984.0,,,maria del giglio,San Marco,"(12.33411491407554, 45.433671463079676)"
,,,,,Genovesi,"Giuseppe,",,,,s. Pietro,Via nuova,1622.0,,,pietro,Castello,"(12.351905758620864, 45.432067101491306)"
,,,,,Genovesi,"Giuseppe,",,,,s. Pietro,Via nuova,1623.0,,,pietro,Castello,"(12.351874376290096, 45.43206343719677)"
,,,,,Ghisalberti,"Giorgio,",,,,s. Maria Gloriosa dei Frari,campo s. Rocco,3125.0,,,maria gloriosa dei frari,San Polo,"(12.325650918502044, 45.43640345474893)"
,,,,con big.,Giacomelli,"Giuseppe,",,,,s. Marco,procuratie nuove,43.0,,,marco,San Marco,"(12.338976883874937, 45.4338609982984)"
,,,,con big.,Giacomelli,"Giuseppe,",,,,s. Marco,procuratie nuove,44.0,,,marco,San Marco,"(12.338944183398327, 45.4338520166108)"
,,,,,Giurin,"Putato; Angela,",,,,s. Nicola da Tolentino,fondamenta s. Simeone Piccolo,718.0,,,nicola da tolentino,Santa Croce,"(None, None)"
,,,,,Giusti,"Angelo,",,,,s. M. Formosa,salizzada dei felzi,6331.0,,,maria formosa,Castello,"(12.341901812769837, 45.43891537676101)"
,,,,,Grandesso,"Angelo,",,,,ss. Gio. e Paolo,calle della testa,6379.0,,,giovanni e paolo,Castello,"(12.342747391183773, 45.438099188275054)"
,,,,,Greguol,"Elisabetta,",,,,s. Pietro,calle riello,446.0,,,pietro,Castello,"(12.356751171216162, 45.43311129956245)"
,,,,,Gianolla,"Giuseppe,",,,,s. Simeone Prof. ,lista vecchia Bari,1174.0,,,simeon profeta,Santa Croce,"(12.324862024479184, 45.44078037757587)"
158,,,,,,,,,,,,,,,,,"(None, None)"
,,,,,Kosser,"Rist; Giuseppina,",,,,s. Marco,procuratie vecchie,78.0,,,marco,San Marco,"(12.337125050304014, 45.433885641028006)"
,,,,,Kosser,"Rist; Giuseppina,",,,,s. Marco,procuratie vecchie,79.0,,,marco,San Marco,"(12.337090243301475, 45.43395272577371)"
,,,,,Kosser,"Rist; Giuseppina,",,,,s. Marco,procuratie vecchie,80.0,,,marco,San Marco,"(12.337164454165157, 45.43400811149409)"
,,,,con bigliardo,Kraister,"Donadoni; Teresa,",,,,s. Zaccaria,riva dei schiayoni,4565.0,,,zaccaria,Castello,"(12.34183672319365, 45.434258848009)"
,,,,,Lachin,"Vincenzo,",,,,s. Zaccaria,salizzada s. Provolo,4515.0,,,zaccaria,Castello,"(12.341846311083748, 45.435039800783315)"
,,,,,Landi,"Cesare,",,,,ss. Gervasio e Protasio,calle Gambara,1052.0,,,gervasio e protasio,Cannaregio,"(12.32326800637729, 45.4454426118619)"
,,,,,Landsmann,"Gio.; Battista,",,,,s. Canciano,in campo,3990.0,,,canciano,Cannaregio,"(12.334613956897517, 45.44110759299248)"
,,,,,Lerco,"Luigi,",,,,s. M. del Giglio,calle lunga s. Moisé,2401.0,,,maria del giglio,San Marco,"(12.334051934347126, 45.43287070137729)"
,,,,"con bigliardo,",Locatello,"Pilon; Luigia,",,,,s. Salvatore,calle dei fabbri,4659.0,,,salvador,San Marco,"(12.335519572368467, 45.436359242533975)"
,,,,,Lombardini,"Angelo,",,,,s. M. Formosa,salizz. s. Lio,5570.0,,,maria formosa,Castello,"(12.338546951099703, 45.43725349240626)"
,,,,,Lombardini,"Angelo,",,,,s. M. Formosa,salizz. s. Lio,5571.0,,,maria formosa,Castello,"(12.338617679523876, 45.437407318506956)"
,,,,,Lombardini,Luigi,,,,s. Silvestro,calle galeazza,409.0,,,silvestro,San Polo,"(12.33425906058932, 45.43883716764678)"
,,,,,Loro,"Pietro,",,,,s. Geremia,fond. s. Lucia alla Stazione,50.0,,,geremia,Cannaregio,"(12.320623097408486, 45.442138261776854)"
,,,,,Luzzi,"Giuseppe,",,,,s. Geremia,fond. Cannareggio,1269.0,,,geremia,Cannaregio,"(12.32534507828566, 45.443984383506084)"
,,,,,Malossi,"Gaetano,",,,,ss. Ermag. e Fortun.,rioterra due ponti,1510.0,,,ermargora e fortunato,NO MATCH,"(None, None)"
,,,,,Marangon,"Domenico,",,,,ss. Gio. e Paolo,calle 1. brusa,6425.0,,,giovanni e paolo,Castello,"(12.343300431487254, 45.43845275921351)"
,,,,,Marangon,"Domenico,",,,,ss. Gio. e Paolo,calle 1. brusa,6426.0,,,giovanni e paolo,Castello,"(12.343275342041377, 45.43840010778083)"
,,,,,Marcon,"Giovanni,",,,,s. Cassiano,campo del spezier,2048.0,,,cassiano,Santa Croce,"(12.33012570948008, 45.44032079707109)"
,,,,,Massari,"Antonio,",,,,s. Marco,merceria dell’orologio,298.0,,,marco,San Marco,"(12.338844263847223, 45.4348865414218)"
,,,,,Massari,"Antonio,",,,,s. Cassiano,calle dei botteri,1573.0,,,cassiano,Santa Croce,"(12.32814695800728, 45.43960866385167)"
,,,,,Massari,"Antonio,",,,,s. Cassiano,calle dei botteri,1576.0,,,cassiano,Santa Croce,"(None, None)"
,,,,,Massari,"Maria,",,,,ss. Gervasio e Prot.,fond. Zattere,1472.0,,,gervasio e protasio,Cannaregio,"(12.328023533370674, 45.44532355761651)"
,,,,con bigl.,Massimo,Giacomo,,,,s. Marco,piazzetta dei Leoni,352.0,,,marco,San Marco,"(12.339731033275417, 45.43510951612153)"
,,,,,Michieli,"Ballarin; Maddalena,",,,,s. Pietro,calle riello,159.0,,,pietro,Castello,"(12.35717632157609, 45.433427187921986)"
,,,,,Michieli,"Luigi,",,,,s. Geremia,fond. penitenti,946.0,,,geremia,Cannaregio,"(12.320870086987597, 45.44572363139842)"
,,,,,Minenti,"Possenti; Luigia,",,,,s. Francesco,salizz.,3161.0,,,francesco,Castello,"(12.34723737605187, 45.437189280662324)"
,,,,,Minotti,"Luigi,",,,,s. Pietro,via nuova,1717.0,,,pietro,Castello,"(12.351507989690392, 45.43258797546448)"
,,,,,Musignato,"Giovanni,",,,,s. Francesco,salizz.,3164.0,,,francesco,Castello,"(12.347256897462596, 45.437088211236166)"
,,,,,Narciso,"Giovo; Giovanna,",,,,s. Pietro,ramo quintavalle,68.0,,,pietro,Castello,"(12.358547814278564, 45.43426779399648)"
,,,,,Natali,"Angela,",,,,s. Pantaleone,salizzada,48.0,,,pantalon,Dorsoduro,"(12.334589696787903, 45.42934987910051)"
,,,,,Nicoletti,"Luigi,",,,,s. Gio. in Bragora,calle del pestrin,3862.0,,,giovanni in bragora,Castello,"(12.34817773195565, 45.43498248642806)"
,,,,con bigl.,Norsa,"Giacomo,",,,,s. Geremia,lista di Spagna,147.0,,,geremia,Cannaregio,"(12.323391225753031, 45.44210321527726)"
,,,,,Olivo,"Gio.; Battista,",,,,s. Zaccaria,riva degli schiavoni,4157.0,,,zaccaria,Castello,"(12.344063738682836, 45.434123245423656)"
,,,,,Ongaro,Luigi,,,,s. Simeon Prof. ,rio Marin,799.0,,,simeon profeta,Santa Croce,"(12.324974138120307, 45.439496205129466)"
,,,,,Orsini,"Giustina,",,,,s. M. del Carmine,in campo,2611.0,,,maria dei carmini,Dorsoduro,"(12.321836977383217, 45.43375172157483)"
,,,,,Padin,"Giovanni,",,,,s. M. Formosa,campo,5840.0,,,maria formosa,Castello,"(12.34054811993686, 45.437191215838226)"
,,,,,Padrun; Sobrio,Sebastiano; Santino,,,,s. Marco,procuratie vecchie,110.0,,,marco,San Marco,"(12.337711362811987, 45.43423658983682)"
,,,,,Pagiarin,"Giuseppe,",,,,s. Canciano,salizz.,5576.0,,,canciano,Cannaregio,"(12.337651391865963, 45.439734312876766)"
,,,,,Pallazioli,"Eligio,",,,,s. Pietro,campo ruga,369.0,,,pietro,Castello,"(12.357266417109864, 45.43463819070851)"
,,,,,Panciera,"Antonio,",,,,s. M. del Giglio,in campo,2850.0,,,maria del giglio,San Marco,"(12.32942178099918, 45.43223918657086)"
,,,,,Panciera,"Antonio,",,,,s. M. del Giglio,in campo,2851.0,,,maria del giglio,San Marco,"(12.329417453404307, 45.43224376513858)"
,,,,,Panciera,"Antonio,",,,,s. M. del Giglio,in campo,2852.0,,,maria del giglio,San Marco,"(12.329415222101737, 45.43224636783124)"
,,,,,Passaggi,"Giorgio,",,,,s. Zaccaria,campo ss. Filippo e Giac.,4335.0,,,zaccaria,Castello,"(None, None)"
,,,,,Pedol,"Gaspare,",,,,s. Silvestro,ruga dei speziali,269.0,,,silvestro,San Polo,"(12.334125250551494, 45.439220401435165)"
159,,,,,,,,,,,,,,,,,"(None, None)"
,,,,,Pigotti,"Maria,",,,,s. Nicola da Tolentino,fondamenta,225.0,,,nicola da tolentino,Santa Croce,"(12.321356523401226, 45.438735050771044)"
,,,,,Piotto,"Costante,",,,,s. Zaccaria,calle delle rasse,4539.0,,,zaccaria,Castello,"(12.341768583972652, 45.4344631161602)"
,,,,,Pimazzoni,"Angelo,",,,,ss. Gio. e Paolo,barbaria delle tavole,6440.0,,,giovanni e paolo,Castello,"(12.34395457061716, 45.438573006707166)"
,,,,,Pisciaglia,"Pietro,",,,,ss. Ermagora e Fortunato,rio terra due ponti,1352.0,,,ermargora e fortunato,NO MATCH,"(None, None)"
,,,,,Pitter,"Bruni; Giuditta,",,,,s. Cassiano,calle dei botteri,1693.0,,,cassiano,Santa Croce,"(12.32768018664481, 45.44170184148337)"
,,,,con big.,Pivatello,Girolamo,,,,s. Marco,proc. nuove,62.0,,,marco,San Marco,"(12.337988714495655, 45.4335895824177)"
,,,,,Pizzioli,"Giacomo,",,,,s. M. Gloriosa dei Frari,fondam.,2565.0,,,maria gloriosa dei frari,San Polo,"(12.327257184039196, 45.43729668286228)"
,,,,,Polo,"Domenico,",,,,s. Luca,alle Poste,4041.0,,,luca,San Marco,"(12.333414297424012, 45.435831294300456)"
,,,,,Pozzobon,"Gio.; Battista,",,,,s. Marco,bocca di piazza,1241.0,,,marco,San Marco,"(12.336973483475608, 45.43357773499055)"
,,,,,Pozzobon,"Gio.; Battista,",,,,s. Marco,bocca di piazza,1242.0,,,marco,San Marco,"(12.33683909207833, 45.433795993227996)"
,,,,,Proschek,"Venceslao,",,,,s. Martino,fond. s. Biaggio,2145.0,,,martino,Castello,"(12.350549046467703, 45.43223583694294)"
,,,,con big.,Pulissi,"Bertoli; Anna,",,,,s. M. del Rosario,fond. delle sattere,781.0,,,madonna del rosario,Dorsoduro,"(12.328490073236908, 45.42902841596713)"
,,,,,Putato,"Antonio,",,,,s. Pietro,via nuova,1645.0,,,pietro,Castello,"(12.350771608650412, 45.43211031102121)"
,,,,con big.,Quadri,"Giorgio,",,,rapp. da Vaerini Achille,s. Marco,procuratie vecchie,120.0,,,marco,San Marco,"(12.338007502958027, 45.43436943570297)"
,,,,,Quota,"Gambierasi; Geltrude,",,,,s. Luca,riva del carbon,4168.0,,,luca,San Marco,"(12.334550442021419, 45.4367951324457)"
,,,,,Regin,"Giovanni,",,,,s. Pantaleone,fond. Minotto,158.0,,,pantalon,Dorsoduro,"(12.333163539273475, 45.43051239106663)"
,,,,,Riva,"Angela,",,,,s. Marziale,fondamenta,2496.0,,,marziale,Cannaregio,"(12.333115929521895, 45.44402936504964)"
,,,,,Riva,"Pietro,",,,,s. M. Formosa,casselleria,5399.0,,,maria formosa,Castello,"(12.339390768984556, 45.4365438569571)"
,,,,,Robolati,"Ruggero,",,,,s. M. Gloriosa dei Frari,castel forte s. Rocco,3125.0,,,maria gloriosa dei frari,San Polo,"(12.325650918502044, 45.43640345474893)"
,,,,,Rota,"Giacomo,",,,,s. Pantaleone,in campo,3709.0,,,pantalon,Dorsoduro,"(12.324681115487556, 45.43539660140251)"
,,,,,Ruckgay,"Cecilia,",,,,s. Martino,fondamenta s. Biagio,2186.0,,,martino,Castello,"(12.348662752460342, 45.43334772332582)"
,,,,,Saccomano,"Gio.; Battista,",,,,s. Marco,calle s. Gallo,1099.0,,,marco,San Marco,"(12.337012386678676, 45.43453660073976)"
,,,,,Sala,"Gio.; Battista,",,,,s. Marziale,fondamenta Ormesini,2738.0,,,marziale,Cannaregio,"(12.328557971730572, 45.44553674824779)"
,,,,,Sambo,"Francesco,",,,,s. Gio. in Bragora,riva degli: schiavoni,4122.0,,,giovanni in bragora,Castello,"(12.347236230725418, 45.43381578180451)"
,,,,,Scarpa,"Giacinto,",,,,s. Zaccaria,riva degli schiavoni,4203.0,,,zaccaria,Castello,"(None, None)"
,,,,,Scarsanella,"Catterina,",,,,ss. Apostoli,salizz. Sceriman,4874.0,,,apostoli,Cannaregio,"(12.338104931934113, 45.442456541343624)"
,,,,,Sebellin,"Francesco,",,,,s. Silvestro,ruga vecchia,476.0,,,silvestro,San Polo,"(12.334471049762952, 45.438853185905614)"
,,,,,Sghezzi,"Giovanni,",,,,s. Marco,procuratie nuove,40.0,,,marco,San Marco,"(12.339102652459609, 45.43389553619797)"
,,,,,Sghezzi,"Giovanni,",,,,s. Marco,procuratie nuove,41.0,,,marco,San Marco,"(12.339057047575293, 45.433883014431025)"
,,,,,Sgobba,"Angelo,",,,,s. Marco,frezzeria,1762.0,,,marco,San Marco,"(12.335936733030527, 45.43451578247041)"
,,,,,Sgobba,"Angelo,",,,,s. Salvatore,in merceria stretta,5040.0,,,salvador,San Marco,"(12.336594837043831, 45.43723473972811)"
,,,,,Sgualdini,"Giuseppe,",,,,s. Pietro,fond. s. Giuseppe,927.0,,,pietro,Castello,"(12.356681530713058, 45.4306678275314)"
,,,,,Statti,"Nicold,",,,,s. Silvestro,Ruga del ravano,1046.0,,,silvestro,San Polo,"(12.333310122942972, 45.43811459794426)"
,,,,,Stefani,"Antonio,",,,,s. M. del Giglio,ponte delle ostriche,2459.0,,,maria del giglio,San Marco,"(12.333114237932065, 45.43245963865656)"
,,,,,Stuffi,"Luigi,",,,,s. Nicola da Tolentino,fondamenta,183.0,,,nicola da tolentino,Santa Croce,"(12.32133759240478, 45.437571445890406)"
,,,,,Suttil,"Antonio,",,,,s. Marco,procuratie nuove,62.0,,,marco,San Marco,"(12.337988714495655, 45.4335895824177)"
,,,,,Suttil,"Antonio,",,,,s. Marco,procuratie nuove,63.0,,,marco,San Marco,"(12.337897300991937, 45.43356447429642)"
,,,,,Tagliapietra,"Giovanni,",,,,s. Salvatore,ponte del lovo,4759.0,,,salvador,San Marco,"(12.335689713874778, 45.4365251203571)"
,,,,,Tonolo,"Luigi,",,,,s. M. del Giglio,in campo,2842.0,,,maria del giglio,San Marco,"(12.329965121370012, 45.432516354314735)"
160,,,,,,,,,,,,,,,,,"(None, None)"
,,,,,Toso,"Luigi,",,,,s. Nicola da Tolentino,fond.,204.0,,,nicola da tolentino,Santa Croce,"(12.321615602793084, 45.43819314190325)"
,,,,,Tosoni,"Giuseppe,",,,,s. Marco,precuratie nuove,10.0,,,marco,San Marco,"(12.33936155463193, 45.433487229917475)"
,,,,,Traine,"Giuseppe,",,,,s. Marco,procuratie nuove,49.0,,,marco,San Marco,"(12.338713173363459, 45.43378856616053)"
,,,,,Traine,"Giuseppe,",,,,s. Marco,procuratie nuove,50.0,,,marco,San Marco,"(12.338664508892343, 45.43377519971691)"
,,,,,Tramontini,"Valentino,",,,,s. Gio. in Bragora,in campo,3734.0,,,giovanni in bragora,Castello,"(12.346310558872682, 45.43407216098804)"
,,,,,Vaerini,Eredi,,,"rapp. da Vaerini Achille,",s. Marco,procuratie nuove,13.0,,,marco,San Marco,"(12.339294284426447, 45.43361767244731)"
,,,,,Vergelese,"Regina; Maria,",,,,s. M. Gloriosa dei Frari ,s. Polo salizz. della chiesa,2089.0,,,maria gloriosa dei frari,San Polo,"(12.329629278825342, 45.43699336584209)"
,,,,,Vergelese,"Regina; Maria,",,,,s. M. Gloriosa dei Frari ,s. Polo salizz. della chiesa,2090.0,,,maria gloriosa dei frari,San Polo,"(12.329583700988833, 45.436979253150426)"
,,,,,Vergombello,"Giuseppe,",,,,s. Eufemia,fondamenta,590.0,,,eufemia,Dorsoduro,"(12.329231624728159, 45.429620152355405)"
,,,,,Vicentini,"Luigi,",,,,s. Salvatore,campo s. Bartolammeo,5280.0,,,salvador,San Marco,"(12.336744632811673, 45.437462363704164)"
,,,,,Vicentini,"Luigi,",,,,s. Salvatore,campo s. Bartolammeo,5281.0,,,salvador,San Marco,"(12.336757603937102, 45.43748247518307)"
,,,,,Vio; Genova," Giorgio,",,,d.,s. Gio in Bragora,riva degli schiavoni,4144.0,,,giovanni in bragora,Castello,"(None, None)"
,,,,,Volpini,"Oliva,",,,,s. Francesco,in campo,2795.0,,,francesco,Castello,"(12.346777057158224, 45.43838374857245)"
,,,,"con bigliardo,",Zambelli,"Giuseppe,; Girolamo,",,nob.,rapp. da Pizzamano,ss. Gervasio e Prot.,fond. zattere,926.0,,,gervasio e protasio,Cannaregio,"(12.320499937722815, 45.44641680115853)"
,,,,,Zambon,"Nicold,",,,,ss. Gio. e Paolo,campo s. Giustina,6550.0,,,giovanni e paolo,Castello,"(12.345319638216615, 45.438379307222085)"
,,,,,Zambon,"Pietro,",,,,ss. Gervasio e Protasio,campo s. Lorenzo,1868.0,,,gervasio e protasio,Cannaregio,"(12.329697072147003, 45.44486531443187)"
,,,,,Zanardi,"Antonio,",,,,s. Gio. in Bragora,riva degli schiavoni,4119.0,,,giovanni in bragora,Castello,"(12.347349712506347, 45.43379474051808)"
,,,,,Zanchi,"Federico,",,,,s. Zaccaria,calle Zorzi,4941.0,,,zaccaria,Castello,"(12.342811481889491, 45.4360212567891)"
,,,,,Zanelli,"Pietro,",,,,s. Zaccaria,in campo ss. Filippo e Giac.,4357.0,,,zaccaria,Castello,"(12.341507453364116, 45.43518776745632)"
,,,,,Zanga,Gio.; Battista,,,,s. Silvestro,fond. del vin,1096.0,,,silvestro,San Polo,"(12.333784262858602, 45.43725178855265)"
,,,,,Zanon,"Gelich; Angela,",,,,"s, Marco",spaderia,700.0,,,marco,San Marco,"(12.33868541212075, 45.435545871621684)"
,,,,,Zanon,"Pasquale,",,,,s. Silvestro,sottoportico del banco giro,121.0,,,silvestro,San Polo,"(12.335255834356692, 45.43888303138776)"
,,,,,Zanon,"Pasquale,",,,,s. Silvestro,sottoportico del banco giro,123.0,,,silvestro,San Polo,"(12.335312012621293, 45.43884705735482)"
,,,,,Zanusso,"Francesco,",,,,s. Pietro,via nuova,1339.0,,,pietro,Castello,"(12.353958626926138, 45.43231901953618)"
,,,,,Zavagno,"Giacomelli; Maria,",,,,s. Felice,ponte noale,3669.0,,,felice,Cannaregio,"(None, None)"
,,,,,Zen,Giuseppe,,,fa Giovanni,s. Gio. in Bragora,riva degli schiavoni,4116.0,,,giovanni in bragora,Castello,"(12.34754972341126, 45.43375671064697)"
,,,,,Zorzetto,"Eugenio,",,,,s. M. del Carmine,calle lunga,2860.0,,,maria dei carmini,Dorsoduro,"(12.324348151818425, 45.43277722720413)"
,,"CALCE, TEGOLE E PIETRE",,,,,,,,,,,,,,,"(None, None)"
,,,,Fabbricatori e venditori).,,,,,,,,,,,,,"(None, None)"
,,,,,Apperle,"Carlo; Edoardo,",,,,s. Eufemia,fondam. s. Biasio,804.0,,,eufemia,Dorsoduro,"(12.327740590031263, 45.42951651988149)"
,,,,,Bellinato,"Gaspare,",,,,s. Giacomo dall’ orio,in campo,1507.0,,,giacomo dall'orio,Santa Croce,"(12.327123742644408, 45.439762898431596)"
,,,,,Camavito,"Pietro; Antonio,",,,,s. Marziale,fondamenta s. Girolamo corte nuova,3038.0,,,marziale,Cannaregio,"(12.325001141741641, 45.44679055844778)"
,,,,,Dal Ceré,"Antonio,",,,,s. Eufemia,fondamenta delle fornaci,257.0,,,eufemia,Dorsoduro,"(12.3328578867462, 45.42923937883968)"
161,,,,,,,,,,,,,,,,,"(None, None)"
,,,,,Seibezzi,"Bartolammeo,",,,,s. M. Glor. dei Frari,calle larga s. Polo,2137.0,,,maria gloriosa dei frari,San Polo,"(12.328720801524938, 45.437855776335915)"
,,,,,Spanio,"Tommaso,",,,detto Capra,s. Canciano,calle del leon bianco,5630.0,,,canciano,Cannaregio,"(12.33594081423557, 45.4399431486762)"
,,,,,Spandri,"Angelo,",,,,s. M. del Carmine,fond. del tagliapietra,3250.0,,,maria dei carmini,Dorsoduro,"(12.325697049343495, 45.43473235812694)"
,,,,,Stefani,"Pietro,",,,,s. Nicola da Tolentino,fond. del Gaffaro,3528.0,,,nicola da tolentino,Santa Croce,"(None, None)"
,,,,,Stivanin,"Giovanni,",,,,s. M. Formosa,sottop. dell’ indoratore s. Marina,6085.0,,,maria formosa,Castello,"(12.339650794959482, 45.438513904943854)"
,,,,,Toga,"Antonio,",,,,s. M. Glor. dei Frari,calle del Cristo,2909.0,,,maria gloriosa dei frari,San Polo,"(12.3265915005776, 45.435865426339056)"
,,,,,Tonei,"Canova; Angela,",,,,ss. Gio. Paolo,calle della Madonna,6314.0,,,giovanni e paolo,Castello,"(12.341845168799358, 45.43863780216395)"
,,CALCOGRAFI O STAMPATORI IN RAME.,,,,,,,,,,,,,,,"(None, None)"
,,,,,Antonelli,"Giuseppe,",,,,s. Marziale,fond. della Misericordia,3597.0,,,marziale,Cannaregio,"(12.333974065209759, 45.4434645077383)"
,,,,,Benedetti,"Giuseppe,",,,,s. Zaccaria,calle della Madonnetta,5148.0,,,zaccaria,Castello,"(None, None)"
,,,,,Bovolato,"Giuseppe,",,,,s. Marco,frezzeria,1691.0,,,marco,San Marco,"(12.336054093923417, 45.434368559755676)"
,,,,,Fontana,"Melchiorre,",,,,s. Giacomo dall’orio ,ramo isola,1484.0,,,giacomo dall'orio,Santa Croce,"(12.327435871373499, 45.441036891834635)"
,,CALZOLAJ.,,,,,,,,,,,,,,,"(None, None)"
,,,,,Acerboni,"Bernardo,",,,,s. M. del Carmine,calle lunga,2754.0,,,maria dei carmini,Dorsoduro,"(12.324641429380103, 45.43281826074862)"
,,,,,Acerboni,Bernardo,,,"fu Giuseppe,",ss. Gervasio e Protasio,calle taoletta,1295.0,,,gervasio e protasio,Cannaregio,"(12.325538494555706, 45.443864368347754)"
,,,,,Agostinis.,"Pietro,",,,,s. Silvestro,ruga del ravano,786.0,,,silvestro,San Polo,"(12.333742079343606, 45.438305686192265)"
,,,,,Ambrosi,"Giacomo,",,,,s. Gio. in Bragora,calle del Dose,3730.0,,,giovanni in bragora,Castello,"(12.346327261459662, 45.43428430267277)"
,,,,,Ambrosi,"Lorenzo,",,,,s. Luca,calle dei fuseri,4370.0,,,luca,San Marco,"(12.335299553501628, 45.434997040413705)"
,,,,,Amigoni,"Vincenzo,",,,,s. M. del Giglio,calle delle ostriche,2457.0,,,maria del giglio,San Marco,"(12.333245452755985, 45.43246180061253)"
,,,,,Barbaro,"Angelo,",,,,s. Marco,calle dei fabbri,847.0,,,marco,San Marco,"(12.337675591541776, 45.43468555592558)"
,,,,,Bastiotto,"Luigi,",,,,s. M. del Rosario,calle del bastion,191.0,,,madonna del rosario,Dorsoduro,"(12.33276815401329, 45.43071046117655)"
,,,,,Begotti,"Marco,",,,,s. M. del Giglio,calle lunga s. Moisé,2361.0,,,maria del giglio,San Marco,"(12.33379445545457, 45.43272487514784)"
,,,,,Bellotto,"Antonio,",,,,s. M. Gloriosa dei Frari,campo s. Polo,1961.0,,,maria gloriosa dei frari,San Polo,"(12.33043437672887, 45.437327046367486)"
,,,,,Beltrame,"Giovanni,",,,,s. M. Formosa,calle del fruttarol,6025.0,,,maria formosa,Castello,"(12.3388739046759, 45.43824994000745)"
,,,,,Beltramin,"Filippo,",,,,ss. Apostoli,calle dell’ oca,4301.0,,,apostoli,Cannaregio,"(12.335462548604466, 45.440823268943845)"
,,,,,Beltramini,"Domenico,",,,,s. Felice,Ca d’oro,3988.0,,,felice,Cannaregio,"(None, None)"
,,,,,Benedetti’,"Carlotta,",,,,s. Canciano,calle Dolfin,5674.0,,,canciano,Cannaregio,"(12.336893861358126, 45.439706309628974)"
,,,,,Bertacco,"Giovanni,",,,,ss. Ermagora e Fortunato,rio terra dei due ponti,1645.0,,,ermargora e fortunato,NO MATCH,"(None, None)"
162,,,,,,,,,,,,,,,,,"(None, None)"
,,,,,Bertarini,"Margherita,",,,,s. Martino,calle degli scudi,2636.0,,,martino,Castello,"(12.348045457238264, 45.435854896163434)"
,,,,,Bertoncello,"Domenico,",,,,s. Zaccaria,campo s. Provolo,4700.0,,,zaccaria,Castello,"(12.342566009586758, 45.43500108824384)"
,,,,,Bettoni,"Adamo,",,,,s. M. Gloriosa dei Frari,in campo,3015.0,,,maria gloriosa dei frari,San Polo,"(12.326545056977128, 45.43655403776537)"
,,,,,Bianchi,"Giuseppe,",,,,s. Felice,campo s. Sofia,4210.0,,,felice,Cannaregio,"(12.335048286899738, 45.44090557088927)"
,,,,,Biason,Giuseppe.,,,,ss. Gio. e Paolo,in campo,6810.0,,,giovanni e paolo,Castello,"(12.341354475886504, 45.43904178210023)"
,,,,,Boa,"Domenico,",,,,s. Cassiano,poate dei morti,1855.0,,,cassiano,Santa Croce,"(12.329718861657447, 45.44126279521863)"
,,,,,Boldrin,"Giovanni,",,,,s. Canciano,sottop. s. Gio. Grisostomo,5905.0,,,canciano,Cannaregio,"(12.337419336660382, 45.43967201862237)"
,,,,,Bon,"Andrea,",,,,s. Cassiano,campiello del spezier,2037.0,,,cassiano,Santa Croce,"(12.330076697025838, 45.44026338178994)"
,,,,,Bonfa,"Gaetano,",,,,s. M. Gloriosa dei Frari,calle dei nomboli,2800.0,,,maria gloriosa dei frari,San Polo,"(12.328330761539105, 45.436281909577474)"
,,,,,Bonfa,"Venceslao,",,,,s. Martino,calle dei forni,2282.0,,,martino,Castello,"(12.349395163696748, 45.43405984389565)"
,,,,,Bonvecchiato,"Antonio,",,,,ss. Apostoli,calle del traghetto,4573.0,,,apostoli,Cannaregio,"(12.337629167360618, 45.44090894918232)"
,,,,,Bortoletti,"Antonio,",,,,s. Pietro,fond. s. Anna,518.0,,,pietro,Castello,"(12.35675218095436, 45.432446111735565)"
,,,,,Bortoli,"Giuseppe,",,,,s. Marziale,fond. delle capuccine,3029.0,,,marziale,Cannaregio,"(12.324830492537842, 45.44648500567272)"
,,,,,Boscolo,"Angelo,",,,,s. Pietro,fond. s. Anna,1001.0,,,pietro,Castello,"(12.356013111226071, 45.43247687443842)"
,,,,,Boscolo,"Marco,",,,,s. Luca,calle dei fuseri,4373.0,,,luca,San Marco,"(12.335306304934944, 45.43507654158544)"
,,,,,Bressanello,"Angela,",,,,s. Geremia,‘ponte Crotta,132.0,,,geremia,Cannaregio,"(12.323116686858633, 45.442005321861984)"
,,,,,Bressanin,"Pietro,",,,,ss. Apostoli,"eatle dell’oca,",4369.0,,,apostoli,Cannaregio,"(12.33601540270954, 45.44078404870656)"
,,,,,Busin,"Giovanni,",,,,s. Cassiano,calle dei botteri,1561.0,,,cassiano,Santa Croce,"(12.327900679052645, 45.439298236357835)"
,,,,,Caisofer,"Giuseppe,",,,,s. Gio. in Bragora,calle crosera,3907.0,,,giovanni in bragora,Castello,"(12.347392095763706, 45.434578763756306)"
,,,,,Campagna,"Liberale,",,,,s. Canciano,calle del pistor,5477.0,,,canciano,Cannaregio,"(12.339551802177594, 45.4408986401248)"
,,,,,Canciani,"Alvise,",,,,s. M. del Giglio,calle lunga s. Moisé,2282.0,,,maria del giglio,San Marco,"(12.334282515635548, 45.43283432174895)"
,,,,,Cassomego,"Giovanni,",,,,s. Nicola da Tolentino,fond.,1.0,,,nicola da tolentino,Santa Croce,"(12.324080846179223, 45.43561271607737)"
,,,,,Carniel,"Gio.; Battista,",,,,ss. Ermagora e Fortunato,rio terra due ponti,1595.0,,,ermargora e fortunato,NO MATCH,"(None, None)"
,,,,,Catellan,"Giuseppe,",,,,ss. Ermagora e Fort.,ealle dek pister,1816.0,,,ermargora e fortunato,NO MATCH,"(None, None)"
,,,,,Cavazzin,"Angelo,",,,,s. M. del Giglio,calle della mandola,3708.0,,,maria del giglio,San Marco,"(12.333052084672726, 45.43487912055334)"
,,,,,Cavrin,"Francesco; Battista,",,,fi Gio.,s. Felice,calle del pistor,3819.0,,,felice,Cannaregio,"(12.333919141504262, 45.44155231641535)"
,,,,,Cayrin,"Francesco,",,,,ss. Ermagora e Fortunato.,salizzada s. Fosca,2219.0,,,ermargora e fortunato,NO MATCH,"(None, None)"
,,,,,Ceolin,"Nicold,",,,,s. Zaccaria,riva degli sehiavoni,4168.0,,,zaccaria,Castello,"(12.34356475806886, 45.43408887025474)"
,,,,,Cesea,"Giovanni,",,,,s. Marziale,fond. della Misericordia,2520.0,,,marziale,Cannaregio,"(12.33257321783163, 45.444321004353895)"
,,,,,Chiaranda,"Antonio,",,,,s. Luca,calle del pistor,4674.0,,,luca,San Marco,"(12.336060361112619, 45.435811877108975)"
,,,,,Chimenti,Antenio,,,"rapp. da Maria Chimenti,",s. Marco,calle dei pignoli,775.0,,,marco,San Marco,"(12.337913712730419, 45.43576701412401)"
,,,,,Chiodo,"Pietro,",,,,s. Zaccaria,fond. s. Apollonia,4314.0,,,zaccaria,Castello,"(12.340753959373334, 45.435025809825376)"
,,,,,Chiribiri,"Antonio,",,,,s. Marco,sotto. il campanile,39.0,,,marco,San Marco,"(None, None)"
,,,,,Cicci,"Giovanni,",,,,s. Cassiano,in Carampane,1934.0,,,cassiano,Santa Croce,"(12.330082356791156, 45.441167046514536)"
,,,,,Codognato,"Giacomo,",,,,s. Marziale,fond. Ormesini,2735.0,,,marziale,Cannaregio,"(12.32868177791542, 45.445507371838566)"
,,,,,Corbini,"Marino,",,,,s. Gio. in Bragera,salizz. s. Antonine,3483.0,,,giovanni in bragora,Castello,"(12.346738348261223, 45.43530491847006)"
,,,,,Corbetto,"Salvatore,",,,,s. Maria del Carmine,fondamenta del scaletter,2916.0,,,maria dei carmini,Dorsoduro,"(12.32289414305473, 45.43386202420313)"
163,,,,,,,,,,,,,,,,,"(None, None)"
,,,,,Coronato,"Francesco,",,,,s. M. del Giglio,calle lunga s. Moisé,2096.0,,,maria del giglio,San Marco,"(12.335332254484879, 45.43297625677087)"
,,,,,Craister,"Giuseppe,",,,,s. M. Gloriosa dei Frari,campo s. Rocco,3130.0,,,maria gloriosa dei frari,San Polo,"(12.325582617047026, 45.43630491065328)"
,,,,,Crepas,"Giovanni,",,,,s. Marco,in frezzeria,1797.0,,,marco,San Marco,"(12.335667628054878, 45.434444700908635)"
,,,,,Crovato,"Antonio,",,,,ss. Apostoli,calle dell’oca,4301.0,,,apostoli,Cannaregio,"(12.335462548604466, 45.440823268943845)"
,,,,,Dabala.,"Domenico,",,,,s. Pietro,via nuova,1580.0,,,pietro,Castello,"(12.352502458111966, 45.43213471149108)"
,,,,,Dal Chin,"Lorenzo,",,,,s. Silvestro,calle del Perdon,1327.0,,,silvestro,San Polo,"(12.331747473485134, 45.437616695352546)"
,,,,,Dall’ Acqua,"Alessandro,",,,,ss. Salvatore,calle dek fontico,5545.0,,,salvador,San Marco,"(12.337048313908642, 45.438295602848015)"
,,,,,Dallé,"Lorenzo,",,,,s. Stefano,campo s. Maurizio,2664.0,,,stefano,San Marco,"(12.331794082507898, 45.43283177838492)"
,,,,,Dal Mas,"Gio.; Battista,",,,,s. Cassiano,sottop. del cappeller,1589.0,,,cassiano,Santa Croce,"(12.327955826301759, 45.440051431005195)"
,,,,,Dal Mas,"Pietro,",,,,s. Cassiano,salizz. Carminati,1880.0,,,cassiano,Santa Croce,"(None, None)"
,,,,,Dal Mas,"Sebastiano,",,,,s. Cassiano,calle della Regina,2330.0,,,cassiano,Santa Croce,"(None, None)"
,,,,,Dal Pietro,"Domenico,",,,,s. Francesco,salizz.,3151.0,,,francesco,Castello,"(12.347312700718234, 45.437174659519144)"
,,,,,Daneze,"Vincenzo,",,,,s. Marco,frezzeria,1232.0,,,marco,San Marco,"(12.336491784367238, 45.43377340577057)"
,,,,,De Carli,"Gio.; Battista,",,,,s. M. Formosa,calle delle bande,5371.0,,,maria formosa,Castello,"(12.339533362397328, 45.43647230689512)"
,,,,,De Damias,"Domenico,",,,,"s, Zaccaria",calle della rasse,4527.0,,,zaccaria,Castello,"(12.341808654241955, 45.43491044579053)"
,,,,,Degan,"Antonio,",,,,s. Luca,salizz. della chiesa s. Benedetto,4025.0,,,luca,San Marco,"(12.334273018616301, 45.43550477754375)"
,,,,,Degan,"Costante,",,,,s. M. Gloriosa dei Frari,calle degli Albanesi,3048.0,,,maria gloriosa dei frari,San Polo,"(None, None)"
,,,,,De Libera,"Luigi,",,,,s. M. Formosa,calle delle bande,3832.0,,,maria formosa,Castello,"(12.347464606150876, 45.434769451332876)"
,,,,,De Luca; Negro," Maria,",,,,s. Canciano,salizzada del formagger,5985.0,,,canciano,Cannaregio,"(12.33829791533023, 45.43988037571189)"
,,,,,De Paoli,"Andrea,",,,,s. Stefano,campo s. Angelo,3820.0,,,stefano,San Marco,"(12.33160750554338, 45.43421062412417)"
,,,,,De Poli,"Antonio,",,,,s. Marziale,calle Turlona,2849.0,,,marziale,Cannaregio,"(12.326730515275466, 45.44624958745828)"
,,,,,Dezan,"Franceseo,",,,,s. Silvestro,calle della chiesa,810.0,,,silvestro,San Polo,"(12.333420368545406, 45.43864718529565)"
,,,,,De Zotti,"Giorgio,",,,,s. Silvestro,calle dell’olio,1069.0,,,silvestro,San Polo,"(12.332848215182235, 45.437953974798084)"
,,,,,Donadelli,"Alessio,",,,,s. Canciano,salizz. s. Gio. Grisostomo,5798.0,,,canciano,Cannaregio,"(12.337097888847603, 45.438882945273114)"
,,,,,Drog,"Enrico,",,,,s. Marco,merceria s. Giuliano,711.0,,,marco,San Marco,"(12.337970576554156, 45.43594032749201)"
,,,,,Drog,"Giacomo,",,,,s. Marco,merceria dell’orologio,259.0,,,marco,San Marco,"(None, None)"
,,,,,Duse,"Antonio,",,,,s. Pietro,via nuova,1739.0,,,pietro,Castello,"(12.35199803759422, 45.43224743471639)"
,,,,,Difetto,"Francesco,",,,,s. Cassiano,campiello del spezier,2033.0,,,cassiano,Santa Croce,"(12.329967509169105, 45.44032656110193)"
,,,,,Feruzzi,"Giacomo,",,,,s. Silvestro,calle di mezzo,1246.0,,,silvestro,San Polo,"(12.332015212003878, 45.43765666938112)"
,,,,,Fiorin,"Domenico,",,,,s. Simeon Prof.,calle lunga,747.0,,,simeon profeta,Santa Croce,"(12.323173973480833, 45.44067064522659)"
,,,,,Fontanello,"Pietro,",,,,s. Geremia,sottop. del barbier,952.0,,,geremia,Cannaregio,"(12.321148514726527, 45.445578122399155)"
,,,,,Fornesso,"Giacomo,",,,,s. M. Gloriosa dei Frari,calle del Cristo,2223.0,,,maria gloriosa dei frari,San Polo,"(12.3294604882949, 45.43893479095054)"
,,,,,Furlanetto,"Pietro,",,,,s. Cassiano,calle del spezier,3030.0,,,cassiano,Santa Croce,"(None, None)"
,,,,,Fugagnolo,"Isidoro,",,,,s. Nicola da Tolentino,fond. Pagan,287.0,,,nicola da tolentino,Santa Croce,"(12.320102387027054, 45.43622164725469)"
,,,,,Gabrieli,"Andrianna,",,,,s. Martino,calle del Bastion,2498.0,,,martino,Castello,"(12.3487526562031, 45.43570401704244)"
,,,,,Galimberti,"Napoleone,",,,,s. Marco,frezzeria,1738.0,,,marco,San Marco,"(None, None)"
,,,,,Galvagno,"Giuseppe,",,,,ss. Ermag. e Fortu.,rio terra due ponti,1516.0,,,ermargora e fortunato,NO MATCH,"(None, None)"
,,,,,Galvani,"Felice,",,,,s. Felice,"calle del linarol,",3653.0,,,felice,Cannaregio,"(None, None)"
,,,,,Gambin,"Angelo,",,,,s. Stefano,sotto i chiostri,3544.0,,,stefano,San Marco,"(None, None)"
164,,,,,,,,,,,,,,,,,"(None, None)"
,,,,,Ganz,"Andrea,",,,,s. Salvatore,corte del forno,5106.0,,,salvador,San Marco,"(12.336081837355234, 45.43735953010301)"
,,,,,Gastaldi,"Daniele,",,,,s. Marco,calle canonica,346.0,,,marco,San Marco,"(12.340048082689464, 45.43519485485714)"
,,,,,Gatto,"Pietro,",,,,ss. Apostoli,salizz. del spezier,4799.0,,,apostoli,Cannaregio,"(12.337783225561987, 45.44196499199518)"
,,,,,Gelmi,"Giuseppe,",,,,s. Salvatore,calle dei bombaseri,5078.0,,,salvador,San Marco,"(None, None)"
,,,,,Gerotto,"Antonio,",,,,s. Gio. in Bragora,"calle dell’Arco,",3510.0,,,giovanni in bragora,Castello,"(12.347089530648276, 45.435462030220634)"
,,,,,Giacomelli,"Pietro,",,,,s. Salvatore,ponte di rialto,5169.0,,,salvador,San Marco,"(12.336502333908651, 45.43767136553215)"
,,,,,Giuri,"Antonio,",,,,s. M. Formosa,calle lunga,5228.0,,,maria formosa,Castello,"(12.34161787895803, 45.43763591017208)"
,,,,,Giutti,"Giacomo,",,,,ss. Ermagora e Fort.,calle dell’aseo,1882.0,,,ermargora e fortunato,NO MATCH,"(None, None)"
,,,,,Goattin,"Giovanni,",,,,s.Geremia ,lista di Spagna,223.0,,,geremia,Cannaregio,"(12.324071877188596, 45.44259312699558)"
,,,,,Greatti,"Giuseppe,",,,,s. Gio. in Bragora,riva dei schiavoni,4133.0,,,giovanni in bragora,Castello,"(12.346595624489376, 45.43389803532765)"
,,,,,Grespino,"Giuseppe,",,,,s. Silvestro,calle del Paradiso,755.0,,,silvestro,San Polo,"(12.334015461644947, 45.43770090480879)"
,,,,,Guizzetti,"Giuseppe,",,,,s. Geremia,fond. s. Giobbe,536.0,,,geremia,Cannaregio,"(12.322195085188575, 45.44489498597731)"
,,,,,Guizzotti,"Giacomo,",,,,s. Pantaleone,in campo,3710.0,,,pantalon,Dorsoduro,"(12.324710970315927, 45.435440783011664)"
,,,,,Imanetto,Ippolito,,,,s. Cassiano,calle del campanil,1761.0,,,cassiano,Santa Croce,"(12.328598408647457, 45.440898433584344)"
,,,,,Levi,"Samuele,",,,,s. Geremia,Ghetto vecchio,1149.0,,,geremia,Cannaregio,"(12.325559238769143, 45.44470362541499)"
,,,,,Lipari,"Alessandro,",,,,s. M. del Giglio,calle lunga s. Moisé,2096.0,,,maria del giglio,San Marco,"(12.335332254484879, 45.43297625677087)"
,,,,,Longato,"Pietro,",,,,s. Marziale,fond. Ormesini,2735.0,,,marziale,Cannaregio,"(12.32868177791542, 45.445507371838566)"
,,,,,Macchia,Gio.; Maria,,,fu Bart.,s. M. Formosa,a s. Marina,6106.0,,,maria formosa,Castello,"(12.339815819246256, 45.43825910236783)"
,,,,,Mangosi,"Andrea,",,,,s. Salvatore,merceria,4949.0,,,salvador,San Marco,"(None, None)"
,,,,,Manzoni,"Giovanni,",,,,s. Silvestro,"campo s, Aponal",1226.0,,,silvestro,San Polo,"(12.332291707266233, 45.43772675546225)"
,,,,,Marcolina,"Marco,",,,,s. Gio. in Bragora,riva dei schiavoni,4162.0,,,giovanni in bragora,Castello,"(12.343793957850458, 45.434104459228294)"
,,,,,Mattarel,"Marco,",,,,s. Luca,calle dei fuseri,4371.0,,,luca,San Marco,"(12.335301354091108, 45.43501798223174)"
,,,,,Mattiuzzi,"Luigia,",,,,s. Salvatore,sottop. delle acque,4938.0,,,salvador,San Marco,"(12.337685697300302, 45.43631228805452)"
,,,,,Mazzo,"Teresa,",,,,s. Giacomo,dall’Orio salizz. Zusto,1366.0,,,giacomo,Santa Croce,"(12.32634773286975, 45.44073624482641)"
,,,,,Mazzotti,"Paolo,",,,,s. Geremia,salizzada,315.0,,,geremia,Cannaregio,"(12.324986053348612, 45.44345673158595)"
,,,,,Melo,"Gaetano,",,,,s. Cassiano,calle del forno,1864.0,,,cassiano,Santa Croce,"(12.329269602108813, 45.44066625874352)"
,,,,,Meneghini,"Cornelio,",,,,s. Salvatore,calle dei stagneri,5190.0,,,salvador,San Marco,"(None, None)"
,,,,,Mini,"Eugenio,",,,,s. Cassiano,calle del Cristo,4722.0,,,cassiano,Santa Croce,"(None, None)"
,,,,,Mini,"Giovanni,",,,,s. m. Gloriosa dei Frari,ponte s. Toma,2805.0,,,maria gloriosa dei frari,San Polo,"(12.327993575557818, 45.43617547729444)"
,,,,,Mini,"Giovanni; Maria,",,,fu Gio.,s. Silvestro,calle del Perdon,1305.0,,,silvestro,San Polo,"(12.331931509793362, 45.437726134408166)"
,,,,,Mitri,"Pietro,",,,,s. Simeon,Prof. fond. Tolentini,220.0,,,simeon,Santa Croce,"(12.32145185988812, 45.43859085801154)"
,,,,,Molin,"Lorenzo,",,,,s. Felice,dietro la cbiesa,4188.0,,,felice,Cannaregio,"(None, None)"
,,,,,Morosini,"Antonio,",,,,s. M. Gloriosa dei Frari,calle Dona,2510.0,,,maria gloriosa dei frari,San Polo,"(12.327462932472976, 45.438088704007356)"
,,,,,Moschetto,"Anna,",,,,s. Luca,in salizz.,4105.0,,,luca,San Marco,"(None, None)"
,,,,,Moschetto,"Giovanni,",,,,s. Luca,in salizzada,4107.0,,,luca,San Marco,"(None, None)"
,,,,,Navarro,"Marco,",,,,s. Gio. in Bragora,salizz. s. Antonino,4311.0,,,giovanni in bragora,Castello,"(12.340757524399802, 45.4347776900265)"
,,,,,Nordio,"Antonio,",,,,s. Cassiano,fond. della riva dell’olio,4786.0,,,cassiano,Santa Croce,"(None, None)"
,,,,,Paesan,"Giovanni,",,,,s. Geremia,calle Priuli,76.0,,,geremia,Cannaregio,"(12.321419153930288, 45.44224280784401)"
,,,,,Paganini,"Giuseppe,",,,,s. Felice,calle della racchetta,3772.0,,,felice,Cannaregio,"(12.33564580508694, 45.44328965086662)"
,,,,,Pantanai,"Pietro,",,,,s. Marco,calle larga,375.0,,,marco,San Marco,"(12.339826521709194, 45.43529254537517)"
,,,,,Papette,"Angelo,",,,,s. M. Formosa,salizz. s. Lio,5673.0,,,maria formosa,Castello,"(12.338879104663048, 45.437406485202715)"
165,,,,,,,,,,,,,,,,,"(None, None)"
,,,,,Pasquazza,"Pietro,",,,,s. Simeone Prof. ,fond. rio marin,911.0,,,simeon profeta,Santa Croce,"(12.32433843540187, 45.44017960901243)"
,,,,,Passalente,"Giovanni,",,,,s. Canciano,calle Dolfin,5678.0,,,canciano,Cannaregio,"(None, None)"
,,,,,Pastega,"Domenico,",,,,s. Salvatore,merceria,4958.0,,,salvador,San Marco,"(12.336990957036354, 45.436600332152544)"
,,,,,Pellarin,"Giuseppe,",,,,s. Marco,frezzaria,1701.0,,,marco,San Marco,"(12.335776236706847, 45.43444875744009)"
,,,,,Pellegrini,"Paolo,",,,,s. M. Formosa,calle della malvasia,5984.0,,,maria formosa,Castello,"(12.338771754707881, 45.4381546215473)"
,,,,,Penso,"Luigi,",,,,ss. Apostoli,calle del spezier,4795.0,,,apostoli,Cannaregio,"(12.337763035220842, 45.44192154440049)"
,,,,,Perini,"Giovanni,",,,,s. Martino,calle delle Muneghette,2617.0,,,martino,Castello,"(12.348664162123944, 45.43579726598173)"
,,,,,Perosa,"Antonio,",,,,s. Marco,calle del cavalletto,1104.0,,,marco,San Marco,"(12.337195423437336, 45.43437370858273)"
,,,,,Pinardi,"Filippo,",,,,ss. Gio. e Paolo,barbaria delle tavole,6468.0,,,giovanni e paolo,Castello,"(12.34423717576499, 45.43853230770469)"
,,,,,Pivetta,"Francesco,",,,,s. Luca,calle dei fuseri,4338.0,,,luca,San Marco,"(12.335281968726704, 45.435179147792084)"
,,,,,Poli,"Angelo,",,,eredi di,s. Canciano,ss. Appostoli sottoportico,5644.0,,,canciano,Cannaregio,"(12.336501398226812, 45.43998485759634)"
,,,,,Ponga,Francesca,,,"ved. Costa,",s. Pietro,via nuova,1794.0,,,pietro,Castello,"(12.353697160929064, 45.43244359992565)"
,,,,,Ponga,"Giovanni,",,,,s. M. Formosa,salizzada s. Lio,5576.0,,,maria formosa,Castello,"(12.338353569289188, 45.43748382777136)"
,,,,,Ponga,"Giovanni,",,,,s. Geremia,fond. Savorg,492.0,,,geremia,Cannaregio,"(12.32287581176528, 45.444709952118146)"
,,,,,Povoledo,"Vincenzo,",,,,"s, M. Formosa",salizzada s. Lio,5468.0,,,maria formosa,Castello,"(12.339420277858837, 45.437139953228005)"
,,,,,Prosperini,"Girolamo,",,,,s. M. del Giglio,calle della Verona,3691.0,,,maria del giglio,San Marco,"(12.333150496995508, 45.43464059469022)"
,,,,,Prosperini,"Girolamo,",,,"rapp. da Laghi Pietro,",s. Marco,salizzada s. Moisè.,1348.0,,,marco,San Marco,"(None, None)"
,,,,,Raison,"Giovanni,",,,,ss. Ermagora Fortunato,salizz. s. Fosca,2208.0,,,ermargora e fortunato,NO MATCH,"(None, None)"
,,,,,Rasparol,"Pietro,",,,,ss. Gio. e Paolo,calle del cavallo,6380.0,,,giovanni e paolo,Castello,"(12.342709231271208, 45.43811857349132)"
,,,,,Ravagnin,"Giuseppe,",,,,s. Geremia,fond. Riello,157.0,,,geremia,Cannaregio,"(12.3233651972522, 45.44217997934945)"
,,,,,Rigato,"Alessandro,",,,,s. Salvatore,calle dei stagneri,5193.0,,,salvador,San Marco,"(12.336988406014813, 45.43703620189419)"
,,,,,Ronchi,"Antonio,",,,,s. Zaccaria,campo ss. Filippo e Giac.,4339.0,,,zaccaria,Castello,"(None, None)"
,,,,,Rosa,"Francesco,",,,,s. Canciano,rio terra,5416.0,,,canciano,Cannaregio,"(12.339918080097549, 45.440369342876245)"
,,,,,Rosa,"Leonardo,",,,,s. Marco,frezzeria,1826.0,,,marco,San Marco,"(12.335017461365467, 45.43429972743829)"
,,,,,Rosada,"Giovanni,",,,,s. Pietro,via nuova,1825.0,,,pietro,Castello,"(12.355451739976408, 45.432571470812206)"
,,,,,Rossi,"Alvise,",,,,s. M. del Giglio,calle lunga s. Moisé,2431.0,,,maria del giglio,San Marco,"(12.333546239113794, 45.43255474930187)"
,,,,,Rossi,"Giovanni,",,,,s. M. Gloriosa dei Frari,ponte,2564.0,,,maria gloriosa dei frari,San Polo,"(12.327221575520545, 45.43735574787702)"
,,,,,Rossi,"Marco,",,,,s. M. Gloriosa dei Frari,fond. di donna onesta,2937.0,,,maria gloriosa dei frari,San Polo,"(None, None)"
,,,,,Salvaredo,"Giovanni,",,,,s. Cassiano,carampane,1934.0,,,cassiano,Santa Croce,"(12.330082356791156, 45.441167046514536)"
,,,,,Sandon,"Antonio,",,,,ss. Ermagora e Fort.,rio terra due ponti,1699.0,,,ermargora e fortunato,NO MATCH,"(None, None)"
,,,,,Saoner,"Angelo,",,,,"s, Cassiano",ponte delle beccarie,1590.0,,,cassiano,Santa Croce,"(12.327983616406845, 45.440039318303924)"
,,,,,Sartori,"Angelo,",,,,ss. Ermag. e Fort.,calle dell’ anconetta,1912.0,,,ermargora e fortunato,NO MATCH,"(None, None)"
,,,,,Scarpa,"Gio,; Battista,",,,,s. M. del Giglio,calle lunga s. Moisé,2380.0,,,maria del giglio,San Marco,"(12.334429253508276, 45.43293308952013)"
,,,,,Schezzi,"Antonio,",,,,s. Martino,fond. s. Biagio,2139.0,,,martino,Castello,"(12.350202229778965, 45.43234209987233)"
,,,,,Schieven,"Luciani; Anna,",,,,s. Zaccaria,ruga giuffa,4885.0,,,zaccaria,Castello,"(12.342104848930427, 45.43655820017468)"
,,,,,Seulier,"Giovanni,",,,,s. Canciano,salizzada,5562.0,,,canciano,Cannaregio,"(12.337762421745582, 45.43978192639869)"
,,,,,Socal,Giovanni,,,,s. M. Gloriosa dei Frari,calle dei Saoneri,2747.0,,,maria gloriosa dei frari,San Polo,"(12.328647395574116, 45.43672003100496)"
,,,,,Spinola,"Andrea,",,,,s. M. del Carmine,calle del cappeller,3216.0,,,maria dei carmini,Dorsoduro,"(12.325512853311356, 45.43396238527855)"
,,,,,Stivanello,"Giuseppe,",,,,s. Gio. in Bragora,calle del Pestrin,3884.0,,,giovanni in bragora,Castello,"(12.347960087201127, 45.434878919858875)"
166,,,,,,,,,,,,,,,,,"(None, None)"
,,,,,Teruzzi,"Giacomo,",,,,s. Silvestro,calle. di mezzo s. Aponal,1246.0,,,silvestro,San Polo,"(12.332015212003878, 45.43765666938112)"
,,,,,Tesolato,"Francesco,",,,,s. Felice,calle della chiesa,4189.0,,,felice,Cannaregio,"(None, None)"
,,,,,Todaro,"Francesco,",,,,s. M. del Carmine,fond. del soccorso,2606.0,,,maria dei carmini,Dorsoduro,"(12.32154533647757, 45.43375920653252)"
,,,,,Trevisan,"Giuseppe,",,,,ss. Gio. e Paolo,calle dell’ erbe,6108.0,,,giovanni e paolo,Castello,"(12.339988526603907, 45.438218602047804)"
,,,,,Udalespi,"Uberto,",,,,s. Zaccaria:,calle della chiesa,4499.0,,,zaccaria,Castello,"(12.34172468659268, 45.43543485951473)"
,,,,,Vescovi,"Giuseppe,; Maria",,,,s. Marco,frezzeria,1289.0,,,marco,San Marco,"(12.336618148761072, 45.433340312133716)"
,,,,,Vianello,"Matteo,",,,,s. Ermag. e Fort.,calle Noal,2263.0,,,ermargora e fortunato,NO MATCH,"(None, None)"
,,,,,Vienna,"Matteo,",,,,s. Salvatore,ponte del lovo,4772.0,,,salvador,San Marco,"(12.335645583118922, 45.436504202541755)"
,,,,,Zambelli,"Domenico,",,,,s. Felice,ealle del Linarol,3686.0,,,felice,Cannaregio,"(12.333048433506002, 45.441789878980764)"
,,,,,Zambon,"Antonio,",,,,s. Stefano,calle dell’ albero,3862.0,,,stefano,San Marco,"(12.330977582923628, 45.43527938157452)"
,,,,,Zamburlin,"Luigi,",,,,s. Francesco,salizzada s. Giustina,2918.0,,,francesco,Castello,"(12.346577986876644, 45.43733726822598)"
,,,,,Zamolo,"Costante,",,,,s. Marco,ramo fuseri,1815.0,,,marco,San Marco,"(None, None)"
,,,,,Zanvettori,"Giovanni,",,,,s. Pantaleone,crosera,3814.0,,,pantalon,Dorsoduro,"(12.325328175195423, 45.43591523639609)"
,,,,,Zavagno,"Daniele,",,,,s. M. Gloriosa dei Frari,calle dell’ olio,2411.0,,,maria gloriosa dei frari,San Polo,"(12.326395426724762, 45.438382081219885)"
,,,,,Ziché,"Giuseppe,",,,,s. M. Gloriosa dei Frari,salizz. s. Polo,2199.0,,,maria gloriosa dei frari,San Polo,"(12.329324898484941, 45.43870140125886)"
,,,,,Ziffi,"Tranquillo,",,,,ss. Ermag. e Fortunato,calle Loredana,2693.0,,,ermargora e fortunato,NO MATCH,"(None, None)"
,,,,,Zignoli,"Luigi,",,,,s. Stefano,calle delle botteghe,2973.0,,,stefano,San Marco,"(12.330127479378566, 45.43397929067547)"
,,,,,Zoccol,"Domenico,",,,,s. Stefano,piscina s. Samuele,3434.0,,,stefano,San Marco,"(12.330279718047958, 45.4341525639265)"
,,CAMBIO VALUTE.,,,,,,,,,,,,,,,"(None, None)"
,,,,,Battaggia; Battaggia,"Giovanni; Antonio,",,,Comp.,s. Zaccaria,calle s. Apollonia,4323.0,,,zaccaria,Castello,"(12.34103372008446, 45.43508326995672)"
,,,,,Camavito,"Pier; Antonio,",,,,s. Salvatore,merceria stretta,5053.0,,,salvador,San Marco,"(12.336435431513722, 45.43716412290466)"
,,,,,Collalto,"Francesco; Andrea,",,,,s. Marco,rio terra delle camp.,988.0,,,marco,San Marco,"(12.337030843298294, 45.43526562882035)"
,,,,,Cuti,Giuseppe,,,"del fu David,",s. Salvatore,merceria,4856.0,,,salvador,San Marco,"(12.336905529257729, 45.43652616663636)"
,,,,,Curti,"Giovanni,",,,,s. Silvestro,ruga degli orefici,90.0,,,silvestro,San Polo,"(12.334671328210117, 45.43893723698335)"
,,,,,De Chantal,"Giulio,",,,,s. Zaccaria,ponte di Canonica,4313.0,,,zaccaria,Castello,"(12.340724447039154, 45.435019650191656)"
,,,,,De Chantal,"Giulio,",,,,s. Marco,procuratie vecchie,103.0,,,marco,San Marco,"(12.337636250910096, 45.434204513369515)"
,,,,,Finzi,"Ventura,",,,,s. Silvestro,ponte rialto,6.0,,,silvestro,San Polo,"(12.33585038975325, 45.438152805981574)"
,,,,,Giraldon,"Bartolomeo,",,,,s. Salvatore,merceria stretta,5048.0,,,salvador,San Marco,"(12.336579776185541, 45.43732610510116)"
,,,,,Girelli.,"Gio.; Battista,",,,,s. Marco,bocca di piazza,1236.0,,,marco,San Marco,"(12.336641946212891, 45.433765268172074)"
,,,,,Levi,"Abramo,",,,,s. Marco,merceria s. Giuliano,742.0,,,marco,San Marco,"(None, None)"
,,,,,Levi; Cutti, Isabella,,,,s. Marco,ai Leoni,354.0,,,marco,San Marco,"(12.339636907135757, 45.43506277751589)"
,,,,,Leis,Edoardo,,,"di Carlo,",s. Marco,ai Leoni,303.0,,,marco,San Marco,"(12.339067442919717, 45.43478630982513)"
,,,,,Mazzarolli,"Angelo,",,,,s. Salvatore,campo s. Bortolomeo,5176.0,,,salvador,San Marco,"(12.336651367996685, 45.43748678388668)"
,,,,,Michieletti,"Toffoli; Margherita,",,,,s. Salvatore,campo s. Boriolomeo,5313.0,,,salvador,San Marco,"(12.336698424879813, 45.43772275978993)"
,,,,,Ongaro,"Luigi,",,,,s. Marco,calle larga,420.0,,,marco,San Marco,"(12.339514207349474, 45.43525869959392)"
,,,,,Orefice,"Samuele,",,,,s. Salvatore,a s. Bortolomeo,5233.0,,,salvador,San Marco,"(12.337073068339917, 45.437147745819495)"
167,,,,,,,,,,,,,,,,,"(None, None)"
,,,,,Pasquini,"Pietro,",,,,s. Silvestro,ruga degli orefici,24.0,,,silvestro,San Polo,"(12.335402777067351, 45.43838342254772)"
,,,,,Penso,Giuseppe,,,"di G.,",s: Marco,merceria s. Giuliano,728.0,,,marco,San Marco,"(None, None)"
,,,,,Pesaro,Leone; Giuseppe,,,,s. Zaccaria,ponte del vin,4193.0,,,zaccaria,Castello,"(12.342146909864399, 45.4339039336644)"
,,,,,Riettt,"David,",,,,'s. Luca,calle dei: fuseri,1699.0,,,luca,San Marco,"(12.335839687059723, 45.43446380394254)"
,,,,,Tosi,"Giacomo,",,,,s. Marco,all’Ascensione,1290.0,,,marco,San Marco,"(12.336720092970738, 45.43334148420199)"
,,,,,Tomasuzzi,"Luigi,",,,,s. Salvatore,ponte di rialto,5332.0,,,salvador,San Marco,"(12.336095478659685, 45.43800946639537)"
,,,,,Viterbi,"Graziadio,",,,,s. Marco,precuratie vecehie,142.0,,,marco,San Marco,"(12.338728771521406, 45.43467709921292)"
,,,,,Visentini; Binetti,"Marco; Giuseppe,",,,rapp. da Paulovich Giovanni,s. Marco,merceria s. Giuliano,232.0,,,marco,San Marco,"(12.338450609639095, 45.435577647847644)"
,,CAMPANE DI METALLO,,( Fabbrica di),,,,,,,,,,,,,"(None, None)"
,,,,,Bazo,"Pietro,",,,,s. Giovanni di Murano,alla scuola,,,,giovanni di murano,NO MATCH,"(None, None)"
,,CANAPA E LINI.,,Nosianti e venditori ).,,,,,,,,,,,,,"(None, None)"
,,,,,Antonini,"Andrea,",,,"anche p.p. da Antonini Nicold,",s. Zaccaria,rugagiuffa palazzo Grimani,4858.0,,,zaccaria,Castello,"(12.342090011263657, 45.43690488684787)"
,,,,,Balbi,"Stefano,",,,,s. M. Formosa,salizzada s. Llo,5679.0,,,maria formosa,Castello,"(12.339112184556695, 45.43762467629937)"
,,,,,Barbieri,"Gio.; Battista,",,,,s. Canciano,corte del Leon Bianco,5638.0,,,canciano,Cannaregio,"(12.336250478832989, 45.439853970612646)"
,,,,,Brinis,‘Andrea,,,,s. Luca,campiello della malvasia,4411.0,,,luca,San Marco,"(12.335717233845441, 45.4351730636603)"
,,,,,Capri,"Giuseppe,",,,,s. Marziale,"campiello dei fiori s, Fosca",2243.0,,,marziale,Cannaregio,"(12.332291269004697, 45.44239314522079)"
,,,,,Chittarin,"Antonio,",,,,s. Salvatore,ponte di rialto,5328.0,,,salvador,San Marco,"(None, None)"
,,,,,Chittarin,"Antonio,",,,,s. Salvatore,ponte di rialto,5329.0,,,salvador,San Marco,"(12.335992107086005, 45.43806967874082)"
,,,,,Chittarin,Giovanni,,,"fu Matteo,",s. Salvatore,fond. dei tedeschi,5349.0,,,salvador,San Marco,"(12.336771484097886, 45.43804611330393)"
,,,,,Cogo,"Alvise,",,,,s. Zaccaria,riva degli schiavoni,4172.0,,,zaccaria,Castello,"(12.343452625013581, 45.43408079734747)"
,,,,,Perotto,"Giuseppe,",,,,s. Zaccaria,riva degli schiavoni,4190.0,,,zaccaria,Castello,"(None, None)"
,,,,,Zoppetti,"Giuseppe,",,,,s. Felice,calle del Cristo s. Sofia,4226.0,,,felice,Cannaregio,"(12.335354745332378, 45.441347807932274)"
,,CANDELE DI CERA (,,Vedi Cera e Ceralavorata ).,,,,,,,,,,,,,"(None, None)"
,,CANDELE DI SEGO.,,(Fabbricatori di).,,,,,,,,,,,,,"(None, None)"
,,,,colatura grass.,Armani,"Giuseppe,",,,,s. Geremia,fond. penitenti,995.0,,,geremia,Cannaregio,"(12.322097971002577, 45.445284894167976)"
168,,,,,,,,,,,,,,,,,"(None, None)"
,,,,,Bergamin,"Nicolo,",,,,s. Gervasio e Protasio,fond. Lombardo,1313.0,,,gervasio e protasio,Cannaregio,"(12.326078822301948, 45.44391664247964)"
,,,,,Miiller,"Venceslao,",,,,Angelo Raffaele,corte maggiore,2436.0,,,angelo raffaele,NO MATCH,"(None, None)"
,,,,,Pezzan,"Andrea,",,,,s. Geremia,calle delle beccarie,733.0,,,geremia,Cannaregio,"(None, None)"
,,,,,Romiti,"Angela,",,,,s. Geremia,corte dei vedei,1045.0,,,geremia,Cannaregio,"(12.323144702799183, 45.44542660298969)"
,,,,,Vian,Pietro; Antonio,,,,s. Francesco,calle Sagrédo,2758.0,,,francesco,Castello,"(12.348887190286922, 45.43811327639961)"
,,CANDELE DI STEARINA,,,,,,,,,,,,,,,"(None, None)"
,,,,,Valatelli,Giuseppe,,,"q.Antonio;rapp. la privilegiata I. R. Fabbrica di candelle steariche della Mira,",s. Zaccaria,rugagiuffa ramo Grimani,4857.0,,,zaccaria,Castello,"(12.342032456008589, 45.43690189225134)"
,,CANFINO (,,fabb. e vendita ).,,,,,,,,,,,,,"(None, None)"
,,,,,Koepff,"Cristiano,",,,,ss. Giov. e Paolo,salizzada,6734.0,,,giovanni e paolo,Castello,"(None, None)"
,,,,,Bon,Giuseppe,,,"di Natale,",s. Nicola da Tolentino,fondamenta Condulmer,269.0,,,nicola da tolentino,Santa Croce,"(12.320983881568633, 45.43713992659658)"
,,CANTIERI DI COSTRUZIONE E SQUERI.,,,,,,,,,,,,,,,"(None, None)"
,,,,costrutt. nav.,Amadi,"Alessandro,",,,,s. Pietro,in paludo s. Gius.,835.0,,,pietro,Castello,"(12.358864961726416, 45.43034380616155)"
,,,,cost. nav.,Amadi,Giacomo,,,,s. Pietro,calle del pistor,4588.0,,,pietro,Castello,"(12.341816973872273, 45.43448539240629)"
,,,,squero da sottile,Bigon,"Francesco,",,,,s. Pietro,sottop. colonne,1430.0,,,pietro,Castello,"(12.353253649180706, 45.43107455533618)"
,,,,cost. nav. squero da sottile,Canciani,"Francesco,",,,,Angelo Raffaele,fondamenta,1769.0,,,angelo raffaele,NO MATCH,"(None, None)"
,,,,cost. nav. squero da sottile,Canciani,"Francesco,",,,,Angelo Raffaele,fondamenta,1775.0,,,angelo raffaele,NO MATCH,"(None, None)"
,,,,squero da sottile,Casal,Giuseppe,,,,ss. Ermag. e Fortunato,calle del pignater,1935.0,,,ermargora e fortunato,NO MATCH,"(None, None)"
,,,,squero da sottile,Cucco,Angelo,,,,Ang. Raffaele,s. Nicolo,2228.0,,,angelo raffaele,NO MATCH,"(None, None)"
,,,,squero da sottile,Cucco,"Antonio,",,,,all’Ang. Raffaele,in cimitero,1717.0,,,angelo raffaele,NO MATCH,"(None, None)"
,,,,squero da sottile,Cucco,"Giacomo,",,,,Angelo Raff.,calle nuova,1677.0,,,angelo raffaele,NO MATCH,"(None, None)"
,,,,squero da sottile,Cucco,"Girolamo,",,,,"Ang. Raffaele,",fond. rughetta,2224.0,,,angelo raffaele,NO MATCH,"(None, None)"
,,,,squero da sottile,Cucco,Pietro,,,"fu Giuseppe,",Angelo Raff.,calle delle pignatelle,1946.0,,,angelo raffaele,NO MATCH,"(None, None)"
,,,,squero da sottile,De Pellegrini,"Michiele,",,,,s. Pietro,campazzo quintavalle,31.0,,,pietro,Castello,"(12.359216254499508, 45.43312432612711)"
,,,,squero da sott.,Fassi,"Andrea,",,,,ss. Gio. Paolo,calle dello squero,6306.0,,,giovanni e paolo,Castello,"(12.34191567279173, 45.43876448633311)"
169,,,,,,,,,,,,,,,,,"(None, None)"
,,,,squero da sott.,Fassi,"Valentino,",,,,ss. Ger.e Protasio,calle squero,1303.0,,,gervasio e protasio,Cannaregio,"(12.325910176260809, 45.44375168014143)"
,,,,squero da sottile,Fonda,"Pietro,",,,,s. Pietro,ramo s. Domenico,1275.0,,,pietro,Castello,"(12.354379397742381, 45.431027423309125)"
,,,,squero da sottile,Gervasoni,"Maria,",,,,ss. Ermagora e Fortunato,campiello lombardo,1954.0,,,ermargora e fortunato,NO MATCH,"(None, None)"
,,,,squero da sottile,Grapputo,"Pietro,",,,,s. Pietro,salizz. stretta,367.0,,,pietro,Castello,"(12.357243755928346, 45.43457342334438)"
,,,,costrutt. nav.,Grasso,"Pietro,",,,,s. Pietro,calle schiavona,1276.0,,,pietro,Castello,"(12.354424857959831, 45.43108073373481)"
,,,,costruttore navale,Menetto,"Giuliano,",,,,s. Pietro,quintavalle.,,,,pietro,Castello,"(None, None)"
,,,,squero da sottile,Miani,"Antonio,",,,,s. Pietro,ramo dello squero,1634.0,,,pietro,Castello,"(12.351727529632948, 45.431718805428176)"
,,,,mastro calafato,Monello,"Giovanni,",,,,s. Gio. in Bragora,calle della pieta,3644.0,,,giovanni in bragora,Castello,"(12.345429976377126, 45.43488039877834)"
,,,,costrutt. nav.,Pavan,"Angelo,",,,,s. Pietro,calle s. Domenico,1266.0,,,pietro,Castello,"(None, None)"
,,,,squero da sottile,Penso,"Domenico,",,,,s. Giacomo dall’orio ,fondamenta della chiesa,1677.0,,,giacomo dall'orio,Santa Croce,"(12.327357607457595, 45.44132520403339)"
,,,,squero da sottile,Sabe,"Luigi,",,,,ss. Gerv. e Protasio,campiello squero,1547.0,,,gervasio e protasio,Cannaregio,"(None, None)"
,,,,squero da sott.,Schiavon,"Natale,",,,,s. Marziale,corte dei muti,3454.0,,,marziale,Cannaregio,"(12.333382995146174, 45.4448563678292)"
,,,,squero da sottile,Sisto,"Angelo,",,,,ss. Ermag. e Fort.,calleselle,1503.0,,,ermargora e fortunato,NO MATCH,"(None, None)"
,,,,squero da sott.,Torcoli,"Fiorenzio,",,,,ss.Apostoli,corte dello squero,4691.0,,,apostoli,Cannaregio,"(12.336971695454823, 45.442035323318734)"
,,,,alborante,Vianello,"Giovanni,",,,,s. Pietro,calle Pisani,1610.0,,,pietro,Castello,"(12.35210278160922, 45.43158419264135)"
,,,,costrutt. navale,Vignola,Girolamo,,,,ss. Gervasio e Protasio,s. Basilio,1647.0,,,gervasio e protasio,Cannaregio,"(12.327675748974123, 45.44376518482082)"
,,,,alborante,Vio,"Giovanni,",,,,s. Pietro,calle colonne,1453.0,,,pietro,Castello,"(12.353100800170834, 45.43123546948315)"
,,,,squero da sottile,Zanon,"Sebastiano,",,,,s. M. del Rosario,calle squero s. Gregorio,592.0,,,madonna del rosario,Dorsoduro,"(12.329723027518114, 45.42950909874841)"
,,,,squero da sott.,Zennaro,"Giuseppe,",,,,ss. Gerv. e Protasio,campo,1092.0,,,gervasio e protasio,Cannaregio,"(12.324346418395505, 45.444856868550836)"
,,,,squero da,Zonelli,"Vincenzo,",,,,s. Pietro,calle dei preti,52.0,,,pietro,Castello,"(None, None)"
,,CAPO MASTRI.,,,,,,,,,,,,,,,"(None, None)"
,,,,,Bino,"Giuseppe,",,,,s. Giacomo dall’Orio,calle del forno,1962.0,,,giacomo dall'orio,Santa Croce,"(12.32996755730861, 45.4412412929519)"
,,,,,Bortoluzzi,Vincenzo,,,"d. Canova,",s. Pantal.,corte Marcona,3833.0,,,pantalon,Dorsoduro,"(12.325748939093678, 45.435501558156325)"
,,,,,Bosio,Francesco,,,"fu Sebastiano,",s. Martino,campo dei due pozzi,2615.0,,,martino,Castello,"(12.348546111341976, 45.43595937861296)"
,,,,,Brazzoduro,"Giovanni,",,,,s. Franc. della Vigna,corte nuova,2880.0,,,francesco della vigna,Castello,"(12.346565242862264, 45.436982981409535)"
,,,,,Cadel,"Gio.; Maria,",,,,s. Marziale,fond. s. Alvise,3179.0,,,marziale,Cannaregio,"(12.32805094987867, 45.44743497963585)"
,,,,,Cassellari,"Giovanni,",,,,ss. Ermagora e Fortunato,rio terra della Maddalena,2075.0,,,ermargora e fortunato,NO MATCH,"(None, None)"
,,,,,Cassetti,Luigi,,,,s. Simeone,,597.0,,,simeon,Santa Croce,"(12.321480279647544, 45.438725478299865)"
170,,,,,,,,,,,,,,,,,"(None, None)"
,,,,,Cima,Gabriele,,,,s. Gio. Grisostomo,ponte dell’ olio,5185.0,,,giovanni grisostomo,Cannaregio,"(12.339969131891442, 45.44241779645186)"
,,,,,Cotin,"Marco,",,,,s. Simeone,calle Vissega,797.0,,,simeon,Santa Croce,"(12.324790905583711, 45.439384456779074)"
,,,,,Dall’Asta,"Domenico,",,,,s. Cassiano,calle del campanil,1762.0,,,cassiano,Santa Croce,"(12.328513380074194, 45.440891479970865)"
,,,,,Dal Maschio,"Andrea,",,,,s. Luca,calle locande,4322.0,,,luca,San Marco,"(12.334855809797888, 45.434982518114985)"
,,,,,Davilla,"Boschetto; Giuseppe,",,,,s. Cassiano,salizz. Carminati,1892.0,,,cassiano,Santa Croce,"(12.329081861719876, 45.44010259912122)"
,,,,,Dionisi,"Rinaldo,",,,,s. Nicola da Tolent.,fond. Pagan,309.0,,,nicola da tolentino,Santa Croce,"(12.319084819788623, 45.43536210698967)"
,,,,,Fagarazzi,Antonio,,,"detto De Mattia,",s. Giacomo dall’ Orio,calle del tintor,1637.0,,,giacomo dall'orio,Santa Croce,"(12.32861560141092, 45.4403558102552)"
,,,,,Fagarazzi,"Gio.; Batta,",,,,s. M. Formosa,calle lunga,6174.0,,,maria formosa,Castello,"(12.34140827539265, 45.43780853896449)"
,,,,,Funes,"Giovanni,",,,,s. Cassiano,calle della Chiesa,2182.0,,,cassiano,Santa Croce,"(12.330685530413549, 45.43996553402393)"
,,,,,Giacomazzi,"Marc’; Antonio; Pietro,",,,,s. Polo,corte seura,2057.0,,,polo,San Polo,"(12.329917984051741, 45.43659122568256)"
,,,,,Locatelli,"Giovanni,",,,,s. Maria Gloriosa dei Frari,calle dei saoneri,2666.0,,,maria gloriosa dei frari,San Polo,"(12.328692844482664, 45.43730373091787)"
,,,,,Mantecchini,"Antonio,",,,,s. Angelo Raffaele,calle squero,1688.0,,,angelo raffaele,NO MATCH,"(None, None)"
,,,,,Minella,"Gio.; Batta,",,,,s. Marziale,calle del forno,2664.0,,,marziale,Cannaregio,"(12.329809782722593, 45.44580660198732)"
,,,,,Miotti,"Luigi,",,,,s. Simeone,lista vecchia,1240.0,,,simeon,Santa Croce,"(12.32563734513049, 45.44109881091581)"
,,,,,Molla,"Giacomo,",,,,s. Stefano,calle delle botteghe,3129.0,,,stefano,San Marco,"(12.329889780931813, 45.43416264240207)"
,,,,,Musitelli,"Luigi,",,,,s. Martino,,2290.0,,,martino,Castello,"(12.348858545227108, 45.434128312856245)"
,,,,,Padoyan,"Giovanni,",,,,s. Cassiano,calle Baglioni,1870.0,,,cassiano,Santa Croce,"(12.329195350548062, 45.440402971107325)"
,,,,,Paulon,"Valentino,",,,,s. M. del Carmine,calle lunga,2866.0,,,maria dei carmini,Dorsoduro,"(12.323933705658161, 45.43269993698473)"
,,,,,Prian,Luigi,,,,s. M. Mater Domini,calle lunga,2146.0,,,maria mater domini,Santa Croce,"(12.329807835246841, 45.439258351876376)"
,,,,,Sardi,"Giovanni,",,,,s. Samuele,salizz. Malipiero,3211.0,,,samuele,San Marco,"(12.32888253903569, 45.43379723904572)"
,,,,,Sardi,"Nicold,",,,,s. Stefano,calle stampator,3089.0,,,stefano,San Marco,"(12.329059836399518, 45.43344360763038)"
,,,,,Vareton,"Pietro,",,,,s. Marziale,calle s. Basso,3351.0,,,marziale,Cannaregio,"(12.331676114869554, 45.445832732283364)"
,,,,,Zambon,"Giacomo,",,,,s. Geremia,orto Sagredo,1080.0,,,geremia,Cannaregio,"(12.323752040183164, 45.44474426562678)"
,,CAPPELLI DA UOMO.,,,,,,,,,,,,,,,"(None, None)"
,,,,,Anconetti,"Carlo,",,,,"s, Luca",calle dei fabbri,4658.0,,,luca,San Marco,"(12.335433535243848, 45.43647424770396)"
,,,,,Bertiatto,"Vincenzo,",,,,s. Marco,calle Santa,1398.0,,,marco,San Marco,"(12.336155734501475, 45.43268947579563)"
,,,,,Casonato,"Giulio,",,,,s. M. del Giglio,calle lunga s. Moisé,2404.0,,,maria del giglio,San Marco,"(12.333901342335363, 45.43287008471893)"
,,,,,Chisoni,"‘Costantino,",,,,ss. Salvatore,calle del lovo,4818.0,,,salvador,San Marco,"(12.335849547020157, 45.43662911575326)"
,,,,,De Paoli,"Modena; Teresa,",,,,s. Marco,merceria dell’orologio,296.0,,,marco,San Marco,"(12.338795017136487, 45.43494234152706)"
,,,,,Drog,"Antonio,",,,,s. Marco,procuratie vecchie,140.0,,,marco,San Marco,"(12.338673527038353, 45.43465352445247)"
,,,,,Drog,"Antonio,",,,,s. Giuliano,in merceria,712.0,,,zulian,San Marco,"(12.337918783092322, 45.43596944281067)"
,,,,,Drog,"Antonio,",,,,s. Giuliano,in merceria,713.0,,,zulian,San Marco,"(None, None)"
,,,,,Faccioli,"Luigi,",,,,s. Marco,ealle II dell’Ascensione,1294.0,,,marco,San Marco,"(None, None)"
,,,,,Ferriguto,"Biagio,",,,,s. Marco,merceria s. Giuliano,736.0,,,marco,San Marco,"(12.338138911072717, 45.43580671050891)"
,,,,,Ferro,"Bartolammeo,",,,,ss. Salvatore,merceria,4833.0,,,salvador,San Marco,"(12.336505269773879, 45.43690743383741)"
171,,,,,,,,,,,,,,,,,"(None, None)"
,,,,,Gardani,"Guglielmo,",,,,s. M. Gloriosa dei Frari,calle Albanesi,3045.0,,,maria gloriosa dei frari,San Polo,"(12.325971181670278, 45.43653637248183)"
,,,,,Indri,"Giacomo,",,,,ss. Ermagora e Fortunato,rio terra dei due ponti,1515.0,,,ermargora e fortunato,NO MATCH,"(None, None)"
,,,,,Mander,"Antonio,",,,,s. Luca,calle dei fuseri,4337.0,,,luca,San Marco,"(12.335284979366152, 45.435219359312946)"
,,,,,Marchesi,"Alessandro,",,,,s. Marco,merceria s. Giuliano,744.0,,,marco,San Marco,"(12.338259596398151, 45.43563276833071)"
,,,,,Marchesi,"Alessandro,",,,,s. Marco,merceria dell’orologio,231.0,,,marco,San Marco,"(12.338344450166987, 45.43552922759694)"
,,,,fabb. di cappelli,Marchesi; Brutti,,,,,s.Canciano,sottop. Widmann,5396.0,,,canciano,Cannaregio,"(12.339634643549447, 45.44013160258109)"
,,,,,Messina,"Andrea,",,,,s. Salvatore,in merceria,4862.0,,,salvador,San Marco,"(12.337096398099337, 45.436435818664194)"
,,,,,Messina,"Andrea,",,,,s. Salvatore,campo s. Bortolammeo,5162.0,,,salvador,San Marco,"(12.336211930564426, 45.437863952102184)"
,,,,,Moretti,"Giuseppe,",,,,s. Marco,merceria dell’orologio,268.0,,,marco,San Marco,"(12.338680269014915, 45.43506940259195)"
,,,,,Nicoli,"Luigi,",,,,s. Silvestro,rughetta stretta del ravano,1053.0,,,silvestro,San Polo,"(12.332925196998218, 45.437984780722154)"
,,,,,Panciera,"Luigi,",,,,ss. Apostoli,calle dell’ Oca,4267.0,,,apostoli,Cannaregio,"(12.335235162179936, 45.44090700656925)"
,,,,,Parmesan,"Giuseppe,",,,,s. Marco,merceria dell’orologio,217.0,,,marco,San Marco,"(12.338558662023802, 45.43519350658586)"
,,,,,Perruchini,"Luigi,",,,,s. Gio in Bragora,sottop. dei Corazzeri,3832.0,,,giovanni in bragora,Castello,"(12.347464606150876, 45.434769451332876)"
,,,,,Silia,"Giuseppe,",,,,s. Salvatore,merceria,4857.0,,,salvador,San Marco,"(12.336933040178003, 45.43651334577269)"
,,,,,Tamburlin,"Francesco,",,,,s. Salvatore,calle della Bissa ponte s. Antonio,5463.0,,,salvador,San Marco,"(None, None)"
,,,,,Zanmarchi,"Dolcetta; Elisabetta,",,,,s. Salvatore,merceria,2349.0,,,salvador,San Marco,"(None, None)"
,,CAPPOTTI DI LANA.,,(fabbrica e vendita),,,,,,,,,,,,,"(None, None)"
,,,,,Brigiacco,"Cristoforo,",,,,s. Zaccaria,riva dei Schiavoni,4208.0,,,zaccaria,Castello,"(None, None)"
,,,,,Brigiacco,"Cristoforo,",,,,s. Salvatore,ponte rialto,5327.0,,,salvador,San Marco,"(12.335977928474454, 45.43800131935378)"
,,,,,Gazzoi,"Demetrio,",,,,s. Silvestro,ponte rialto,12.0,,,silvestro,San Polo,"(12.335697239920194, 45.438166154513496)"
,,"CARBON COMUNE, FOSSILE E COKE.",,(Negozianti e Venditori ).,,,,,,,,,,,,,"(None, None)"
,,,,neg. carbone com.,Cosulich,"Matteo; Aniceto,",,,,s. Stefano,calle delle botteghe,3452.0,,,stefano,San Marco,"(12.3300268707172, 45.43406097145711)"
,,,,neg. carbon com.,Dal Toso,"Giovanni,",,,,s. Salvatore,calle dei fabbri,4720.0,,,salvador,San Marco,"(12.33584121724768, 45.436065659612844)"
,,,,neg. carbon com.,De Fanti,"Angelo,",,,,s. Gio. in Bragora,salizzada s.Autonino,3606.0,,,giovanni in bragora,Castello,"(12.346870872890694, 45.4349613542094)"
,,,,"neg. di carbon comune,",Formentello,"Pietro,",,,,"s, Luca",riva del carbon,4642.0,,,luca,San Marco,"(12.334863832321869, 45.43695113193115)"
172,,,,,,,,,,,,,,,,,"(None, None)"
,,,,"neg. carbon fossile e coke,",Malcolm; Malcolm,Alessandro,"fratelli,",,rapp. da Giovanni Malcolm,s. M. del Giglio,fond. Barbarigo e Duodo,2804.0,,,maria del giglio,San Marco,"(12.330413894448172, 45.43273365330531)"
,,,,"neg. di carbon comune,",Schizzi,"Giuseppe,",,,,s. Luca,riva del carbon,4791.0,,,luca,San Marco,"(12.334993435494647, 45.43702444212642)"
,,,"Societd dell’ 2luminazione a Gaz,","neg. di carbon fossile e coke,",Schizzi,"Giuseppe,",,,rapp. da Carlo Giovellina.,s. Franc. della Vigna,in campo,2821.0,,,francesco della vigna,Castello,"(12.346360280976985, 45.43854532207942)"
,,,"Societa Montanistica,","neg. carbon fossile e coke,",Schizzi,"Giuseppe,",,,"rapp. da Apperle Carlo Edoardo,",s. Eufemia,alla Giudecca,800.0,,,eufemia,Dorsoduro,"(12.32760646736321, 45.42941236538175)"
,,,"Societa Veneta per le miniere,","neg. carbon fossile e coke,",Schizzi,"Giuseppe,",,,rapp. da Papadopoli Spiridione,s. Marco,ponte dei Dai,834.0,,,marco,San Marco,"(12.33759677853345, 45.43473707329169)"
,,,,negoz. di carbon comune,Zacutti,"David,",,,,s. Silvestro,riva del Vin,723.0,,,silvestro,San Polo,"(12.335373195035157, 45.4380167388841)"
,,CARTA ED ALTRI ARTICOLI DI CANCELLERIA.,,(negozianti e venditori).,,,,,,,,,,,,,"(None, None)"
,,,,,Ambrosi,"Vincenzo,",,,,s. Salvatore,calle della bissa,5456.0,,,salvador,San Marco,"(12.337462948625637, 45.4377550402567)"
,,,,,Antonelli,"Giuseppe,rapp.",,,anche da Antonelli Antonio,s. Marziale,fond. della Misericordia,3597.0,,,marziale,Cannaregio,"(12.333974065209759, 45.4434645077383)"
,,,,,Bertancini,Francesco,,,"del fa Ercole,",s. Zaccaria,riva degli Schiavoni,4162.0,,,zaccaria,Castello,"(12.343793957850458, 45.434104459228294)"
,,,,,Berti,"Pietro,",,,,s. Marco,merceria s. Giuliano,710.0,,,marco,San Marco,"(12.33800366986738, 45.435921635992266)"
,,,,,Bertoli,"Nicold,",,,,s. M. del Carmine,calle lunga,2759.0,,,maria dei carmini,Dorsoduro,"(12.324834057996956, 45.432780757878334)"
,,,,,Biasiuti,"Pietro,",,,,ss. Gervasio e Protasio,calle del forno,1024.0,,,gervasio e protasio,Cannaregio,"(None, None)"
,,,,,Bigaglia,"Mazzaro; Marietta,",,,,s. Pantaleone,calle del spezier,3740.0,,,pantalon,Dorsoduro,"(12.32504889520594, 45.43563216934682)"
,,,,,Bonn,"Giuseppe,",,,,s. Felice,calle dell’Oca,4348.0,,,felice,Cannaregio,"(12.335825605207042, 45.44086906093656)"
,,,,,Brizeghel,"Giovanni,",,,,s. Marco,merceria dell’orologio,300.0,,,marco,San Marco,"(12.338873232235162, 45.43485381422978)"
,,,,,Cambiasio,"Giovanni,",,,,s. Pantaleone,calle Visentini,66.0,,,pantalon,Dorsoduro,"(12.334189913774837, 45.42909917573181)"
,,,,,Carati,"Giuseppe,",,,,s. Canciano,sottop. s. Gio. Grisostomo,5690.0,,,canciano,Cannaregio,"(12.33701359250504, 45.43948334025654)"
,,,,,Ceselin,"Vincenzo,",,,,s. Silvestro,sottop. degli orefici,158.0,,,silvestro,San Polo,"(12.335027735193629, 45.43945190667071)"
,,,,,Colmega,"Bernardo,",,,,s. Silvestro,ruga degli speziali,383.0,,,silvestro,San Polo,"(12.334362837371442, 45.43908174931597)"
,,,,,Comisso,"Antonio,",,,,s. Zaccaria,a s. Lorenzo,5049.0,,,zaccaria,Castello,"(12.344216390950882, 45.43655373824669)"
,,,,,Tondelli,"Vincenzo,",,,,s. Luca,calle della mandola,3725.0,,,luca,San Marco,"(None, None)"
,,,,,Forti,Michiele,,,"fu Angelo,",s. Marco,calle larga,360.0,,,marco,San Marco,"(12.339155032716835, 45.43510207233004)"
,,,,,Forti,"Michiele,",,,,s. Zaccaria,ponte ruga giuffa,4863.0,,,zaccaria,Castello,"(12.341947680666992, 45.43670210993112)"
,,,,,Franchini,"Zambelli; Giuseppina,",,,,s. Zaccaria,ruga giuffa s. Apollonia,4300.0,,,zaccaria,Castello,"(12.340847694738022, 45.435025123579386)"
,,,,,Frankel,"Giuseppe,",,,,s. Marco,in Canonica,710.0,,,marco,San Marco,"(12.33800366986738, 45.435921635992266)"
173,,,,,,,,,,,,,,,,,"(None, None)"
,,,,,"Frankel; Tognola,", Vincenzo; Tognola,,,,s. Marco,in Canonica,710.0,,,marco,San Marco,"(12.33800366986738, 45.435921635992266)"
,,,,,Galvani,"Andrea,",,,,s. Zaccaria,fond. s. Apollonia,4509.0,,,zaccaria,Castello,"(12.341686413653834, 45.435172399418676)"
,,,,,Galvani,,"sorelle,",,"rapp. da Nicold Beschi,",s. Salvatore,in campo,4801.0,,,salvador,San Marco,"(None, None)"
,,,,,Gianese,"Marco,",,,,s. Nicola da Tolentino,fend. s. Chiara,492.0,,,nicola da tolentino,Santa Croce,"(12.315493440420678, 45.43835492469139)"
,,,,,Gritti,"Paolo,",,,,s. Stefano,campo s. Angelo,3553.0,,,stefano,San Marco,"(None, None)"
,,,,,Guggia,"Felice,",,,,s. Marco,frezzeria s. Moisé,1690.0,,,marco,San Marco,"(12.336043892005357, 45.43433267824514)"
,,,,,Jeret; de Lorenzi," Contarina,",,,,ss. Gio. e Paolo,fondamenta s. Gio. Laterano,6395.0,,,giovanni e paolo,Castello,"(12.343272872922347, 45.43789659085639)"
,,,,,Laghi,"Luigi; Vincenzo,",,,,s. Pietro,via nuova,1666.0,,,pietro,Castello,"(12.351242715226508, 45.43213725422439)"
,,,,,Lucato,"Francesco,",,,,s. M. del Giglio,ponte delle ostriche,2354.0,,,maria del giglio,San Marco,"(12.33360423043117, 45.43252101142284)"
,,,,,Manfré,"Gio.; Battista,",,,,ss. Ermagora e Fortunato,calle dell’Anconetta,1944.0,,,ermargora e fortunato,NO MATCH,"(None, None)"
,,,,"deposito carta della fabb. Jacob e Comp. di Roveredo,",Marchesi,"Alessandro,",,,,s. Marco,all’ Ascensione,1255.0,,,marco,San Marco,"(12.337077286097509, 45.43342652562229)"
,,,,,Massaro,"Giuseppe,",,,,s. Pantaleone,calle del spezier,3755.0,,,pantalon,Dorsoduro,"(12.32505843341113, 45.43568968457813)"
,,,,,Norsa,"Leone,",,,,s. Geremia,campiello delle scuole,1232.0,,,geremia,Cannaregio,"(12.325732978154546, 45.44464252397167)"
,,,,,Pellini,"Gio.; Antonio,",,,,s. Silvestro,sottop. degli orefici,100.0,,,silvestro,San Polo,"(12.334908227994795, 45.438834492952545)"
,,,,,Pellini,"Gio.; Antonio,",,,,s. Silvestro,rughetta del ravano,698.0,,,silvestro,San Polo,"(12.333634280942603, 45.43822368524295)"
,,,,,Ripamonti,"Carpano; Paolo,",,,,s. Marco,procuratie vecchie,90.0,,,marco,San Marco,"(12.337364435438326, 45.4340920233254)"
,,,,deposito carta della fabb. Smith e Minié di Fiume,Trauner,"Antonio,",,,,s. Marco,merceria s. Giuliano,724.0,,,marco,San Marco,"(12.33772155150395, 45.43603451295528)"
,,,,deposito carta della fabb. Smith e Minié di Fiume,Trauner,"Antonio,",,,,s. Marco,merceria s. Giuliano,725.0,,,marco,San Marco,"(12.337747599706331, 45.43602153421624)"
,,,,,Venerando,"Giovanni,",,,,s. Marco,all’Ascensione,1298.0,,,marco,San Marco,"(12.337049759457475, 45.43337489769289)"
,,,,,Zago,"Bernardo,",,,,s. Geremia,salizzada,311.0,,,geremia,Cannaregio,"(12.32483992488572, 45.443355345820756)"
,,CARTA,,(Tappeszerie di),,,,,,,,,,,,,"(None, None)"
,,,,,Oggioni,"Carlo,",,,,s. Marco,merceria s. Giuliano,704.0,,,marco,San Marco,"(12.3382574238037, 45.435772814893014)"
,,,,,Podreider,,fratelli,,rapp. da Podreider Pietro,"s, Marco",merceria del l'orologio,190.0,,,marco,San Marco,"(None, None)"
,,CARTE DA GIUOCO.,,(Fabbricatori di),,,,,,,,,,,,,"(None, None)"
174,,,,,Barbaro,Agostino,,,,s.Nicola da Tolentino,fond.Rizzi,318.0,,,nicola da tolentino,Santa Croce,"(12.318349460635913, 45.43521423051512)"
,,CASSELLAI.,,(Vedi Falegnami),,,,,,,,,,,,,"(None, None)"
,,CEMENTI IDRAULICI.,,(fabbrica di),,,,,,,,,,,,,"(None, None)"
,,,,,Schulze,Guglielmo,,,"s. M. di Rotschild di Vienna, il Privilegiato I. R. Stabilimento Adriatico del Barone,",s. Eufemia,campo s.Giacomo,204.0,,,eufemia,Dorsoduro,"(12.33269271524744, 45.430391535070406)"
,,"CERA, E CERA LAVORATA (",,Negozianti e fabbricatori ).,,,,,,,,,,,,,"(None, None)"
,,,,,Bianchini,"Angelo,",,,,s. Canciano,calle Dolfin,5588.0,,,canciano,Cannaregio,"(None, None)"
,,,,,Bianchini,"Francesco,",,,,s. Nicola da Tolentino,calle della misericordia,3519.0,,,nicola da tolentino,Santa Croce,"(None, None)"
,,,,,Ceruti,"Bartolommeo,",,,,s. Silvestro,ruga degli orefici,48.0,,,silvestro,San Polo,"(12.334559763636804, 45.438892913983594)"
,,,,,Cozzarini,"Luigi; Battista,",,,fu Gio.,s. Silvestro,ruga degli speziali,371.0,,,silvestro,San Polo,"(12.333745690681086, 45.439368510990285)"
,,,,,Gritti,Giovanni,,,"fu Giacomo,",s. Salvatore,calle del Lovo,4813.0,,,salvador,San Marco,"(12.336012165654179, 45.436759854824835)"
,,,,,"Ivancich; Anton; Ivancich,"," Luigi,; Leopoldo",,,,s. Marco,calle canonica,352.0,,,marco,San Marco,"(12.339731033275417, 45.43510951612153)"
,,,,,Maclig,"Pietro,",,,rapp. da Valatelli Giuseppe,s. Zaccaria,rugagiuffa ramo Grimani,4857.0,"( NB. la fabbrica, a s. Giobbe chiovere n. 724).",,zaccaria,Castello,"(12.342032456008589, 45.43690189225134)"
,,,,,Reali; Erede,"Giuseppe; Gavazzi,",,,,s. Nicola da Tolentino,fond. s. Andrea,463.0,,,nicola da tolentino,Santa Croce,"(12.318890653775766, 45.43723010686712)"
,,,,,Zanchi,"Carlo,",,,"rapp. da Penso Felice,",s. Nicola da Tolentino,fond. Condulmer,251.0,,,nicola da tolentino,Santa Croce,"(12.321045334762129, 45.437626075954114)"
,,CERA LACCA.,,(fabbrica di),,,,,,,,,,,,,"(None, None)"
,,,,,Ripamonti;Carpano,Paolo,,,"rapp. da Carlo Bianchi,",Angelo Raff.,in cimitero,1719.0,,,angelo raffaele,NO MATCH,"(None, None)"
175,,,,,,,,,,,,,,,,,"(None, None)"
,,CESTAI E LAVORATORI IN VIMINI.,,,,,,,,,,,,,,,"(None, None)"
,,,,,Absenti,"Natale,",,,,s. Marco,calle di piscina,1651.0,,,marco,San Marco,"(12.335853212935195, 45.434135784492966)"
,,,,,Bonivento,"Felice,",,,,s. Silvestro,calle dei due Mori,413.0,,,silvestro,San Polo,"(12.334111593626588, 45.438893040428646)"
,,,,,Pupin,"Giovanni,",,,,s. M. Formosa,salizz. s. Leone,5522.0,,,maria formosa,Castello,"(12.337964129511906, 45.43680187890876)"
,,,,,Pupin,"Francesco,",,,,s. Silvestro,"campo s, Aponal",1286.0,,,silvestro,San Polo,"(12.332154146786895, 45.43788824170346)"
,,,,,Rossi,"Francesco,",,,,s. Silvestro,Casaria,180.0,,,silvestro,San Polo,"(12.334842170392427, 45.4394724237004)"
,,,,,Tiozzo,"Ventura,",,,,s. Silvestro,Ramo II. calle galeazza,394.0,,,silvestro,San Polo,"(12.334177185819485, 45.43902567526145)"
,,,,,Venchierutti,"Antonio,",,,,s. Marco,frezzeria,1722.0,,,marco,San Marco,"(12.335620776509595, 45.43441354912665)"
,,,,,Venchierutti,"Domenico,",,,,s. Zaccaria,campo ss. Filippo e Giacomo,4338.0,,,zaccaria,Castello,"(12.341344603847029, 45.43515684149686)"
,,,,,Venchierutti,"Giovanni,",,,,s. Felice,in calle,3719.0,,,felice,Cannaregio,"(12.33387256768379, 45.441785193548505)"
,,CHIMICA.,,(prodotti di),,,,,,,,,,,,,"(None, None)"
,,,,"rapp. la fabbrica di acido solforico della Mira,",Valatelli,Giuseppe,,,q. Antonio,s. Zaccaria,rugagiuffa Ramo Grimani,4857.0,,,zaccaria,Castello,"(12.342032456008589, 45.43690189225134)"
,,,,"fabb, di sublimato e precipitato,",Zecchini,"Gio.; Maria,",,,,"s, Geremia",fond. s. Giobbe,628.0,,,geremia,Cannaregio,"(12.320185720693681, 45.44574285307511)"
,,CHINCAGLIERI.,,,,,,,,,,,,,,,"(None, None)"
,,,,,Calvi,Francesco,,,fu Andrea,s. Salvatore,merceria,4946.0,,,salvador,San Marco,"(12.337277311127817, 45.43637748804789)"
,,,,,Candiani,"Macedonio,",,,,s. Marco,procuratie vecchie,95.0,,,marco,San Marco,"(None, None)"
,,,,,Caviola,"Antonio,",,,rapp. da Caviola Giuseppe,s. Salvatore,calle del lovo,4773.0,,,salvador,San Marco,"(12.335605302030226, 45.43648505547863)"
,,,,,Caviola,"Antonio,",,,rapp. da Caviola Giuseppe,s. Salvatore,calle del lovo,4774.0,,,salvador,San Marco,"(None, None)"
,,,,,Caviola,"Antonio,",,,rapp. da Caviola Giuseppe,s. Salvatore,calle del lovo,4775.0,,,salvador,San Marco,"(12.335533710511992, 45.436450571910605)"
,,,,,Comin,"Luigi,",,,,s. Marco,merceria s. Giuliano,282.0,,,marco,San Marco,"(12.338967833095952, 45.43508185754732)"
,,,,,Costa,"Giovanni,",,,,s. Salvatore,calle del lovo,4816.0,,,salvador,San Marco,"(12.33589859971239, 45.4366685522144)"
,,,,,Cucito,"Leopoldo,",,,,s. Geremia,,5621.0,,,geremia,Cannaregio,"(12.336701766629625, 45.4399281800336)"
,,,,,De Rossi,"Gaspare,",,,,s. Luca,calle dei fabbri,4665.0,,,luca,San Marco,"(12.335655118163555, 45.43621453342075)"
,,,,,Fanna,"Antonio,",,,rapp. da Arpalice Manin,s. Marco,procuratie vecchie,124.0,,,marco,San Marco,"(12.338137429889265, 45.434424855289905)"
,,,,,Fanna,"Antonio,",,,rapp. da Arpalice Manin,s. Marco,procuratie vecchie,125.0,,,marco,San Marco,"(12.33817604070149, 45.434441324510296)"
,,,,,Ferrari; Bravo," Camillo,",,,,s. Salvatore,merceria,5039.0,,,salvador,San Marco,"(12.336568003691124, 45.437199799349706)"
,,,,,Fuchs,"Adalberto,",,,,s. Zaccaria,riva degli Schiavoni,4160.0,,,zaccaria,Castello,"(12.343880076298065, 45.434110252855724)"
176,,,,,,,,,,,,,,,,,"(None, None)"
,,,,,Hadin,"Giuseppe,",,,,s. Marco,procuratie vecchie,144.0,,,marco,San Marco,"(12.338798638966507, 45.43471497941089)"
,,,,,Hirsch,"Filippo,",,,,s. Marco,merceria dell’orologio,221.0,,,marco,San Marco,"(12.338480589691745, 45.43531350138358)"
,,,,,Insom,"Giovanni,",,,,"s, Marco",procuratie vecchie,114.0,,,marco,San Marco,"(12.337836360675437, 45.43429361558293)"
,,,,,Kriper,"Francesco,",,,,s. Marco,merceria dell’orologio,227.0,,,marco,San Marco,"(None, None)"
,,,,,Lorandini,"Giuseppe,",,,,s. Salvatore,in merceria,4839.0,,,salvador,San Marco,"(12.336745528751566, 45.436826165024684)"
,,,,,Marchesi,"Alessandro,",,,,"s, Marco",all’Ascensione,1255.0,,,marco,San Marco,"(12.337077286097509, 45.43342652562229)"
,,,,,Mazzoni,Cesare,,,"di Valentino,",s. Marco,frezzeria,1675.0,,,marco,San Marco,"(12.336149439306674, 45.434259675974836)"
,,,,(depos. argenteria della China),Mendel,Marco,,,,s. Marco,all’Ascensione,1293.0,,,marco,San Marco,"(None, None)"
,,,,,Piazza,"Giovanni,",,,,s. Salvatore,merceria stretta,5041.0,,,salvador,San Marco,"(12.336611930421347, 45.437257007881364)"
,,,,,Plona,"Domenico,",,,,s. Marco,all’Ascensione,1254.0,,,marco,San Marco,"(12.337082788143261, 45.43338381043762)"
,,,,,Podreider,,fratelli,,"rapp. da Pietro Podreider,",s. Marco,merceria del l'orologio,190.0,,,marco,San Marco,"(None, None)"
,,,,,Prinoth,G.; A.,,,,s. Marco,salizzada s. Moisé,1477.0,,,marco,San Marco,"(12.336269437542775, 45.433305828490724)"
,,,,,Pulieri,"Angelo,",,,,s. Salvatore,in merceria,4954.0,,,salvador,San Marco,"(12.337007775812568, 45.436511730218776)"
,,,,,Silberkrauss,"Massimiliano,",,,,s. Marco,merceria dell’ orologio,218.0,,,marco,San Marco,"(12.33854216413648, 45.43521866959688)"
,,,,,Simeoni,"Luigi,",,,,s. Cassiano,calle del eampanile,1840.0,,,cassiano,Santa Croce,"(12.329165403773366, 45.440707428401716)"
,,,,,Steimbach,"Ignazio,",,,,s. Luca,calle delle locande,4332.0,,,luca,San Marco,"(12.334906461225794, 45.43520248656587)"
,,,,,Tarreghetta,"Giuseppe,",,,,s. Marco,frezzeria,1643.0,,,marco,San Marco,"(12.336270363958139, 45.43409422599822)"
,,,,,Trauner,"Antonio,",,,,s. Marco,merceria s. Giuliano,724.0,,,marco,San Marco,"(12.33772155150395, 45.43603451295528)"
,,,,,Trauner,"Antonio,",,,,s. Marco,merceria s. Giuliano,725.0,,,marco,San Marco,"(12.337747599706331, 45.43602153421624)"
,,,,,Tuzza,"Pietro,",,,,s. Salvatore,merceria,4841.0,,,salvador,San Marco,"(None, None)"
,,,,,Tuzza,"Pietro,",,,,s. Salvatore,merceria,4842.0,,,salvador,San Marco,"(12.33680971093297, 45.43681057605616)"
,,,,"negoz: di oggetti chinesi,",Wiinsch,"Adolfo,",,,,s. Marco,merceria dell’ orologio,149.0,,,marco,San Marco,"(12.338829225677728, 45.43483275622413)"
,,CENCIAJUOLI,,,,,,,,,,,,,,,"(None, None)"
,,,,,Acerboni,"Giuseppe,",,,,ss. Gio. e Paolo,salizzada,6811.0,,,giovanni e paolo,Castello,"(12.341300426088125, 45.43905443279085)"
,,,,,Adami,"Lodovico,",,,,s. Luca,calle del magazzen,4541.0,,,luca,San Marco,"(None, None)"
,,,,,Andriuttis,"Maria,",,,,s. Canciano,calle Noris,5481.0,,,canciano,Cannaregio,"(12.33945520623185, 45.440848740599584)"
,,,,,Antoniazzi,"Angela,",,,,s. Giacomo,calle del tintor,1525.0,,,giacomo,Santa Croce,"(12.327633047900166, 45.43963065425435)"
,,,,,Bazo,"Bernardo,",,,,s. M. del Carmine,calle del fabbro,3284.0,,,maria dei carmini,Dorsoduro,"(12.325285462707987, 45.43376110106046)"
,,,,,Bazo,"Pietro,",,,,s. Canciano,in campo,5998.0,,,canciano,Cannaregio,"(12.338453588260592, 45.43964234270165)"
,,,,,Bertolan,"Girolamo,",,,,"s, Gio. in Bragora",calle crosera,3984.0,,,giovanni in bragora,Castello,"(None, None)"
,,,,,Bettoni,"Maria,",,,,s. Bartolammeo,corte dell’ ancore,1938.0,,,bartolomeo,San Marco,"(12.333442340809865, 45.43391074897666)"
,,,,,Binetti,"Maddalena,",,,,s. Francesco,salizzada,3146.0,,,francesco,Castello,"(12.347335618583617, 45.436998141882626)"
,,,,,Biscaro,"Stefano,",,,,s. M. Formosa,salizzada s. Lio.,5567.0,,,maria formosa,Castello,"(12.33813466366827, 45.43721335414667)"
,,,,,Bonzio,"Giuseppe,",,,,s. Felice,campiello del pistor,4818.0,,,felice,Cannaregio,"(12.33730883012152, 45.44277765166287)"
177,,,,,,,,,,,,,,,,,"(None, None)"
,,,,,Borella,"Lucchini; Angela,",,,,s. Gio. in Bragora,salizz. s. Ant.,3473.0,,,giovanni in bragora,Castello,"(12.346233216221023, 45.43546680197099)"
,,,,,Bortoluzzi,"Vincenzo,",,,,s. Canciano,calle dell’ erbe,6122.0,,,canciano,Cannaregio,"(12.340293112940786, 45.43902582159417)"
,,,,,Boscolo,"Antonio,-s.",,,,Simeone Prof. ,riello terra,1286.0,,,simeon profeta,Santa Croce,"(12.326659502071998, 45.44162367230127)"
,,,,,Bottega,"Anastasio,",,,,s. M. del Carmine,campiello vida,3306.0,,,maria dei carmini,Dorsoduro,"(12.324613465839485, 45.434219862300736)"
,,,,,Campanato,"Vincenzo,",,,,s..Giacomo dall’ orio,calle savie,1380.0,,,giacomo dall'orio,Santa Croce,"(12.326971083019275, 45.44055405883641)"
,,,,,Caratti,"Giovanna,",,,,ss. Ermagora e Fort.,rio terra due ponti,1587.0,,,ermargora e fortunato,NO MATCH,"(None, None)"
,,,,,Casagrande.,"Dionisio,",,,,s. Gio. in Bragora,calle pestrin,3895.0,,,giovanni in bragora,Castello,"(12.347664154422647, 45.434657639812016)"
,,,,,Caspi,"Giuseppe,",,,,s. Pantaleone,calle Foscari,3856.0,,,pantalon,Dorsoduro,"(12.32600402314206, 45.43528838913836)"
,,,,,Cesare,"Maddalena,",,,,s. M. Formosa,salizzada s. Lio,6368.0,,,maria formosa,Castello,"(12.342580788243886, 45.438805758244904)"
,,,,,Chiaranda,"Colussi; Margherita,",,,,s. Francesco,calle dell’ olio,3054.0,,,francesco,Castello,"(12.348594319529372, 45.437295523270826)"
,,,,,Chiodo,"Vincenzo,",,,,s. M. Formosa,calle del paradiso,5731.0,,,maria formosa,Castello,"(12.339505206699027, 45.43725613317555)"
,,,,,Chiodo,"Vincenzo,",,,,s. M. Formosa,calle del paradiso,5760.0,,,maria formosa,Castello,"(12.339571546242134, 45.437281688927285)"
,,,,,Cicogna,"Regina,",,,,s. M. del Giglio,piscina s. Moisé,2017.0,,,maria del giglio,San Marco,"(12.334409748817638, 45.43319777180729)"
,,,,,Cicogna; Depita,"Vincenzo; Giacomo,",,,,s. Marziale.,fondamenta Ormesini,2800.0,,,marziale,Cannaregio,"(12.328016566583523, 45.44567605969689)"
,,,,,Cimegotto,"Vincenzo,",,,,s. Giacomo,campo Tedeschi,983.0,,,giacomo,Santa Croce,"(12.325329853098859, 45.4399250471086)"
,,,,,Collaussi,"Maria,",,,,s. Silvestro,calle della donzella,888.0,,,silvestro,San Polo,"(12.33330374175567, 45.43851560101121)"
,,,,,Collaussi,"Elisabetta,",,,,s. Silvestro,calle della donzella,964.0,,,silvestro,San Polo,"(12.33329004109288, 45.43848035198345)"
,,,,,Costantini,"Antonio,",,,,s. M. Gloriosa dei Frari,calle saoneri,2717.0,,,maria gloriosa dei frari,San Polo,"(12.328489156278115, 45.43642250940043)"
,,,,,Cristofoli,"Luigi,",,,,s. M. del Carmine,calle del pistor,2776.0,,,maria dei carmini,Dorsoduro,"(12.325516878058437, 45.43285778407764)"
,,,,,Dalle Ore,"Giuseppe,;s.",,,,Silvestro,ruga vecchia,427.0,,,silvestro,San Polo,"(12.33403122400637, 45.43895684765104)"
,,,,,Dalla Torre,"Samuele,",,,,s. Pietro,fond. s. Anna,997.0,,,pietro,Castello,"(12.356263755869623, 45.432482656885504)"
,,,,,Dauros,"Vettore,.ss.",,,,Ermag. e Fortunato,all’ anconetta,1915.0,,,ermargora e fortunato,NO MATCH,"(None, None)"
,,,,,Davilla,"Giuseppe,",,,,s. Pantaleone,salizzada,110.0,,,pantalon,Dorsoduro,"(None, None)"
,,,,,De Paoli,"Maria,",,,,s. M. del Rosario,calle Molin,389.0,,,madonna del rosario,Dorsoduro,"(12.332098115740093, 45.429968388098885)"
,,,,,Dorigoni,"Rinaldo; Anna,",,,,"s, M. del Carmine",calle lunga,2692.0,,,maria dei carmini,Dorsoduro,"(12.323434692119587, 45.43258445435717)"
,,,,,Ellero,"Giovanni,",,,,s. Geremia,salizzada,323.0,,,geremia,Cannaregio,"(12.325035373802837, 45.4434397536315)"
,,,,,Fioretto,"Noal; Maddalena,",,,,s. Martino,campo due pozzi,2620.0,,,martino,Castello,"(None, None)"
,,,,,Fontana,"Antonio,",,,,s. Giacomo,dell’ orio ruga vecchia,1454.0,,,giacomo,Santa Croce,"(12.326681755374752, 45.44023109113346)"
,,,,,Fossali,"Lorenzo,",,,,s. M. del Carmine,fond. Soranzo,3061.0,,,maria dei carmini,Dorsoduro,"(12.324189562100644, 45.43383726934199)"
,,,,,Gavagnin,"Antonio,",,,,s. Canciano,in campo,5993.0,,,canciano,Cannaregio,"(12.33860422809046, 45.439800901115206)"
,,,,,Gianese,"Domenico,",,,,ss. Gervasio e Prot.,calle balestrina,1549.0,,,gervasio e protasio,Cannaregio,"(None, None)"
,,,,,Giupponi,"Giovanni,",,,,ss. Ermagora e Fort.,calle dell’ aseo,1887.0,,,ermargora e fortunato,NO MATCH,"(None, None)"
,,,,,Graffi,"Giuseppina,",,,,s. Pietro,corte nuova,2045.0,,,pietro,Castello,"(12.353108822291436, 45.43247019603712)"
,,,,,Granziotto,"Luigi,",,,,s. Pietro,via nuova,1817.0,,,pietro,Castello,"(12.355045005086513, 45.43254918209933)"
,,,,,Lucerna,"Pietro,",,,,s. Salvatore,calle della bissa,5427.0,,,salvador,San Marco,"(12.337286163234156, 45.437638724403065)"
,,,,,Marchiori,"Francesco,",,,,s. Cassiano,calle del tintor,1834.0,,,cassiano,Santa Croce,"(12.329342728748866, 45.44058638197745)"
,,,,,Mascagnin,"Antonia,",,,,s. Pietro,corte dell’ incore,1038.0,,,pietro,Castello,"(12.356049777894704, 45.43187784418395)"
,,,,,Massa,"Pessuti; Maria,",,,,ss. Apostoli,calle del spezier,4790.0,,,apostoli,Cannaregio,"(12.33776319993788, 45.441855595763876)"
,,,,,Mengotti,"Bortolo,",,,,ss. Ermag. e Fortunato,campo s. Fosea,2232.0,,,ermargora e fortunato,NO MATCH,"(None, None)"
,,,,,Nardi,"Maddalena,",,,,Angelo Raffaele,fond. Briatti,2374.0,,,angelo raffaele,NO MATCH,"(None, None)"
178,,,,,,,,,,,,,,,,,"(None, None)"
,,,,,Orio,"Bartolammeo,",,,,ss. Gio. e Paolo,"calle della testa,",6142.0,,,giovanni e paolo,Castello,"(12.341182247810805, 45.437952709964875)"
,,,,,Ortis,"Maria,",,,,s. Francesco,calle del fontico,2912.0,,,francesco,Castello,"(12.346498674130288, 45.43745161342921)"
,,,,,Padoan,"Domeniea,",,,,s. M. Formosa,calle malvasia,5988.0,,,maria formosa,Castello,"(12.338472844683116, 45.43820027517232)"
,,,,,Padoan,"Puppo; Stella,",,,,s. Pietro,rielle,167.0,,,pietro,Castello,"(12.356878858687162, 45.433263684081425)"
,,,,,Paulucei,"Angelo,",,,,s. Canciano,salizzada,5918.0,,,canciano,Cannaregio,"(12.337665193141106, 45.43969763248942)"
,,,,,Pedersini,"Giuseppe,",,,,s. Marco,calle specchieri,623.0,,,marco,San Marco,"(None, None)"
,,,,,Pelliccioli,"Salvatore,",,,,all’ Ang. Raffaele,corte maggiore,2337.0,,,angelo raffaele,NO MATCH,"(None, None)"
,,,,,Pellizioli,"Pietro,",,,,s. M. Gloriosa dei Frari,salizz. s.. Rocco,3047.0,,,maria gloriosa dei frari,San Polo,"(12.325807984479846, 45.436579977475766)"
,,,,,Pilon,"Pietro,",,,,ss. Gio. Paolo,barbaria delle tavole,6471.0,,,giovanni e paolo,Castello,"(12.344499276634094, 45.43854271909621)"
,,,,,Pinghelli,"Sebastiano,",,,,s. Pantaleone,calle del spezier,3748.0,,,pantalon,Dorsoduro,"(12.325146899672232, 45.435789941264865)"
,,,,,Prat,"Giovanni,",,,,s. Pietro,secco marina,769.0,,,pietro,Castello,"(12.356689658786838, 45.43109522282222)"
,,,,,Purisiol,Carlo,,,"fa Andrea,","s, Marziale",fond. dei mori,3287.0,,,marziale,Cannaregio,"(12.329087135714238, 45.44654522911917)"
,,,,,Regini,"Angelo,",,,,s. Stefano,calle dei Frati,3533.0,,,stefano,San Marco,"(12.331297092749361, 45.43411435032961)"
,,,,,Ronchi,"Luigi,",,,,s. Simeone Prof.,calle larga Bari,980.0,,,simeon profeta,Santa Croce,"(12.325205535028566, 45.440129753049156)"
,,,,,Rossi,"Domenico,",,,,s. M. Formosa,ealle lunga,6248.0,,,maria formosa,Castello,"(12.341976774694011, 45.43777995144128)"
,,,,,Salviati,"Giuseppe,",,,,s. Zaccaria,s. Gio. in Oleo,4361.0,,,zaccaria,Castello,"(12.341681971672667, 45.435388982520834)"
,,,,,Sardegna,"Francesco,",,,,s. Felice,ealle Racchetta,3799.0,,,felice,Cannaregio,"(12.334292254771327, 45.44194942446076)"
,,,,,Scarpa,"Girolamo,",,,,s. Cassiano,calle della chiesa,2099.0,,,cassiano,Santa Croce,"(12.330464044354844, 45.440081169574164)"
,,,,,Sedea,"Maria,",,,,s. Pietro,fond. s. Anna,1946.0,,,pietro,Castello,"(12.353662187764241, 45.433144670774276)"
,,,,,Simini,"Angelo,",,,,s. Gio. in Bragora,salizz. s. Antonine,3473.0,,,giovanni in bragora,Castello,"(12.346233216221023, 45.43546680197099)"
,,,,,Sogaro,"Giuseppe,",,,,s. Simeone,calle Barri,1161.0,,,simeon,Santa Croce,"(12.324967093940984, 45.4407030205519)"
,,,,,Taddeo,"Vincenzo,",,,,ss. Ermagora e Fort.,rio terra,2000.0,,,ermargora e fortunato,NO MATCH,"(None, None)"
,,,,,Tagliapietra,"Sante,",,,,s. M. del Giglio,piscina s. Moisè,2017.0,,,maria del giglio,San Marco,"(12.334409748817638, 45.43319777180729)"
,,,,,Toffoli,"Federico,",,,,"s, Martino",calle della pegola,2285.0,,,martino,Castello,"(12.349203062095642, 45.434044394004296)"
,,,,,Torre,"Giovanni,",,,,s. Simeone Profeta ,rio Marin,886.0,,,simeon profeta,Santa Croce,"(12.325088959835044, 45.43960993397864)"
,,,,,Vasconi,"Francesco,",,,,ss. Ermagora e Fort.,campielto dei fiori,2275.0,,,ermargora e fortunato,NO MATCH,"(None, None)"
,,,,,Venturini,"Alvise,",,,,s. Marziale,corte Zappa,2825.0,,,marziale,Cannaregio,"(12.327560194717485, 45.445968366872684)"
,,,,,Verolli,"Francesco,",,,,s. Ermagora e Fort.,eampiello dei fiori,2274.0,,,ermargora e fortunato,NO MATCH,"(None, None)"
,,,,,Vianello,"Massimiliano,",,,d. Chiodo,s. Cassiano,calle langa,2156.0,,,cassiano,Santa Croce,"(12.32990696590934, 45.439331482893074)"
,,,,,Zaban,"Jesi; Giuditta,",,,,s. M. Formosa,calle del mondo,5818.0,,,maria formosa,Castello,"(12.33983773866512, 45.436844349762765)"
,,,,,Zennaro,"Elisabetta,",,,,s. Canciano,salizzada,5577.0,,,canciano,Cannaregio,"(12.337568292297572, 45.439718148294226)"
,,,,,Zerbetti,"Giovanni,",,,,s. Giacomo dall’ orio,calle lunge,1630.0,,,giacomo dall'orio,Santa Croce,"(12.328209873978148, 45.440610761392996)"
,,,,,Zocco,"Vincenzo,",,,,s. Felice,calle ca d’ oro,3986.0,,,felice,Cannaregio,"(None, None)"
,,"COLONIALI, CIOCCOLATE E DROGHE (",,Negos. vend. e fabb.),,,,,,,,,,,,,"(None, None)"
,,,,,Antonini,"Andrea,",,,"rapp. anche p. p. da Nicolé Antonini,",s. Zaccaria,rugagiuffa palazzo Grimani,4858.0,,,zaccaria,Castello,"(12.342090011263657, 45.43690488684787)"
179,,,,,,,,,,,,,,,,,"(None, None)"
,,,,"droghe medicinati e fabb. cioccolata,",Avoledo,"Paolo,",,,,s. Gio. in Bragora,campiello della fraterna,3402.0,,,giovanni in bragora,Castello,"(12.34501917157809, 45.43580377160972)"
,,,,,Ascoli,"Davide,",,,,s. M. del Giglio,calle lunga s. Moisé,2379.0,,,maria del giglio,San Marco,"(None, None)"
,,,,,Ascoli,"Davide,",,,,s.Canciano,calle Dolfin,5600.0,,,canciano,Cannaregio,"(12.337118340612196, 45.439741179938366)"
,,,,,Balbiani,"Alassandro,",,,,s. Felice,al ponte,3715.0,,,felice,Cannaregio,"(12.333754340455815, 45.44183605506232)"
,,,,,Barasciutti,"Giovanni,",,,,s. Canciano,salizzeda.,5552.0,,,canciano,Cannaregio,"(12.337892592338454, 45.44003585909901)"
,,,,,Bembo; Zanchi,"Bartolomeo,; Francesco,",,,rapp. da Milani Francesco,s. M. de Carmine,calle lunga s. Barnaba,2729.0,,,maria dei carmini,Dorsoduro,"(12.324246412518601, 45.432737175107995)"
,,,,,Boncio,"Paolo,",,,,s. Stefano,calle delle botteghe,3460.0,,,stefano,San Marco,"(12.330398684717206, 45.433868526935406)"
,,,,,Busate,"Felice,",,,,s. Silvestro,ruga vecchia,644.0,,,silvestro,San Polo,"(12.33399761451711, 45.438456155617466)"
,,,,,Calvi; Civin," Catterina,",,,,s. Salvatore,ponte di rialto,5331.0,,,salvador,San Marco,"(12.336062060341817, 45.4380289320495)"
,,,,,Camoli,"Luigia,",,,,s. Silvestro,ruga rialto,80.0,,,silvestro,San Polo,"(12.33533735500652, 45.43849368280671)"
,,,,,Casara; Lucafollo," Maria,",,,,s. Stefano,calle del spezier,3809.0,,,stefano,San Marco,"(12.332274945367125, 45.4345433547631)"
,,,,,Ceccato,"Marc’; Antonio,",,,,ss. Apostoli,in campo,4453.0,,,apostoli,Cannaregio,"(12.33661543235801, 45.44014187902691)"
,,,,"drog. medie.,",Centenari,"Antonio,",,,,s. Salvatore,campo s. Bartolomeo,5311.0,,,salvador,San Marco,"(None, None)"
,,,,"col. e dreghe,",Coen,"Giuseppe,",,,,s. Canciano,salizzada s. Gio. Grisostomo,5758.0,,,canciano,Cannaregio,"(12.337062424782701, 45.43888748630913)"
,,,,,Consolo,"Raffaele,",,,,"s, Geremia",rioterra s. Leonardo,1304.0,,,geremia,Cannaregio,"(12.325931882999482, 45.44375400889442)"
,,,,,Conte,"Freacesco,",,,,s. Cassiano,calle del farno,4850.0,,,cassiano,Santa Croce,"(None, None)"
,,,,,Corinaldi,Prospero,figli,,"rapp. da Corinaldi. Prospero,","ss, Ermagora Fortunato",calle del porton palazzo Treves,1468.0,,,ermargora e fortunato,NO MATCH,"(None, None)"
,,,,,Cozzarini,"Luigi,; Batt.",,,fu Gio.,s. Silvestro,ruga dei spezieri,731.0,,,silvestro,San Polo,"(12.334997788778683, 45.437782459348526)"
,,,,,Cristoferi,"Carlo,",,,,s. Zaccaria,calle delle rasse,4550.0,,,zaccaria,Castello,"(12.34177937842092, 45.43433377236122)"
,,,,,Dai; Carlo; Cerwti," Maria,",,,,s. Cassiano,calle dei botteri,1567.0,,,cassiano,Santa Croce,"(12.328203778101694, 45.43960130716091)"
,,,,,De Angelis,"Gio.; Battista,",,,,s. Silvestro,calle della seimia,230.0,,,silvestro,San Polo,"(12.334599768306981, 45.43910384044622)"
,,,,,De Piccoli,"Federico,",,,,s. Silvestro,calle Sturien,677.0,,,silvestro,San Polo,"(12.334416072056053, 45.43763800110066)"
,,,,,De Reatti,"Givseppe,",,,,s. M. del Rosario,rioterra Cateeumeni,128.0,,,madonna del rosario,Dorsoduro,"(12.333533399227871, 45.430228540490994)"
,,,,,D’ Italia,Abram,Comp.,,"rapp. da Abram d’ Italia,",s. M. del Giglio,corte delle procuratie,2561.0,,,maria del giglio,San Marco,"(12.332687111766301, 45.43331000316949)"
,,,,"drog. med.,",Foresti.,"Giovanni,",,,,s. Gio. in Bragora,riva degli schiavoni,4147.0,,,giovanni in bragora,Castello,"(12.345524647045279, 45.43399647736703)"
,,,,"drog. med.,",Galvani,Domenico,"figlio,",,rapp. da Galvani Antonio,s.Stefano,in campo,2799.0,,,stefano,San Marco,"(12.33071473252146, 45.43317465214387)"
,,,,,Galvani,"Lucia,",,,,s. Zaccaria,campe ss. Filippo e Giac.,4271.0,,,zaccaria,Castello,"(12.34150031060988, 45.43503983519858)"
,,,,,"Garbura,; Trihoulet; Triboutet,", Giovauni,,,,s. M. Formosa,campo,5254.0,,,maria formosa,Castello,"(12.341200460936426, 45.436827687727806)"
,,,,"drog. med.,",Gritti,Giovanni,,,"fu Giacome,",s. Salvatore,calle del lovo,4813.0,,,salvador,San Marco,"(12.336012165654179, 45.436759854824835)"
180,,,,,,,,,,,,,,,,,"(None, None)"
,,,,"drog. medic.,s.",Guadagnini,"Bartolomeo,",,,rapp. da Guadagnini Pietro,Felice,calle Zanardi,4132.0,,,felice,Cannaregio,"(12.336731195200425, 45.44263057415812)"
,,,,,"Ivancich,",Leopoldo,,,,s. Marco,calle di canonica,352.0,,,marco,San Marco,"(12.339731033275417, 45.43510951612153)"
,,,,,Lanza,"Luigi,",,,,s. Canciano,calle Dolfin,5622.0,,,canciano,Cannaregio,"(12.336693419112649, 45.43996277928177)"
,,,,,Levi,"Abram,",,,,ss. Ermag. e Fort.,rioterra della Maddalena,2005.0,,,ermargora e fortunato,NO MATCH,"(None, None)"
,,,,,Lombardo,Catterina.,,,,s. Canciano,salizzada s. Gio. Grisost.,5794.0,,,canciano,Cannaregio,"(12.337080260687674, 45.438784199973675)"
,,,,,Maggioli,"Giovanni,",,,,s. Silvestro,calle del Paradiso,719.0,,,silvestro,San Polo,"(12.334221972654417, 45.43755703687504)"
,,,,,Maga,"Vincenzo,",,,,s. Pietro,via nuova,1814.0,,,pietro,Castello,"(12.354894360278394, 45.43254005831209)"
,,,,,Mantovani,"Girolamo,; Gievanni",,,rapp. da Burri Mantovani.,s. Marco,ealle larga,413.0,,,marco,San Marco,"(12.339824037121808, 45.43532907714238)"
,,,,,Marconi; Stradiotto," Francesco,",,,,s. Pantaleone,campo,3702.0,,,pantalon,Dorsoduro,"(12.324484686166832, 45.43555246962973)"
,,,,,Maura,"Luigi,",,,,s. M. Formosa,calle delle bande,5277.0,,,maria formosa,Castello,"(12.339842371492528, 45.43657933744155)"
,,,,,Massarolli,"Antonio,",,,,s. Pietro,via nuova,1765.0,,,pietro,Castello,"(12.352270109564556, 45.43227556001055)"
,,,,"anche fabb. cioecolata, rapp. da Antonio Meneghini e Bartolommeo Giudica,","Meneghini; Giudica,",,,,,s. Marco,frezzeria,1676.0,,,marco,San Marco,"(12.336132419888026, 45.43428057427818)"
,,,,,Messulam,"Giacomo,",,,,s. Marco,spaderia,677.0,,,marco,San Marco,"(12.338717254378919, 45.435565084442715)"
,,,,,Messulam,"Raffaele,",,,,s. Marco,calle dei fuseri,1801.0,,,marco,San Marco,"(12.335510664645172, 45.434460049118734)"
,,,,anche fabb. cioccol.,Milesi,"Bartolomeo,",,,,s. Salvatore,merceria,5033.0,,,salvador,San Marco,"(12.336396693985684, 45.43701877632986)"
,,,,,Missinglia,"Antonio,",,,"rapp. p. p. da Biliotti Vincenzo,",s. Marco,ealle del commercio s. Giuliano,517.0,,,marco,San Marco,"(None, None)"
,,,,,Nado,"Pompeo,",,,,s. Marco,frezzeria,1609.0,,,marco,San Marco,"(12.3363052242038, 45.43399606557636)"
,,,,"drog. med. rapp. da Ancillo 5 Bertlommeo,",Ongarato,Filippo,"Comp.,",,,s. Luca,in campo,4588.0,,,luca,San Marco,"(12.33517618778901, 45.43596587852646)"
,,,,,Orefice,"Lazzaro,",,,,s. Marziale,fondamenta Ormesini,2774.0,,,marziale,Cannaregio,"(12.328383225704865, 45.44571544331371)"
,,,,"anche fabb.: ciocoolata,",Panciera,"Adolfo; Battista,",,,fu Gio.,s.. Marco,calle di canonica,349.0,,,marco,San Marco,"(12.339949407441384, 45.43516957387631)"
,,,,anche fabb. cioce.,Panciera,Gio.; Battista,,,,s. Marco,merceria dell' orologio,301.0,,,marco,San Marco,"(None, None)"
,,,,,Pana,Agata,"sorella,",,,s. Canciano,salizzada,5984.0,,,canciano,Cannaregio,"(12.338276709123898, 45.43987239234216)"
,,,,,Pellai,"Gio.; Maria,",,,,s. Marziale,fondam. dei servi,2575.0,,,marziale,Cannaregio,"(None, None)"
,,,,drog. med.,Pozzetto,"Francesco,",,,,s. Salvat.,ponte dei berretteri,4931.0,,,salvador,San Marco,"(12.33749515742251, 45.436079914171835)"
,,,,,Pietroboni,"Faustino,",,,,s. Luca,,5813.0,,,luca,San Marco,"(None, None)"
,,,,"rapp. anche p. p: da Bora s Antonio,",Reali,Giuseppe,,,q. Antonio,s. M.Formosa,campo della Fava,5527.0,,,maria formosa,Castello,"(12.3377450185756, 45.43706787742113)"
,,,,droghe med.,Ricci,"Giuseppe,",,,,s. Salvatore,merceria,5020.0,,,salvador,San Marco,"(12.33698176114202, 45.43679562109299)"
,,,,,Rizzardini,"Vincenzo,",,,,"s, Zaccaria",calle Zorzi,4946.0,,,zaccaria,Castello,"(12.342577271495172, 45.43604625621146)"
,,,,,Romiti,Massimiliano; Carlo,,,,s. Silvestro,raga eceniay,736.0,,,silvestro,San Polo,"(12.334795412763528, 45.437662567376485)"
,,,,,Rosa,"Luigi,",,,,s. Marco,ponte dei beretteri,722.0,,,marco,San Marco,"(12.337649648920499, 45.436070317020885)"
,,,,,"Rui_Giovanni,",,,,,s. Francesco,salizzada,3168.0,,,francesco,Castello,"(12.347275674608452, 45.43699028597138)"
-181-,,,,,,,,,,,,,,,,,"(None, None)"
,,,,drog. med. rapp. da Giacomo Scarpis,Silvestrini,"Eredi; Battista,",,,di Gio.,s. Salvatore,ponte rialto,5318.0,,,salvador,San Marco,"(12.336368080448002, 45.43784848783488)"
,,,,,Vaeni,Carlo,,,"fu Lorenzo,",s. Cassiano,fond. dell' Olio,1789.0,,,cassiano,Santa Croce,"(12.329289518215782, 45.441470972556644)"
,,,,"anche fabb. cioccolata,",Vian,Andrea,,,,s. Gio. Bragora,riva degli schiavoni,4140.0,,,giovanni in bragora,Castello,"(12.346375932508668, 45.43392158090662)"
,,,,,Vio,Pietro,,,"fu Nicolò,",s. M. Glor. dei Frari,campo s. Polo,2145.0,,,maria gloriosa dei frari,San Polo,"(12.32859225680648, 45.43797327340767)"
,,,,,Weber; Weber, David; Amadeo,,,"erede Svayer,",ss. Apostoli,sottoportico del traghetto,4503.0,,,apostoli,Cannaregio,"(12.338254281270656, 45.440512302303205)"
,,,,drog. med.,Zaghis,"Matteo,",,,,s. Gio. in Bragora,campiello della fraterna,3303.0,,,giovanni in bragora,Castello,"(12.345929066415689, 45.43563928901177)"
,,,,,Zanchi,"Teresa,",,,,s. Giacomo dall'Orio ,fond. dei turchi,1725.0,,,giacomo dall'orio,Santa Croce,"(12.328302495220688, 45.44195543119946)"
,,,,,Zanga,"Gio.Battista,",,,,ss. Ermag . e Fortunato,campo s . Fosca,2326.0,,,ermargora e fortunato,NO MATCH,"(None, None)"
,,,,,Zängerle,"Alberto,",,,,s . Canciano,salizz. s. Gio. Gristomo,6816.0,,,canciano,Cannaregio,"(None, None)"
,,,,,Zanotto,"Gio.; Battista,",,,,ss. Ermagora e Fort.,fond. Corner,2408.0,,,ermargora e fortunato,NO MATCH,"(None, None)"
,,,,,Zennaro,"Sebastiano,",,,,s. Nicola da Tolentino,fond. s. Chiara,499.0,,,nicola da tolentino,Santa Croce,"(12.316272789326721, 45.4398097667076)"
,,COLORI.,,(fabbricatori e negozianti di),,,,,,,,,,,,,"(None, None)"
,,,,,Alpron; Cantoni," Elena,",,,,s. Canciano,salizzada s. Gio. Grisostomo,5779.0,,,canciano,Cannaregio,"(12.33704211966942, 45.43875304719424)"
,,,,,Bianchini,"Angelo,",,,,s. Canciano,salizzada,5587.0,,,canciano,Cannaregio,"(12.33720412217634, 45.43973771209566)"
,,,,,Bocassini,"Pietro,",,,,s. Salvatore,calle della bissa,5463.0,,,salvador,San Marco,"(None, None)"
,,,,,Brighenti,"Eredi,; Luigi; Paolina,",,,,s. Geremia,calle della Misericordia,387.0,,,geremia,Cannaregio,"(12.321901336343302, 45.44305934281445)"
,,,,,Canal,"Pietro,",,,,s. Gio. in Bragora,riva dei Schiavoni,4118.0,,,giovanni in bragora,Castello,"(12.347479575761467, 45.43377345971088)"
,,,,,Candiani; Zanetti, Gio.; Battista,,,Eredi di Girolamo,s. Zaccaria,campo ss.Filippo e Giacomo,4324.0,,,zaccaria,Castello,"(12.341087674304767, 45.435094460997426)"
,,,,,Candiani; Zanetti, Gio.; Battista,,,,ss. Ermag. e Fort.,rio terrà della Maddalena.,,,,ermargora e fortunato,NO MATCH,"(None, None)"
,,,,,De Filippi,"Giuseppe,",,,,s. Pietro,via nuova,1582.0,,,pietro,Castello,"(12.352418542110229, 45.43212348666854)"
,,,,,Filippi,"Antonio,",,,,s. Silvestro,ruga vecchia,655.0,,,silvestro,San Polo,"(12.333898115196565, 45.43830796480507)"
,,,,,Filippi,"Giovanni,",,,,s. Pietro,via nuova,1769.0,,,pietro,Castello,"(12.352493268717735, 45.432295962015836)"
,,,,,Fortunato,,Comp.,,"rapp. da Fortunato Antonio,",s . M. Formosa,in campo,5252.0,,,maria formosa,Castello,"(12.341385024025367, 45.43675267721052)"
,,,,,Lazzari,"Apollonia,",,,,s. Luca,in campo,4574.0,,,luca,San Marco,"(12.335370272229754, 45.43596194883059)"
,,,,,Lovisi,"Giuseppe,",,,,s. M. Gloriosa dei Frari,salizz. s . Rocco,3012.0,,,maria gloriosa dei frari,San Polo,"(12.326610077006361, 45.43662502368477)"
182,,,,,,,,,,,,,,,,,"(None, None)"
,,,,,Polese,"Domenico,",,,,s. Pietro,campo squero,1696.0,,,pietro,Castello,"(12.35138781408441, 45.432154159824215)"
,,,,,Toscan,"Angela,",,,,s. M. del Carmine,campo s. Barnaba,2844.0,,,maria dei carmini,Dorsoduro,"(12.324763232291717, 45.43302307768962)"
,,,,(fabb.di nero fumo volatile).,Tosi,"Pietro,",,,,s. Marziale,fond. della Madonna dell'Orto,3458.0,,,marziale,Cannaregio,"(12.330165197040621, 45.44677959955143)"
,,,,,Weber; Weber,"Erede; Svayer; David; Amadeo,",,,,ss. Apostoli,sottop. del traghetto,4503.0,,,apostoli,Cannaregio,"(12.338254281270656, 45.440512302303205)"
,,,,,Zecchini,"Gio.Maria,",,,,s. M. Formosa,salizz. s. Lio,5475.0,,,maria formosa,Castello,"(12.339112058923572, 45.437275051831875)"
,,,,,Zecchini,"Giuseppe,",,,,ss. Ermagora e Fortunato,rio terrà s. Leonardo,1412.0,,,ermargora e fortunato,NO MATCH,"(None, None)"
,,CONCHIGLIE.,,(lavori di),,,,,,,,,,,,,"(None, None)"
,,,,,Olivieri,"Luigi,",,,,s. Marco,frezzeria,1234.0,,,marco,San Marco,"(12.336582525950204, 45.43375517319147)"
,,CONCIME.,,,,,,,,,,,,,,,"(None, None)"
,,,,,Purisiol,Carlo,,,"fu Andrea,",s. Marziale,fond. dei Mori,3287.0,,,marziale,Cannaregio,"(12.329087135714238, 45.44654522911917)"
,,CONFETTURIERI.,,,,,,,,,,,,,,,"(None, None)"
,,,,,Balbiani,"Alessandro,",,,,s. Felice,al ponte,3715.0,,,felice,Cannaregio,"(12.333754340455815, 45.44183605506232)"
,,,,,Bedendo,"Alessandro; Luigi di David,",,,,s . Luca,calle del pistor,4578.0,,,luca,San Marco,"(12.33555261920098, 45.43610972631177)"
,,,,,Bembo,"Bortolomeo,",,,,s. Maria del Carmine,calle lunga s. Barn.,2729.0,,,maria dei carmini,Dorsoduro,"(12.324246412518601, 45.432737175107995)"
,,,,,Lucatello,Maria,,,,s. Stefano,calle del spezier s. Angelo,3809.0,,,stefano,San Marco,"(12.332274945367125, 45.4345433547631)"
,,,,,Ceccato,"Marc'Antonio,",,,,ss. Apostoli,in campo,4423.0,,,apostoli,Cannaregio,"(12.336246403194961, 45.44093546143352)"
,,,,,Fava,"Giovanni,",,,,s. Marco,procuratie vecchie,82.0,,,marco,San Marco,"(12.337229233331506, 45.43403315033014)"
,,,,,Ferro,"Domenico,",,,,s. Geremia,ai due ponti,1836.0,,,geremia,Cannaregio,"(12.328740209201687, 45.44419828973166)"
,,,,,"Ivancich; Ivancich,",Anton; Luigi; Leopoldo,,,,s. Marco,calle di Canonica,352.0,,,marco,San Marco,"(12.339731033275417, 45.43510951612153)"
,,,,,Lombardo,"Catterina,",,,,s. Canciano,salizzada s. Gio. Grisost.,5794.0,,,canciano,Cannaregio,"(12.337080260687674, 45.438784199973675)"
,,,,,Maura,"Luigi,",,,,s. M. Formosa,calle delle bande,2577.0,,,maria formosa,Castello,"(12.349054421800583, 45.43621787314474)"
,,,,,Giudica; Giudica," Bartoomeo,",,,"rapp. da Meneghini Antonio,",s. Marco,frezzeria,1477.0,,,marco,San Marco,"(12.336269437542775, 45.433305828490724)"
,,,,,Morosini,"Luigi,",,,,ss. Apostoli,calle del traghetto,4582.0,,,apostoli,Cannaregio,"(12.337182163542886, 45.44098383556901)"
183,,,,,,,,,,,,,,,,,"(None, None)"
,,,,,,"Maria,",,,,s. Marziale,fondamenta,2575.0,,,marziale,Cannaregio,"(None, None)"
,,,,,Pietriboni,Pietro; Mario,,,,s. Marco,frezzeria,1723.0,,,marco,San Marco,"(12.335587294762817, 45.43440644661465)"
,,,,,Pietriboni,Pietro; Mario,,,,s. Marco,frezzeria,1724.0,,,marco,San Marco,"(12.335557161904608, 45.43440005450528)"
,,,,"fabbricatore premiato con cinque medaglie d'argento dall' I. R. Istituto Veneto di scienze, lettere ed arti,",Rosa,"Luigi,",,,,s. Marco,ponte dei Berretteri,722.0,,,marco,San Marco,"(12.337649648920499, 45.436070317020885)"
,,,,,Zanga,"Gio.Battista,",,,,s. Felice,campo s. Fosca,4326.0,,,felice,Cannaregio,"(12.335743834799851, 45.44081392508747)"
,,CONTERIE.,,"(fabb. negoz. e vend. e lav. di Canna di vetro, conterie e smalti).",,,,,,,,,,,,,"(None, None)"
,,,,vend.,Annibaldi,"Candelari; Anna,",,,,s. Pietro,via nuova,1563.0,,,pietro,Castello,"(12.352689979595597, 45.43215995856402)"
,,,,,Bassani,"Isacco,",,,,s. Marziale,fond. dei servi,2593.0,,,marziale,Cannaregio,"(12.331062096396675, 45.44527927997741)"
,,,,"rapp. da Bigaglia Pietro, Membro di parecchie Accademie estere per l'incoraggiamento delle arti ed industrie, proprietario dell' I. R. Fabbrica Privilegiata di conterie, avventurina e mosaici premiata 14 volte all' Esposizioní industriali di Venezia, Milano, Vienna, Londra, e Parigi, ss.Gio. e Paolo",Bigaglia,Pietro,,,"q. Lorenzo,",,barbaria delle tavole,6480.0,,,,,"(None, None)"
,,,,,"Bonlini; Arbib,; Arbib,", Vita,,,,s. M. del Carmine,calle Renier,3444.0,,,maria dei carmini,Dorsoduro,"(12.323035226119403, 45.4349327243373)"
,,,,vend.,Brocchieri,"Giuseppe,",,,,s. Marco,sotto le procur. vecchie,134.0,,,marco,San Marco,"(12.338472895016727, 45.434567946014965)"
,,,,neg.,Corinaldi,Prospero,"figli,",,rapp. da Corinaldi Prospero,ss. Erm. e Fortunato,calle del portone palazzo Treves,1468.0,,,ermargora e fortunato,NO MATCH,"(None, None)"
,,,,con scrittojo,"Dal Medico; Dal Medico,", Angelo,,,"frat. di Giacomo,",s. Marziale,corte Loredana,3303.0,,,marziale,Cannaregio,"(12.330403735950007, 45.44634595605737)"
,,,,,"Dal Medico; Dal Medico,", Angelo,,,,s.M. Formosa,palazzo Grimani rugagiuffa,4858.0,,,maria formosa,Castello,"(12.342090011263657, 45.43690488684787)"
,,,,,"Dal Mistro,; Errera",Errera; Benedetto,Comp.,,rapp. da Abram,ss. Apostoli,salizz. Sceriman,4851.0,,,apostoli,Cannaregio,"(12.338049814259051, 45.44224735983092)"
,,,,vend.,D'Este,"Giuseppe,",,,,s. Marco,procuratie vecchie,139.0,,,marco,San Marco,"(12.338643642672237, 45.43464077744759)"
,,,,,D'Este,"Giuseppe,",,,,s. Marco,procuratie vecchie,81.0,,,marco,San Marco,"(12.337204448551878, 45.434023570366875)"
,,,,vend.,Diena,"Abramo,",,,,s. Salvatore,merceria,5031.0,,,salvador,San Marco,"(12.33645012063032, 45.43695591794391)"
,,,,"lav. smalti,",Diles,"Aurelio,",,,,s. Marco,campo della Guerra,483.0,,,marco,San Marco,"(12.338962170940595, 45.43594719102812)"
,,,,,Donà,Francesco,,,"del fu Giovanni,",s. M. Gloriosa dei Frari,campo s. Polo,2027.0,,,maria gloriosa dei frari,San Polo,"(12.329850318547786, 45.43689925992826)"
,,,"Fabbriche unite di canna di vetro e smalti, rapp. dalle",,Ditte; Bigaglia; Mistro; Errera; Coen; Dal Medico;Vedova; Zecchin; Lazzari, Pietro; Giuseppe; Giuseppe.,figli; fratelli,,,s. Zaccaria,rugagiuffa palazzo Grimanni,4858.0,,Flantini,zaccaria,Castello,"(12.342090011263657, 45.43690488684787)"
184,,,,,,,,,,,,,,,,,"(None, None)"
,,,,vend.,Finzi,"Florio,",,,,s. Marco,merceria dell' orologio,297.0,,,marco,San Marco,"(None, None)"
,,,,,Flantini,Vedova,"figli,",,"rapp. p. p. da Giuseppe Trecco,",s. Martino,ponte dei scudi,2654.0,,con scrittojo a,martino,Castello,"(12.347789661086779, 45.43600254643532)"
,,,,,Flantini,Vedova,,,,s. Zaccaria,rugagiuffa palazzo Grimani,4858.0,,,zaccaria,Castello,"(12.342090011263657, 45.43690488684787)"
,,,,,Franchini,"Giacomo,",,,,s. M. del Carmine,fond. Malcanton,3652.0,,,maria dei carmini,Dorsoduro,"(12.323088242792537, 45.43524685337787)"
,,,,,Gaspari,"Vincenzo; Nipoti,",,,,s. Felice,fond. della chiesa palazzo Mora,3644.0,,,felice,Cannaregio,"(12.333617085998467, 45.44190361948195)"
,,,,lav.,Gavazzi,"Antonio,",,,,s. Pietro,calle s. Anna,233.0,,,pietro,Castello,"(12.35789067721658, 45.43288537789969)"
,,,,vend.,Gelsomini; Basilisco,"Giorgio,; Carlotta; Giuseppe,",,,rapp. da Bravazzo Gelsomini,s. Marco,sotto le procur. vecchie,143.0,,,marco,San Marco,"(12.338767020072167, 45.43469340085783)"
,,,,,Giacomuzzi,,fratelli,,fu Angelo,s. Marziale,fond. della Misericordia,3587.0,,,marziale,Cannaregio,"(12.333391261090174, 45.44385021163602)"
,,,,,Haberstumpft,"Carlo,",,,,s. M. Formosa,calle della Fava,5601.0,,,maria formosa,Castello,"(12.33815246352956, 45.437352894611095)"
,,,,,Ivancich,Guglielmo,"Comp.,",,"rapp. da Guglielmo Ivancich del fu Alberto,",s. Geremia,fond. Savorg,566.0,,,geremia,Cannaregio,"(12.320892731134183, 45.44468229757113)"
,,,,,Lazzari,"Giuseppe,",,,,s. Marziale,fondamenta della Madonna dell' Orto,3530.0,,,marziale,Cannaregio,"(12.333199825836484, 45.44583879494205)"
,,,,vend.,Luzzi,"Stella,",,,"rapp. da Emmanuele Polacco,",s. Luca,calle dei fuseri,4374.0,,,luca,San Marco,"(12.335308891628923, 45.43510642503054)"
,,,,,Moschini,"Suppiei; Comp.,; Suppiei; Bartolammeo; Vincenzo",,,,s. M. Formosa,calle della fava,5601.0,,,maria formosa,Castello,"(12.33815246352956, 45.437352894611095)"
,,,,vend.,Nicolini; Tur,"Pantaleone; Chiara,",,,,s. Marco,procur. nuove,68.0,,,marco,San Marco,"(12.337618163006802, 45.433487804766216)"
,,,,negoz.,Riesch,Erardo,,,"rapp. da Riesch Federico,",ss. Gio. e Paolo,calle dell' Erbe,6104.0,,,giovanni e paolo,Castello,"(12.339740918139103, 45.43827567437747)"
,,,,lav.,Roan,"Antonio,",,,,s. Pietro,calle s. Anna,227.0,,,pietro,Castello,"(12.357603313724093, 45.43281673198453)"
,,,,vend.,Sansoni,"Gross; Elisabetta,",,,,s. Luca,calle della mandola,3738.0,,,luca,San Marco,"(12.332672722023831, 45.434840171262344)"
,,,,vend.,Toldo,"Bartolommeo; Marianna,",,,,s. Marco,merceria dell' orologio,226.0,,,marco,San Marco,"(12.338416823670562, 45.43540664775068)"
,,,,,Zecchin,Giuseppe,,,"q. Lorenzo,",s. Geremia,rio terrà s. Leonardo,1373.0,,,geremia,Cannaregio,"(12.327727043038363, 45.44385427885596)"
,,COPERTE DI LANA.,,(fabbrica di),,,,,,,,,,,,,"(None, None)"
,,,,,Cini Francesco Erede,"Tarma,",,,,s. Giac.dall'Orio ,sottop. e corte Giovanelli,1681.0,,,giacomo dall'orio,Santa Croce,"(12.327617869407394, 45.442008488069106)"
,,,,,Padella,"Domenico; Antonio,",,,,s. Silvestro,calle Tiepolo,1416.0,,,silvestro,San Polo,"(12.331177217374314, 45.43724114574627)"
,,,,,Luzzato,"David,",,,,s . Marziale,fond. della sensa,3227.0,,,marziale,Cannaregio,"(12.327425553443039, 45.44689290856495)"
185,,,,,,,,,,,,,,,,,"(None, None)"
,,CORDAGGI.,(fabbric. e negoz.),,,,,,,,,,,,,,"(None, None)"
,,,,,Brinis,"Andrea,",,,,s. Luca,campiello della Malvasia,4411.0,,,luca,San Marco,"(12.335717233845441, 45.4351730636603)"
,,,,,Chitarin,"Autonio,",,,,s. Salvatore,ponte di rialto,5328.0,,,salvador,San Marco,"(None, None)"
,,,,,Chitarin,"Giovanni,",,,,s. Salvatore,fond. dei Tedeschi,5349.0,,,salvador,San Marco,"(12.336771484097886, 45.43804611330393)"
,,,,,Cogo,"Alvise,",,,,s. Eufemia,fond. s. Giacomo,211.0,,,eufemia,Dorsoduro,"(12.33272816976847, 45.43015112827295)"
,,,,,Duse,"Tobia,",,,,s . Pietro,in paludo,794.0,,,pietro,Castello,"(None, None)"
,,,,,Frollo,"Giuseppe,",,,,s. Eufemia,calle del forno,513.0,,,eufemia,Dorsoduro,"(12.330654113919216, 45.42981579671739)"
,,,,,Giunta,"Giuseppe,",,,,s. M. del Rosario,fondamenta Saloni,63.0,,,madonna del rosario,Dorsoduro,"(12.334278460870259, 45.429147283339915)"
,,,,,Graputto,"Giovanni,",,,,s. Eufemia,ponte piccolo,609.0,,,eufemia,Dorsoduro,"(12.329351277286033, 45.42983778438126)"
,,,,,Perotto,"Giuseppe,",,,,s. Zaccaria,riva degli Schiavoni,4190.0,,,zaccaria,Castello,"(None, None)"
,,,,,Tiozzo; Fontanella," Maria,",,,,s. Eufemia,fond. rotonda,686.0,,,eufemia,Dorsoduro,"(12.331729449589965, 45.43039963461293)"
,,,,lav.,Zamattio,"Vincenzo,",,,,s. Geremia,rio terrà,120.0,,,geremia,Cannaregio,"(12.322778492674809, 45.441756367447944)"
,,"CORONE DI COCCO, E DI OSSO.",,,,,,,,,,,,,,,"(None, None)"
,,,,,Canciani,"Maria,",,,rapp. da Mingotti Giacomo,all'Angelo Raffaele,fond. Riello,4312.0,,,angelo raffaele,NO MATCH,"(None, None)"
,,,,,De Marchi,"Francesco,",,,,ss . Gervasio e Protasio,ponte dell' Avogheria,1589.0,,,gervasio e protasio,Cannaregio,"(12.326988018722401, 45.44370353544661)"
,,,,,Gottin,"Bortolommeo,",,,,all'Angelo Raffaele,fond. Briatti,2373.0,,,angelo raffaele,NO MATCH,"(None, None)"
,,,,,Rizzi,"Francesco,",,,,all'Angelo Raffaele,fond. procuratie,2420.0,,,angelo raffaele,NO MATCH,"(None, None)"
,,CORRISPONDENTI TEATRALI.,,,,,,,,,,,,,,,"(None, None)"
,,,,,Callissoni,,Comp.,,,s. M. del Giglio,s. Fantino campiello della malvasia,,,,maria del giglio,San Marco,"(None, None)"
,,,,,Gallo,Giacomo,,,"fu Giovanni,",s. Marco,procuratie vecchie,112.0,,,marco,San Marco,"(12.337767770605335, 45.43426232384869)"
,,,,,Granatelli,"Francesco,",,,,s. Marco,"salizz. s. Moisè,",1476.0,,,marco,San Marco,"(12.336196612438181, 45.43329662570304)"
,,,,,Sartorelli,"Alessandro,",,,,s . M. del Giglio,sottop. della malvasia vecchia,1931.0,,,maria del giglio,San Marco,"(12.333336169853961, 45.434075185482975)"
186,,,,,,,,,,,,,,,,,"(None, None)"
,,CRAVATE.,,(fabbric. e negoz.),,,,,,,,,,,,,"(None, None)"
,,,,,Furlanetto,"Giuseppe,",,,,s. Luca,calle dei fuseri,4457.0,,,luca,San Marco,"(12.335317331591899, 45.43521718853588)"
,,,,,Furlanetto,"Giuseppe,",,,,s. Marco,frezzeria,1581.0,,,marco,San Marco,"(12.336276823905848, 45.43374537736679)"
,,,,,Furlanetto,"Giuseppe,",,,,s. Salvatore,merceria,4953.0,,,salvador,San Marco,"(12.337043512562357, 45.436494861554245)"
,,,,,Ruggeri,"Luigi,",,,,s. Marco,frezzeria,1693.0,,,marco,San Marco,"(12.336007575538837, 45.434420419817)"
,,DENTI ARTIFICIALI.,,,,,,,,,,,,,,,"(None, None)"
,,,,,Illig,"Augusto,",,,,s. Luca,calle Loredan,4085.0,,,luca,San Marco,"(12.333782389124302, 45.43625209797998)"
,,,,,Terrenati,"Giuseppe,",,,,s. Salvatore,calle del tagliapiatra,4985.0,,,salvador,San Marco,"(12.337221622382856, 45.436701118809644)"
,,FABBRI FERRAJ.,,,,,,,,,,,,,,,"(None, None)"
,,,,,Acerboni,Antonio,,,"fu Giacomo,",s. Gio. in Bragora,calle scoazzera,3979.0,,,giovanni in bragora,Castello,"(12.34757747627234, 45.43401887640777)"
,,,,,Acerboni,Antonio,,,"fu Giovanni,",ss. Erm. e Fortunato,campiello della chiesa,2307.0,,,ermargora e fortunato,NO MATCH,"(None, None)"
,,,,,Acerboni,"Pietro,",,,,s. M. del Giglio,calle della Verona,3661.0,,,maria del giglio,San Marco,"(12.33323863379221, 45.43453766699651)"
,,,,,Arnoldo,"Bortolomeo,",,,,s. Salvatore,calle dell' acque,5005.0,,,salvador,San Marco,"(None, None)"
,,,,,Bazzaldella,"Vincenzo,",,,,s. Geremia,calle del Botter,291.0,,,geremia,Cannaregio,"(12.324666620334584, 45.443235978889795)"
,,,,,Bellotti,"Giuseppe,",,,,s. Marco,calle delle campane,989.0,,,marco,San Marco,"(12.336865436325086, 45.43521924301675)"
,,,,,Bellotti,"Giovanni,",,,,s. Pantaleone,salizzada,30.0,,,pantalon,Dorsoduro,"(None, None)"
,,,,,Bernardi,"Giov.; Battista,",,,,s. Eufemia,corte Mosto,25.0,,,eufemia,Dorsoduro,"(None, None)"
,,,,,Berri,Bernardo,"fratelli,",,"rapp. da Berri Bernardo,",ss. Erm. e Fort.,calle selle,1473.0,,,ermargora e fortunato,NO MATCH,"(None, None)"
,,,,,Bertoldini,"Antonio,",,,,s. M. del Giglio,calle della Madonna,3600.0,,,maria del giglio,San Marco,"(12.332607117488116, 45.43449665377342)"
,,,,,Bertoldini,Carlo,,,"fu Antonio,",s. Marco,calle dei fabbri,929.0,,,marco,San Marco,"(12.337100007531925, 45.435013244999205)"
,,,,,Bertoldini,Carlo,,,"fu Pietro,",s. Pietro,fond. s. Gioachino,1832.0,,,pietro,Castello,"(12.355790259733801, 45.43259390135759)"
,,,,,Bertoldini,"Pietro,",,,,s. Francesco,salizz delle gatte,3201.0,,,francesco,Castello,"(12.347696152087726, 45.43646766500683)"
,,,,,Bertoldini,"Taddeo,",,,,s. Marco,fond. dei Dai,857.0,,,marco,San Marco,"(12.337722709899856, 45.43463830921439)"
,,,,,Bianchini,"Carlo,",,,,s. M. del Giglio,calle della Madonna,3621.0,,,maria del giglio,San Marco,"(None, None)"
,,,,,Biant,"Baldassare,",,,,s. Pietro,calle Cavalli,1491.0,,,pietro,Castello,"(12.3534271908816, 45.43205598480314)"
187,,,,,,,,,,,,,,,,,"(None, None)"
,,,,,Biassi,"Marco,",,,,s. Canciano,calle dell’ erbe,6121.0,,,canciano,Cannaregio,"(12.340157910950207, 45.438978326144124)"
,,,,,Biscaro,"Stefano,",,,,s. Canciano,calle del volto,5281.0,,,canciano,Cannaregio,"(12.339705806769798, 45.44158980386721)"
,,,,,Bortoluzzi,"Giacomo,",,,,s. Marziale,calle I due corti,3418.0,,,marziale,Cannaregio,"(12.332744372718963, 45.44522426900929)"
,,,,,Brunella,"Giuseppe,",,,,s. Salvatore,calle della bissa,5478.0,,,salvador,San Marco,"(12.337290356486717, 45.43786136532242)"
,,,,,Bugno,"Andrea,",,,,s. M. Gloriosa,calle dei saoneri,2737.0,,,maria gloriosa dei frari,San Polo,"(None, None)"
,,,,,Buzzi,"Giuseppe,",,,,s. M. del Carmine,calle lunga,2689.0,,,maria dei carmini,Dorsoduro,"(12.32321497928319, 45.43254655718424)"
,,,,,Caleagni,"Giovanni,",,,,s. Marco,calle dei fabbri,833.0,,,marco,San Marco,"(12.337556120123253, 45.43471353242064)"
,,,,,Callegari,"Giuseppe,",,,,s. M. del Carmine,corte fondaco,3414.0,,,maria dei carmini,Dorsoduro,"(12.324390257778546, 45.43473095109926)"
,,,,,Casati,"Antonio,",,,,s. Pietro,corte del tagliacalze,1746.0,,,pietro,Castello,"(12.351841871501646, 45.43243401290501)"
,,,,,"Carissimo; Tagliaferro,",Antonio; Giuseppe,,,,s. M. Formosa,"salizz. s, Lio",5415.0,,,maria formosa,Castello,"(12.339512266168857, 45.43704604911006)"
,,,,,Cendali,"Giuseppe,",,,,s. Stefano,in campo,2776.0,,,stefano,San Marco,"(12.330845957151295, 45.433434759841056)"
,,,,,Ceresa,"Giuseppe,",,,,s. Pietro,corte dell’ ancore,1039.0,,,pietro,Castello,"(None, None)"
,,,,,Cesana,"Ginseppe,",,,,s. Marziale,fond. Ormesini,2846.0,,,marziale,Cannaregio,"(None, None)"
,,,,,Chiereghin,"Carlo,",,,,ss. Gervasio e Prot.,sulle zattere,786.0,,,gervasio e protasio,Cannaregio,"(12.318828104314163, 45.44585150691501)"
,,,,,Chiereghin,"Carlo,",,,,s. Eufemia,fond. ponte lungo,231.0,,,eufemia,Dorsoduro,"(12.332857510053103, 45.42967063155997)"
,,,,,Colussi,"Osvaldo,",,,,s. Cassiano,calle dei morti,2251.0,,,cassiano,Santa Croce,"(12.331802156649793, 45.43991702244335)"
,,,,,Cossi,"Bonaventura,",,,,s. Canciano,calle dei Buranelli,5071.0,,,canciano,Cannaregio,"(12.340926695017219, 45.44252204433298)"
,,,,,Dal Pietro,"Federico,",,,,s. Simeone Prof. ,campo della lana,620.0,,,simeon profeta,Santa Croce,"(12.32259700982994, 45.438753720626316)"
,,,,,De Fanti,"Silvestro,",,,,s. Giacomo dall’ Orio,calle larga,1655.0,,,giacomo dall'orio,Santa Croce,"(12.328339165232057, 45.44077330996978)"
,,,,,Donaggio,"Girolamo,",,,,s. Gio. in Bragora,calle del pestrin,3855.0,,,giovanni in bragora,Castello,"(12.347964978357613, 45.43490772048507)"
,,,,,Fabris,"Pietro,",,,,s. Stefano,salizz. s. Samuele,3146.0,,,stefano,San Marco,"(12.329561075443188, 45.434255425005816)"
,,,,,Fasan,"Francesco,",,,,s. Simeone,campo dei Tedeschi,1008.0,,,simeon,Santa Croce,"(12.325919066550595, 45.43972355686641)"
,,,,,Fassini,Carlo,frat.,,"fu Carlo,",s. Marziale,calle larga,2556.0,,,marziale,Cannaregio,"(12.331798208994803, 45.44488572744613)"
,,,,,Fassini,"Biaggio,",,,,s. Marco,calle larga,372.0,,,marco,San Marco,"(12.33970879215786, 45.43527066317806)"
,,,,,Fassini,Biaggio,,,"fu Giovanni,",s. Luca,calle dei fabbri,4722.0,,,luca,San Marco,"(12.335782128759647, 45.43612167753936)"
,,,,,Fiandra,"Abramo,",,,,s. Geremia,rioterra due ponti,1380.0,,,geremia,Cannaregio,"(12.327950004698096, 45.443912953477614)"
,,,,,Favero,"Domenico,",,,detto Fabris,s. Francesco,corte del ponte,2764.0,,,francesco,Castello,"(12.348774693637989, 45.43802813050773)"
,,,,,Galletto,"Antonio,",,,,s. M. Gloriosa dei Frari,calle dell’ olio,2450.0,,,maria gloriosa dei frari,San Polo,"(12.32630962252201, 45.438598640490746)"
,,,,,Galuzzi,"Vincenzo,",,,,s. Marco,calle dei fabbri,1053.0,,,marco,San Marco,"(12.336800408947045, 45.43523588946251)"
,,,,,Gianolla,"Angelo,",,,,s. Pantaleone,crosera,3952.0,,,pantalon,Dorsoduro,"(12.325581702490013, 45.43583743334653)"
,,,,,Giglio,"Carlo,",,,,s. M. del Giglio,calle lunga s. Moisé,2357.0,,,maria del giglio,San Marco,"(12.333763714198561, 45.4325801758102)"
,,,,,Grossen,"Carlo,",,,,s. Cassiano,calle del tintor,1806.0,,,cassiano,Santa Croce,"(12.328952253740521, 45.440793389479126)"
,,,,,Guarnieri,"Giuseppe,",,,,s. Silvestro,calle del perdon,1310.0,,,silvestro,San Polo,"(12.331859480197593, 45.437681531017674)"
,,,,,Lazzaris,"Giovanni,",,,,s. Pietro,calle Ficca,,,,pietro,Castello,"(None, None)"
,,,,,Lucatello,"Pietro,",,,,s. Francesco,salizz. s. Giustina,2916.0,,,francesco,Castello,"(12.34660239933001, 45.43744303223)"
,,,,,Lucatello,"Pietro,",,,,s. Martino,calle del bastion,2551.0,,,martino,Castello,"(12.34886198936083, 45.4356468406149)"
,,,,,Maglia,"Pietro,",,,,s. Zaccaria,calle della chiesa,4508.0,,,zaccaria,Castello,"(12.341691976653998, 45.43521233572174)"
,,,,,Marzonetto,"Francesco,",,,,s. Zaccaria,corte del Paradiso,4892.0,,,zaccaria,Castello,"(12.342424210066508, 45.43661979787983)"
,,,,,Matteotti,"Maria,",,,,s. Canciano,calle dei miracoli,6012.0,,,canciano,Cannaregio,"(12.338682018515092, 45.43945245011634)"
188,,,,,,,,,,,,,,,,,"(None, None)"
,,,,,Mazzucco,"Andrea,",,,,s. M. del Giglio,calle Barozzi,2135.0,,,maria del giglio,San Marco,"(12.33517214222056, 45.43248329359384)"
,,,,,Mnzzucco,"Giuseppe,",,,,s. Cassiano,fondamenta carampane,1901.0,,,cassiano,Santa Croce,"(12.329616657580818, 45.44038124459635)"
,,,,,Menegazzi,"Simeone,",,,,s. M. Formosa,calle lunga,5225.0,,,maria formosa,Castello,"(12.341761268624268, 45.4376849760919)"
,,,,,Miotto,Bartolomeo,,,"fu Daniele,",ss. Gervasio e Prot.,fondementa s.Baseggio,1527.0,,,gervasio e protasio,Cannaregio,"(12.326651985233, 45.44350796352813)"
,,,,,Molin,"Marino,",,,,s . M. del Carmine,calle Pedrocco,3174.0,,,maria dei carmini,Dorsoduro,"(12.325209346671516, 45.433536363298536)"
,,,,,Monti,"Gio.; Battista,",,,,s. Cassiano,calle del tiutor,1907.0,,,cassiano,Santa Croce,"(12.329563405714087, 45.44048220617945)"
,,,,,Morazzi,"Domenico,",,,,s. M. Formosa,calle del mondo nuovo,5789.0,,,maria formosa,Castello,"(12.340088703997418, 45.437069993952534)"
,,,,,Nenzi,Antonio,,,,s Marco,calle dei fabbri,935.0,,,marco,San Marco,"(None, None)"
,,,,,Oltremonti,"Carlo,",,,,s. Marco,spaderia,666.0,,,marco,San Marco,"(12.33901789898443, 45.43530692892955)"
,,,,,Oltremonte,"Gio.; Battista,",,,,"s. M. del Carmine,",s. Margherita,2846.0,,,maria dei carmini,Dorsoduro,"(12.324561245205759, 45.43296135443893)"
,,,,,Ongania,"Antonio,",,,,s. Canciano,calle del fruttariol,5945.0,,,canciano,Cannaregio,"(12.338209581530156, 45.43972572540762)"
,,,,,Orlandini,"Gio.; Battista,",,,,s. Salvatore,calle dei stagneri,5244.0,,,salvador,San Marco,"(12.337186984918846, 45.43722426336864)"
,,,,,Orsoni,"Angelo,",,,,s. Canciano,salizzada,5937.0,,,canciano,Cannaregio,"(12.337922721667665, 45.43974450676187)"
,,,,,Ovio,"Ambrogio,",,,,s. M. del Giglio,calle delle veste,2020.0,,,maria del giglio,San Marco,"(12.334452768069005, 45.43306642250192)"
,,,,,Ovio,"Andrea,",,,,s. Marco,calle dei fabbri,932.0,,,marco,San Marco,"(12.33716251915238, 45.43496115547357)"
,,,,,Pagan,"Marco,",,,,s. M. Gloriosa dei Frari,calle del campaniel s. Tomà,2888.0,,,maria gloriosa dei frari,San Polo,"(12.327363003999734, 45.43576297925108)"
,,,,,Pandian,"Angelo,",,,,s. M. Formosa,corte dell' indorator s. Marina,6095.0,,,maria formosa,Castello,"(12.339624676249956, 45.438455832435174)"
,,,,,Pandian,"Antonio,",,,,s. M. Gloriosa dei Frari,calle degli Albanesi,3046.0,,,maria gloriosa dei frari,San Polo,"(12.325879371204485, 45.43656049040302)"
,,,,,Pandian,"Pietro,",,,,s. Geremia,fond. di pescaria,1119.0,,,geremia,Cannaregio,"(12.324891495131924, 45.444202121843155)"
,,,,,Pandiani,"Carlo,",,,,s. M. Formosa,salizzada s. Lio,5471.0,,,maria formosa,Castello,"(12.339281909574078, 45.43721442431968)"
,,,,,Paolini,"Giacomo,",,,,s. M. Formosa,calle della fava,5595.0,,,maria formosa,Castello,"(12.338322308059631, 45.43736942167796)"
,,,,,Pasetti,"Antonio,",,,,ss. Gerv. e Protasio,piscina Venier,872.0,,,gervasio e protasio,Cannaregio,"(12.318155094379854, 45.444966464999276)"
,,,,,Pasini,"Gio.; Battista,",,,,s. M. Formosa,calle al ponte dell'Angelo,5311.0,,,maria formosa,Castello,"(12.340002431598286, 45.43599687469886)"
,,,,,Parol,"Andrea,",,,,s. Pietro,calle colonne,1468.0,,,pietro,Castello,"(12.353472479996954, 45.431588002934035)"
,,,,,Pavan,"Gioachino,",,,,s. M. del Giglio,ramo callegheri,2583.0,,,maria del giglio,San Marco,"(12.33247805234532, 45.43330638600191)"
,,,,,Pedersin,"Giuseppe,",,,,s. Canciano,salizzzada del formagier,5555.0,,,canciano,Cannaregio,"(12.337927525753175, 45.43977693310962)"
,,,,,Pellanda; Ambrogio," Pellanda,",fratelli,,rapp. da Pietro,ss. Apostoli,rioterrà,4623.0,,,apostoli,Cannaregio,"(12.337462936057955, 45.44100909455709)"
,,,,,Pellizzato,"Bartolomeo,",,,,s. Stefano,calle dei Frati,3530.0,,,stefano,San Marco,"(12.331047534602964, 45.4340185719053)"
,,,,,Perdon,"Giuseppe,",,,,"s, Geremia",lista di Spagna,265.0,,,geremia,Cannaregio,"(12.324386119548713, 45.44299657662113)"
,,,,,Peverà,"Giovanni,",,,,s. Silvestro,calle dell' Angelo,843.0,,,silvestro,San Polo,"(12.333662786796184, 45.43892179535224)"
,,,,,Pezzatti,"Alberto,",,,,s. Simeon,Prof. lista vecchia bari,1239.0,,,simeon,Santa Croce,"(12.325615112596836, 45.44109020590277)"
,,,,,Pomoni,"Nicolò,",,,,Angelo Raffaele,corte Lardona,1765.0,,,angelo raffaele,NO MATCH,"(None, None)"
,,,,,Rossi,"Antonio,",,,,s. Zaccaria,campiello del vin,4646.0,,,zaccaria,Castello,"(12.342561134126194, 45.4343307706981)"
,,,,,Rubini,"Bartolomeo,",,,,ss. Apostoli,calle del duca,4313.0,,,apostoli,Cannaregio,"(12.33545190942107, 45.44054165625844)"
,,,,,Rubini,"Domenico,",,,,s. Cassiano,calle luuga,2134.0,,,cassiano,Santa Croce,"(12.329937064144096, 45.439398987654585)"
,,,,,Bubini,"Giuseppe,",,,,s. M. del Giglio,calle lunga s. Moisè,2254.0,,,maria del giglio,San Marco,"(12.33442022279849, 45.432856867340185)"
,,,,,Rubini,"Pietro,",,,,"s. Zaccaria,",campo ss. Filippo e Giac.,4520.0,,,zaccaria,Castello,"(12.34153564281177, 45.43501475921488)"
,,,,,Rusconi,"Domenico,",,,,ss. Gervasio e Prot.,calle toletta,1232.0,,,gervasio e protasio,Cannaregio,"(12.325732978154546, 45.44464252397167)"
,,,,,Rusconi,"Pietro,",,,,s. Pietro,via nuova,1698.0,,,pietro,Castello,"(12.351514763652169, 45.43216876674331)"
,,,,,Rusconi,"Pietro; Battista,",,,di Gio.,s. Pietro,via nuova,1595.0,,,pietro,Castello,"(12.352180479234208, 45.43209571591516)"
,,,,,Samassa,"Pietro,",,,,s. Pantaleone,eampiello delle mosche,51.0,,,pantalon,Dorsoduro,"(12.334450956208334, 45.42924520636702)"
,,,,,Scarpa,"Antonio,",,,,s. Pietro,calle crosera,222.0,,,pietro,Castello,"(12.357527640798327, 45.43279650496432)"
,,,,,Scarpa,"Massimo,",,,,s. M. Formosa,calle del fruttarol,5983.0,,,maria formosa,Castello,"(12.338835433904482, 45.43813225539496)"
,,,,,Scarpa,"Miotto; Giuditta,",,,,ss. Gerv. e Prot.,fond. s. Baseggio,1642.0,,,gervasio e protasio,Cannaregio,"(12.327675394118383, 45.443504317844464)"
,,,,,Spandri,Angelo,"fratello,",,,s. Luca,calle dei fabbri,4713.0,,,luca,San Marco,"(12.336034616098901, 45.43587789291966)"
,,,,,Spandri,"Biaggio,",,,,s. Luca,calle dei fabbri,4674.0,,,luca,San Marco,"(12.336060361112619, 45.435811877108975)"
,,,,,Spandri,"Giuseppe,",,,,s. Silvestro,riva del vin,733.0,,,silvestro,San Polo,"(12.334915467044803, 45.437732001262326)"
,,,,,Spandri,"Marc’; Antonio,",,,,s. Salvatore,fondaco Tedeschi,5348.0,,,salvador,San Marco,"(12.336723638289728, 45.43805446487428)"
,,,,,Tagliaferro,"Domenico,",,,,s. Zaccaria,rugagiufla,4923.0,,,zaccaria,Castello,"(12.342505329451145, 45.43610824725373)"
,,,,,Tagliaferro,"Giuseppe,",,,,s. Silvestro,calle del Paradiso,757.0,,,silvestro,San Polo,"(12.333975124294627, 45.437743960776224)"
,,,,,Tendarin,"Antonio,",,,,all’ Ang.,Raffuele fondamenta Briati,2538.0,,,angelo raffaele,NO MATCH,"(None, None)"
,,,,,Tendarin,"Dionisio,",,,,s. M. Formosa,campo s. Lio,5630.0,,,maria formosa,Castello,"(12.338263824737735, 45.437690490243604)"
,,,,,Tendarini,"Antonio,",,,,s. Giovanni in Bragora,campo,3818.0,,,giovanni in bragora,Castello,"(12.347166279324089, 45.43466334937678)"
,,,,,Tendarini,"Domenico,",,,,s. Marco,calle dei specehieri,643.0,,,marco,San Marco,"(12.33920528840113, 45.43551808085702)"
,,,,,Tendarini,Domenico,"Comp.,",,rapp. da Domenico Tendarini,s. Felice,fondamenta,361.0,,,felice,Cannaregio,"(12.322462245044816, 45.4426764225701)"
,,,,,Tendarini,Domenico,"nipoti,",,rapp. da Tendarini Antonio,ss. Apostoli,calle dell’ oca,4303.0,,,apostoli,Cannaregio,"(12.335498996600059, 45.44080719441652)"
,,,,,Tendarini,"Luigi,",,,,s. Silvestro,ealle dell’ Angelo,827.0,,,silvestro,San Polo,"(12.333822216911084, 45.43912438734875)"
,,,,,Tiepolo,"Michele,",,,,s. Cassiano,calle dei botteri,1659.0,,,cassiano,Santa Croce,"(12.32812900027613, 45.44063411991519)"
,,,,,Tomaello,"Giuseppe,",,,,s. M. del Carmine,calle del cappeller,3277.0,,,maria dei carmini,Dorsoduro,"(12.325555140297785, 45.43417468837274)"
,,,,,Vallonta,"Giovanni,",,,,ss. Gio. Paolo,calle della panada,6160.0,,,giovanni e paolo,Castello,"(12.341302186328841, 45.43800348593324)"
,,,,,Venerando,"Angelo,",,,,ss. Gerv. Protasio,calle Pompea,891.0,,,gervasio e protasio,Cannaregio,"(12.319032031450513, 45.44677429558766)"
,,,,,Zambon,"Alessandro,",,,,s. Luca,corte del forno vecchio,4429.0,,,luca,San Marco,"(12.33559505070847, 45.43526800591646)"
,,,,,Zanon,,"fratelli,",,,s. M. Gloriosa dei Frari,calle dei saoneri,2752.0,,,maria gloriosa dei frari,San Polo,"(12.328392524738229, 45.43654651491931)"
,,"FALEGNAMI, FINESTRAI, REMAJ, E TAGLIERI",,,,,,,,,,,,,,,"(None, None)"
,,,,fal.,Alvera,"Bartolammeo,",,,,ss. Apostoli,rio terra,4756.0,,,apostoli,Cannaregio,"(12.33859980307221, 45.441501208276556)"
,,,,fal.,Astori,"Gaetano,",,,,s. M. Formosa,calle del volto,5694.0,,,maria formosa,Castello,"(12.33923105638072, 45.4374629032601)"
,,,,fal.,Avon,"Osvaldo,",,,,ss. Apostoli,in campo,4555.0,,,apostoli,Cannaregio,"(12.3365756443201, 45.44096118281615)"
,,,,fal.,Avon,"Valentino,",,,,s. Giacomo dall’ Orio,calle larga,1663.0,,,giacomo dall'orio,Santa Croce,"(12.328238350945439, 45.44077459679299)"
,,,,fal.,Avogadro,"Innocente,",,,,s. M. del Carm.,calle della malvasia‘,3190.0,,,maria dei carmini,Dorsoduro,"(12.325457563710938, 45.433751735246574)"
,,,,fal.,Baldan,"Angelo,",,,,s. Marco,campo della guerra,512.0,,,marco,San Marco,"(12.339133951243515, 45.43611769421507)"
,,,,fal:,Ballestrini,"Angelo,",,,,s. Marziale,fond. della Misericordia,3586.0,,,marziale,Cannaregio,"(12.33332135660429, 45.443896625242786)"
,,,,fal.,Barasciutti,"Sante,",,,,s. M. Glor. dei Frari,calle del calderer,2422.0,,,maria gloriosa dei frari,San Polo,"(12.326354863317613, 45.43862582422607)"
,,,,fal.,Bassanese,"Domenico,",,,,s. Felice,calle delle vele,3976.0,,,felice,Cannaregio,"(12.334758700298554, 45.44139852136478)"
,,,,fal.,Bastianon,"Pietro,",,,,s. Felice,calle racchetta,3779.0,,,felice,Cannaregio,"(12.335392125945168, 45.4430123360922)"
190,,,,,,,,,,,,,,,,,"(None, None)"
,,,,fal.,Bellini,"Gio.; Battista,",,,,"s, Pantaleone",crosera,3944.0,,,pantalon,Dorsoduro,"(12.325776203302297, 45.43575382956503)"
,,,,fal. e finest.,Bertoli,"Pietro,",,,,s. Francesco,corte nuova,2868.0,,,francesco,Castello,"(12.346284854534458, 45.4370296111933)"
,,,,fal.,Bettio,"Giovanni,",,,,ss Gervasio e Prot.,calle della taoletta,1173.0,,,gervasio e protasio,Cannaregio,"(12.325504228331923, 45.44503447700327)"
,,,,fal.,Bevilacqua,"Angelo,",,,,s. Pietro,calle s. Gioaehino,472.0,,,pietro,Castello,"(12.356804969410927, 45.43308116075252)"
,,,,fal.,Bevilacqua,"Antonio,",,,,s. Silvestro,camp. dei sansoni,899.0,,,silvestro,San Polo,"(12.332750052895031, 45.43880069375668)"
,,,,fal.,Bevilacqua,"Sebastiano,",,,,s. M. del Rosario,calle della chiesa,728.0,,,madonna del rosario,Dorsoduro,"(12.330609354679089, 45.430526887336946)"
,,,,fal.,Bianchi,"Antonio,",,,,s. Gio. in Bragora,salizz. del pignater,3548.0,,,giovanni in bragora,Castello,"(12.347194280114984, 45.43501381875373)"
,,,,fal.,"Biasiutti,",Maziol,Comp.,,,ss. Gio. e Paolo,calle larga Berlendis,6272.0,,,giovanni e paolo,Castello,"(12.342345552242636, 45.43852045507367)"
,,,,fal.,Biondetti,"Carlo,",,,,s. Gio. in Bragora,calle dei Furlani,3280.0,,,giovanni in bragora,Castello,"(12.346318367385045, 45.436150435338185)"
,,,,fal.,Bonetti,"Pietro,",,,,s. Cassiano,calle dei Botteri,1736.0,,,cassiano,Santa Croce,"(12.328254205932959, 45.44163749467088)"
,,,,fal.,Bonifacio,"Antonio,",,,,ss. Gio. e Paolo,calle I. brusa,6430.0,,,giovanni e paolo,Castello,"(12.343386773388696, 45.43856180787086)"
,,,,fal.,Bonin,"Giovanni,",,,,s. Marco,corte Barozzi s. Moisé,2137.0,,,marco,San Marco,"(None, None)"
,,,,fal.,Bonomi,"Carlo,",,,,s. Marco,calle ramo del fumo,839.0,,,marco,San Marco,"(12.337597502720957, 45.434877608365916)"
,,,,fal.,Bortolotti,"Giovanni,",,,,s. M. del Rosario,calle dello squero,35.0,,,madonna del rosario,Dorsoduro,"(12.334281068536137, 45.42990709924705)"
,,,,fal.,Bosio,"Antonio,",,,,s. Martino,camp. del Tagliapietra,2254.0,,,martino,Castello,"(12.349774498584107, 45.43382989639985)"
,,,,fal.,Bravi,"Luigi,",,,,s. Cassiano,calle del campanil,1758.0,,,cassiano,Santa Croce,"(12.328344948665162, 45.44097821343486)"
,,,,fal. e finest.,Cadel,"Francesco,",,,,s. Marziale,fond. dei Riformati,3149.0,,,marziale,Cannaregio,"(12.327315105469763, 45.44764364040039)"
,,,,fal. e finest.,Cadel,"Gio.Maria,",,,,s. Marziale,fond. s. Alvise,3179.0,,,marziale,Cannaregio,"(12.32805094987867, 45.44743497963585)"
,,,,fal.,Caliselli,"Giacomo,",,,,s. M. del Carmine,calle Degolin,2649.0,,,maria dei carmini,Dorsoduro,"(12.322414007864408, 45.43230373760328)"
,,,,fal.,Callalo,"Giuseppe,",,,,ss. Erm. e Fort.,campiello del botter,1825.0,,,ermargora e fortunato,NO MATCH,"(None, None)"
,,,,fal.,Callegari,"Giuseppe,",,,,s. M. del Carm.,calle del magazzen,3402.0,,,maria dei carmini,Dorsoduro,"(12.324408803318983, 45.43448159910661)"
,,,,fal.,Campedei,"Giovanni,",,,,s. Felice,calle larga Priuli,3794.0,,,felice,Cannaregio,"(12.3344032481471, 45.44206667730062)"
,,,,fal. @ finest.,Candor,"Luca,",,,,s. Nicola da Tolent.,calle e corte del basegò,3607.0,,,nicola da tolentino,Santa Croce,"(None, None)"
,,,,fal.,Cargnelli,"Lorenzo,",,,,ss. Apostoli,fond. Zen.,4940.0,,,apostoli,Cannaregio,"(12.33680646594168, 45.443111937821435)"
,,,,fal.,Carnielli,"Gaetano,",,,,s. Zaccaria,rugagiuffa,4851.0,,,zaccaria,Castello,"(12.341927945136947, 45.43669679083054)"
,,,,fal.,Cecoto,"Giuseppe,",,,,s. Marco,calle Veneziana,1595.0,,,marco,San Marco,"(12.335714091217783, 45.433725847888894)"
,,,,fal.,Cestari,"Giuseppe,",,,,s. Canciano,in campo,5535.0,,,canciano,Cannaregio,"(None, None)"
,,,,fal.,Ceechini,"Gio.; Battista,",,,,s. Marco,corte del teatro s. Moisè,2240.0,,,marco,San Marco,"(None, None)"
,,,,fal. cass.,Chetuzzi,"Angelo,",,,,s. M. Formosa,salizz. s. Lio,5387.0,,,maria formosa,Castello,"(12.339852706670062, 45.43678798492649)"
,,,,fal. e fin.,Cimarosto,"Pietro,",,,,s. Pietro,calle Correra,548.0,,,pietro,Castello,"(None, None)"
,,,,fal.,Chiesura,"Luigi,",,,,s. Cassiano,calle Tiozzi,2082.0,,,cassiano,Santa Croce,"(12.330958517512569, 45.440648547807385)"
,,,,fal. e finest.,Chiurlotto,"Pietro,",,,,s. M. del Giglio,calle Minelli,1864.0,,,maria del giglio,San Marco,"(12.334284783158195, 45.43409331657208)"
,,,,fal.,Chiussi,"Cristoforo,",,,,ss. Erm. e Fort.,calle della paglia,1626.0,,,ermargora e fortunato,NO MATCH,"(None, None)"
,,,,finest.,Coghetto,"Eugenio,",,,,s. Maria Gloriosa dei Frari,calle del scaletter,2206.0,,,maria gloriosa dei frari,San Polo,"(12.329362611602642, 45.43869884936535)"
,,,,fal.,Cominotto,"Antonio,",,,,s. Nicola da Tolent.,fond. Bernardo,277.0,,,nicola da tolentino,Santa Croce,"(12.319955486664076, 45.43672032476538)"
,,,,fal.,Cordella,"Gio.; Battista,",,,,s. M. del Carmine,calle delle pazienze,2620.0,,,maria dei carmini,Dorsoduro,"(12.322559717528613, 45.43310055126124)"
,,,,fal. e finest.,Costa,"Pietro,",,,,s. Simeone Prof. ,ruga bella,1084.0,,,simeon profeta,Santa Croce,"(12.326454233451752, 45.44002940305834)"
191,,,,,,,,,,,,,,,,,"(None, None)"
,,,,fal.,Costantini,"Agostino,",,,,s. M. Formosa,calle al ponte della guerra,5354.0,,,maria formosa,Castello,"(12.339576149257361, 45.436467636213514)"
,,,,fal.,Costantini,"Giovanni,",,,,s. Canciano,calle dei Miracoli,6009.0,,,canciano,Cannaregio,"(12.338534608592504, 45.439279427979024)"
,,,,fal. e finest.,Crovato,"Antonio,",,,,s. M. Gloriosa dei Frari,calle Albanesi,2641.0,,,maria gloriosa dei frari,San Polo,"(12.328456207805479, 45.43741768710894)"
,,,,"formetta,",Crozzoli,"Antonio,",,,,s. M. Formosa,calle Paradiso,5742.0,,,maria formosa,Castello,"(12.339763059175366, 45.437466374949636)"
,,,,"formetta,",Crozzoli,"Leonardo,",,,,s. M.. Form.,calle s. Antonio,5432.0,,,maria formosa,Castello,"(12.339372128579644, 45.4369443022019)"
,,,,fal.,Dall’ Andrea,"Giuseppe,",,,,s. M. del Carmine,sottop. e corte tagliapietra,3375.0,,,maria dei carmini,Dorsoduro,"(12.324646251140733, 45.43452845898296)"
,,,,fal.,Dal Bianco,"Domenico,",,,,s. Felice,fond. Priuli,4056.0,,,felice,Cannaregio,"(12.33529764148215, 45.44203604116077)"
,,,,fal.,Dal Mas,"Gio.Battista,",,,,s. Marco,corte dell’ áncore,898.0,,,marco,San Marco,"(None, None)"
,,,,fal.,Dal Missier,"Giacomo,",,,,s. Zaccaria,camp. del vin,4647.0,,,zaccaria,Castello,"(12.34254477384774, 45.43438246524147)"
,,,,fal.,Dal Missier,"Luigi,",,,,"s, M. Formosa",calle del paradiso as. Lie,5746.0,,,maria formosa,Castello,"(12.339882159084521, 45.43752177316249)"
,,,,finest.,Dall’ Olivo,"Gio.; Battista,",,,,s. Marziale,fond. Ormesini,2833.0,,,marziale,Cannaregio,"(12.327148711236903, 45.445899943018944)"
,,,,fal.,Dal Soldi,"Angelo,",,,,s. M. del Giglio,calle ramo dietro la chiesa,1985.0,,,maria del giglio,San Marco,"(None, None)"
,,,,fal.,Dal Tedesco,"Marco,",,,,s. Cassiano,sottop. Tamossi,1500.0,,,cassiano,Santa Croce,"(12.327770283963734, 45.44058064641161)"
,,,,fal.,Dal Zotto,"Sante,",,,,s. Luca,campe s. Angelo,3811.0,,,luca,San Marco,"(12.332165201106758, 45.43459600467728)"
,,,,fal.,De Martini,"Gio.; Maria,",,,,ss. Gio. e Paolo,calle del cavallo,6382.0,,,giovanni e paolo,Castello,"(12.342634807065824, 45.43814459508889)"
,,,,fal.,Demin,"Gregorio,",,,,s. Silvestro,calle prima Donzella,276.0,,,silvestro,San Polo,"(12.334163796434812, 45.439335094362995)"
,,,,fal.,Demin,"Gregorio,",,,,s. Silvestro,calle prima Donzella,293.0,,,silvestro,San Polo,"(12.334139909200083, 45.43937991147933)"
,,,,fal.,De Paoli,"Angelo,",,,,ss. Apostoli,calle larga dei proverbj,4571.0,,,apostoli,Cannaregio,"(12.337519067823942, 45.4409146187496)"
,,,,fal. e finest.,De Paoli,"G.; Maria,",,,,s. Canciano,calie crosetta,5515.0,,,canciano,Cannaregio,"(12.339183637183975, 45.440352279640194)"
,,,,faleg.,De Ventura,"Filippo,",,,,ss. Apostoli,rio terra barba fruttarol,4721.0,,,apostoli,Cannaregio,"(12.337821231007387, 45.441627522160886)"
,,,,fal.,Donadoni,"Carlo,",,,,s. Zaccaria,Borgoloco s. Lorenzo,5092.0,,,zaccaria,Castello,"(12.34309339568039, 45.437139530417745)"
,,,,fal.,Donati,"Pietro,",,,,s. M. Formosa,campo s. Marina,6042.0,,,maria formosa,Castello,"(12.338924337995643, 45.43840231882722)"
,,,,fal.,Dorigo,"Sante,",,,,"s, Marco",campo della guerra,502.0,,,marco,San Marco,"(12.339054978832255, 45.43607568686065)"
,,,,fal.,Dri; Indri," Giacomo,",,,d.,s. Cassiano,campo,1753.0,,,cassiano,Santa Croce,"(12.328537934909889, 45.441295071634705)"
,,,,fal.,Duregon,"Antonio,",,,,s. Canciano,campo s. Gio. Grisost.,5893.0,,,canciano,Cannaregio,"(None, None)"
,,,,fal.,Dalle Ore,"Marco,",,,,s. Felice,ruga dei due pozzi,4163.0,,,felice,Cannaregio,"(12.336218791640418, 45.44197128302922)"
,,,,fal.,Fabris,"Gio.; Battista,",,,,s. Marco,camp. del Piovan,594.0,,,marco,San Marco,"(12.33845081444814, 45.436007774325816)"
,,,,fal.,Fantinelli,"Antonio,",,,,s. Pietro,fond. rio della tana,2078.0,,,pietro,Castello,"(12.352321610761752, 45.43291168308647)"
,,,,fal.,Fantinelli,"Giacomo,",,,,s. Pietro,camp. del squero,1627.0,,,pietro,Castello,"(12.351639198000754, 45.43197713543369)"
,,,,fal.,Fantinelli,"Leonardo,",,,,s. Pietro,corte tagliacalze,1753.0,,,pietro,Castello,"(None, None)"
,,,,fal. e finest.,Faresin,"Annibale,",,,,s. Giacomo dall'Orio,riva di Biasio,1290.0,,,giacomo dall'orio,Santa Croce,"(12.325918485031647, 45.44197418748518)"
,,,,finest.,Fassetta,"Antonio,",,,,s. . M. Gloriosa dei Frari,campiello del forner,2371.0,,,maria gloriosa dei frari,San Polo,"(12.326356932474729, 45.43853670231783)"
,,,,"fabb. remi,",Foéssetta,"Nicold,; Domenica,.",,,rapp. da Fossctta Lando,s.Martino,calle del tagliapietra,2250.0,,,martino,Castello,"(12.349679831498912, 45.43371612547864)"
192,,,,,,,,,,,,,,,,,"(None, None)"
,,,,fal.,Fattoretto,"Giuseppe,",,,,s . Nicola da Tolent.,fond.,182.0,,,nicola da tolentino,Santa Croce,"(12.321237794965173, 45.437557601800954)"
,,,,fal.,Favetta,"Gio.; Battista,",,,,s. Marziale,fond. della Misericor.,2539.0,,,marziale,Cannaregio,"(None, None)"
,,,,fal.,Ferrarese,"Giovanni,",,,,s. Gio. in Bragora,sottoportico dei preti s.Antonino,3819.0,,,giovanni in bragora,Castello,"(12.347262392517353, 45.43466310672081)"
,,,,fal.,Filippini,"Antonio,",,,,s. Pietro,calle colonne,1443.0,,,pietro,Castello,"(None, None)"
,,,,"fal,",Fioravanti,"Alessio,",,,,s. Stefano,piscina s. Samuele,3436.0,,,stefano,San Marco,"(12.330323823966163, 45.43407219100246)"
,,,,"fal,",Fiorini,"Tommaso,",,,,s . Pantaleone,ramo del Remer,3984.0,,,pantalon,Dorsoduro,"(None, None)"
,,,,fal. e finest.,Fontana,"Francesco,",,,,s. Giacomo dall' Orio,salizz. Carminati,1896.0,,,giacomo dall'orio,Santa Croce,"(12.329330402524421, 45.44032557816976)"
,,,,fines.,Fossen,"Bartolammeo,",,,,s. Cassiano,calle dei botteri,1657.0,,,cassiano,Santa Croce,"(12.328047734865608, 45.440527685737)"
,,,,fal.,Franzoso,"Osvaldo,",,,,s. Luca,calle delle bilancie,4560.0,,,luca,San Marco,"(12.33560769290015, 45.43597053800389)"
,,,,fal.,Fumi,"Michiele,",,,,s. Luca,calle dei fabbri,1682.0,,,luca,San Marco,"(12.33571366328463, 45.434240562178886)"
,,,,fal.,Furlanetto,"Angelo,",,,,s. Canciano,corte della carità,5172.0,,,canciano,Cannaregio,"(12.33998011987057, 45.44182634243942)"
,,,,fal.,Garlato,Bernardo,,,"del fù Domenico,",s. Salvatore,riva del ferro,5131.0,,,salvador,San Marco,"(12.335929606338489, 45.43759684022764)"
,,,,casselajo,Garlato,"Leonardo,",,,,s. M. Form,calle del mondo novo,5791.0,,,maria formosa,Castello,"(12.340183489825982, 45.437114258745254)"
,,,,casselajo,Garlato,"Spiridione,",,,,s. Francesco,corte terrazzera,2958.0,,,francesco,Castello,"(12.347699019195133, 45.43751068959259)"
,,,,fal.,Gelato,"Antonio,",,,,s. Stefano,s . Angelo camp. del teatro,3884.0,,,stefano,San Marco,"(12.33052496979799, 45.435053494295445)"
,,,,fal.,Gerardi,"Antonio,",,,,ss. Ermag. Fort.,camp. della chiesa,2308.0,,,ermargora e fortunato,NO MATCH,"(None, None)"
,,,,fal.,Giacomelli,"Antonio,",,,,s. Francesco,campo s. Gius.,6490.0,,,francesco,Castello,"(12.34514629585372, 45.438338226240134)"
,,,,fal.,Giacomelli,"Giuseppe,",,,,s. Zaccaria,campo s. Provolo,4705.0,,,zaccaria,Castello,"(12.342252958104979, 45.435040303145385)"
,,,,fal.,Giair,"Antonio,",,,,s. Stefano,fond. Narizi,3894.0,,,stefano,San Marco,"(12.33092095474949, 45.43494668822347)"
,,,,"fal, finest.",Giostra,"Luigi,",,,,s. Marco,campo della guerra,499.0,,,marco,San Marco,"(12.338978930015353, 45.43595700869743)"
,,,,fal.,Girardini,"Giuseppe,",,,,s. Pantaleone,salizzada,50.0,,,pantalon,Dorsoduro,"(12.334547633892422, 45.429315815520404)"
,,,,fal. e finest.,Giudica,"Bartolammeo,",,,,s. M. Formosa,calle della guerra,5369.0,,,maria formosa,Castello,"(12.339485192011345, 45.43644519066747)"
,,,,fal.,Giudica,"Luigi,",,,,ss. Ermag. e Fort.,rio terrà,1749.0,,,ermargora e fortunato,NO MATCH,"(None, None)"
,,,,fal. e finest.,Gortanutti,"Agostino,",,,,s. Silvestro,sottop. del pozzetto,447.0,,,silvestro,San Polo,"(12.333852920480858, 45.43873308579795)"
,,,,fal.,Gottipavero,"Antonio,",,,,s. M. Formosa,calle s. Antonio,5450.0,,,maria formosa,Castello,"(12.339035968031743, 45.436712210681875)"
,,,,"(vendita cerchi da botte, e legno sughero).",Gradara,Vincenzo,,,"rapp. da Gradara Luigi,",s. M. del Rosario,s.Gregorio Abbazia,172.0,,,madonna del rosario,Dorsoduro,"(12.333830836395578, 45.430801166936924)"
,,,,finest.,Grassetti,"Gaetano,",,,,s. Geremia,fond di pescaria,1118.0,,,geremia,Cannaregio,"(12.324875032027187, 45.44421084317896)"
,,,,fal.,Grassi,"Antonio,",,,,s. Stefano,calle del spezier,2769.0,,,stefano,San Marco,"(12.331082722980884, 45.43312957561719)"
,,,,fal.,Guerra,"Antonio,",,,,s. Marziale,fond. dei mori,3366.0,,,marziale,Cannaregio,"(12.331978134744109, 45.44554341687688)"
,,,,fal.,Leonarduzzi,"Antonio,",,,,s. Cassiano,salizz. Carminati,1878.0,,,cassiano,Santa Croce,"(None, None)"
,,,,fal.,Limentani,"Marco,",,,,s. Marziale,ghetto nuovo,2880.0,,,marziale,Cannaregio,"(12.326425943373334, 45.4454607053024)"
,,,,fal.,Lischiutta,"Giuseppe,",,,,s. M. Formosa,s. Lio,5655.0,,,maria formosa,Castello,"(12.33836003493568, 45.43784749394604)"
,,,,fal.,Livan,"Lorenzo,",,,,Angelo Raffaele,fond. dei cereri,2507.0,,,angelo raffaele,NO MATCH,"(None, None)"
,,,,fal.,Longato,"Giuseppe,",,,,s. Pietro,corte catapan,573.0,,,pietro,Castello,"(None, None)"
193,,,,,,,,,,,,,,,,,"(None, None)"
,,,,fal..e finest.,Longo,"Antonio,",,,,s. Silvestro,campo s. Apoliin.,1160.0,,,silvestro,San Polo,"(12.332348783725037, 45.43771634644001)"
,,,,fal.,Longo,"Tuigi,",,,,s..M. Gloriosa dei Frari,calle del Cristo,2208.0,,,maria gloriosa dei frari,San Polo,"(12.329372278899097, 45.43883451087601)"
,,,,fal.‘,Lorin,"Vincenzo,",,,,s..M. Formosa.,corte dell’ Indorador,6094.0,,,maria formosa,Castello,"(12.339627514569893, 45.438462143174185)"
,,,,fal.,Mander,Ambrogio,,,,s. Felice,calle corrente,4058.0,,,felice,Cannaregio,"(12.335290163114887, 45.44208432992258)"
,,,,fal.,Mander,"Carlo,",,,,ss. Apostoli.,rioterra barba fruttarot,4690.0,,,apostoli,Cannaregio,"(12.336762151285384, 45.44186346953926)"
,,,,fal.,"Mander; Crovato,; Crovato"," Battista,; Cipriano,",,,,s. Felice,campo s. Sofia,4203.0,,,felice,Cannaregio,"(12.334827872858572, 45.44066911311786)"
,,,,fal.,Mander,"Nicold,",,,,s. Canciano,cal.e della testa,6128.0,,,canciano,Cannaregio,"(12.340455211941125, 45.43943359147925)"
,,,,fal.,Manfrin,"Alvise,",,,,s. M. Formosa,corte dei orbi,5199.0,,,maria formosa,Castello,"(12.342032705358967, 45.43737796904999)"
,,,,fal. e finest.,Manzutti,"Giovanni,",,,,s. Pantaleone,corte Marcona,3882.0,,,pantalon,Dorsoduro,"(12.32658226939424, 45.43502435452129)"
,,,,fal.,Marascutto,"Domenico,",,,,s. Canciano,corte delle muneghe,6078.0,,,canciano,Cannaregio,"(12.339128768969422, 45.43925482632114)"
,,,,fal. e fmest.,Marchetti,"Girolamo,",,,,ss. Gervasio e Protasie.,sottoportico Fioravante,1383.0,,,gervasio e protasio,Cannaregio,"(12.328021411539199, 45.444043332594376)"
,,,,fal.,Marconi,"Gio.; Battista,",,,,s. Zaccaria,calle Castagna n,4760.0,,,zaccaria,Castello,"(12.342202233665382, 45.4361027933979)"
,,,,fal.,Martini,"Giacomo,",,,detto Mosca,s. Simeone Prof. ,campo,933.0,,,simeon profeta,Santa Croce,"(12.324159640399403, 45.44128831091162)"
,,,,fal.,Martini; Molinari," Eugenia,",,,,s. Martino,calle Magno,2701.0,,,martino,Castello,"(12.349364209535326, 45.436705774690566)"
,,,,fal.,Marzari,"Francesco,",,,,s. Felice,calle eorrente,4099.0,,,felice,Cannaregio,"(12.335687605573785, 45.44246062037357)"
,,,,fal.,Mason,"Domenico,",,,,s. Marco,Ramo I corte Contarina,1531.0,,,marco,San Marco,"(12.336051447697193, 45.43355240104372)"
,,,,fal.,Mazzaro,"Alvise,",,,,.s..Francesco,corte nuova,2894.0,,,francesco,Castello,"(12.346550584601443, 45.43703574460156)"
,,,,fal.,Mazzoli,Girolamo;,,,,s. Salvatore,salizz. s. Teodero,4808.0,,,salvador,San Marco,"(None, None)"
,,,,fal. e finest.,Molinari,"Vincenzo,",,,,s. M. del Giglio,calle delle veste,2018.0,,,maria del giglio,San Marco,"(12.334416378550236, 45.43317731202716)"
,,,,fal.,Morassi,"Giovanni,",,,,ss. Apostoli,fond. sartori,4840.0,,,apostoli,Cannaregio,"(12.33756131634578, 45.442273854079396)"
,,,,fal.,Montaguer,"Antonio,",,,,.ss. Apostoli,calle del traghetto,4582.0,,,apostoli,Cannaregio,"(12.337182163542886, 45.44098383556901)"
,,,,fal.,Moret,"Giuseppe,",,,,s. M. del Carmine,ealle del magazzen,3400.0,,,maria dei carmini,Dorsoduro,"(12.32448633993164, 45.43447679663173)"
,,,,fal.,Moretti,"Luigi,",,,,s. Salvatore,fond. del tragh. del buso.,5337.0,,,salvador,San Marco,"(12.33632888046886, 45.4380474074879)"
,,,,fal. e finest.,Meduna,"Andrea,",,,,s. M. del Carmine,"fond, del scaletter",2920.0,,,maria dei carmini,Dorsoduro,"(12.323026902795, 45.43396874494786)"
,,,,fal. e cass.,Menegon,Luigi‘,,,,.s.. Zaccaria:,calle delle rasse,4584.0,,,zaccaria,Castello,"(12.341824356215389, 45.434391877807776)"
,,,,fad.,Musitelli,"Luigi,",,,,s. Zaccaria,fondamenta s. Lorenzo,5002.0,,,zaccaria,Castello,"(12.342720425194484, 45.437035465357674)"
,,,,fal.,Nante,Bernardo,,,,s.Zaccaria,calle delle rasse,4569.0,,,zaccaria,Castello,"(None, None)"
,,,,fal.,Negrinotti,"Carlo,",,,,ss. Gio. e Paolo,corte Veriera,6284.0,,,giovanni e paolo,Castello,"(12.34203119474525, 45.43852384945834)"
,,,,fal.,Nicola,"Agostino,",,,,s. Marziale,campo dei mori,3384.0,,,marziale,Cannaregio,"(12.33220201552035, 45.44559776214282)"
,,,,fal.,Olgeni,"Antonio,",,,,.s. M. Glor. dei Frari,campos. Agostin,2290.0,,,maria gloriosa dei frari,San Polo,"(12.328512559624109, 45.438823881400026)"
,,,,fal. finest.,Olgeni,"Cesare,",,,,s Luca,calle Cavalli,4069.0,,,luca,San Marco,"(12.334114940815354, 45.4359146667196)"
,,,,,Olivo,"Pietro,",,,,s. Cassiano,calle dei botteri,5112.0,,,cassiano,Santa Croce,"(None, None)"
,,,,fal.,Orsini,"Lazzare;,",,,,s. Silvestro,calle sturion,676.0,,,silvestro,San Polo,"(12.334452109958539, 45.43760741075207)"
,,,,finest.,Pagnacco,"Gio.; Maria,",,,,ss. Ermagora e Fortunato,rio terra due. ponti,1597.0,,,ermargora e fortunato,NO MATCH,"(None, None)"
,,,,fal.,Pallafacchina,"Gio.; Battista,",,,,s. Canciano,s. Gio. Grisostomo corte Morosina,5823.0,,,canciano,Cannaregio,"(12.337606405135686, 45.43851481878413)"
194,,,,,,,,,,,,,,,,,"(None, None)"
,,,,fal.s.,Paluello,"Giacomo,",,,,Pietro,corte colonne,1421.0,,,pietro,Castello,"(None, None)"
,,,,fal.,Paolini,"Gio.; Maria,",,,,s. Marziale,fond. Riformati,3150.0,,,marziale,Cannaregio,"(12.327491283692748, 45.44759186213013)"
,,,,fal.,Paolini,Pietro,,,,s. Luca,a s. Paterniano,4242.0,,,luca,San Marco,"(None, None)"
,,,,remajo,Panciera,"Pasquale,",,,,s. M. del Rosario,fond Gesuati,783.0,,,madonna del rosario,Dorsoduro,"(12.328321210530444, 45.42907314935253)"
,,,,albor.,Papette,Giuseppe,,,"fu Franco,",s. Pietro,calle colonne,1453.0,,,pietro,Castello,"(12.353100800170834, 45.43123546948315)"
,,,,fal.,Patrizio,"Federico,",,,,ss. Gio. e Paolo,campo dei miracoli,6075.0,,,giovanni e paolo,Castello,"(12.339574664838626, 45.43860059256073)"
,,,,fal. e finest.,Patrizio,"Giovanni,",,,,s. Canciano,corte del remer,5695.0,,,canciano,Cannaregio,"(12.336761737449399, 45.439431787845756)"
,,,,fal.,Pavanello,"Giacomo,",,,,s. Marziale,fond. Ormesini,2685.0,,,marziale,Cannaregio,"(12.329196981565541, 45.44536966061673)"
,,,,fal.,Pellegrini,"Giuseppe,",,,,s. Marco,calle fiubera,803.0,,,marco,San Marco,"(12.33789340968204, 45.435234465269026)"
,,,,fal.,Pellegrini,"Osvaldo,",,,,all’Angelo Raffaele,calle della Chiesa,1906.0,,,angelo raffaele,NO MATCH,"(None, None)"
,,,,fal.,Pellizzato,"Antonio,",,,,s. Silvestro,campo,1089.0,,,silvestro,San Polo,"(12.333021465991193, 45.437584346132056)"
,,,,fal. fines.,Peloso,"Alvise,",,,,s. Marziale,corte Zappa,2812.0,,,marziale,Cannaregio,"(12.327663082571592, 45.44605341902652)"
,,,,fal.,Pepini,"Giuseppe,",,,,s. Salvatore,calle dei bombaseri,5083.0,,,salvador,San Marco,"(12.336123499036374, 45.4373318745101)"
,,,,fal.,Pettini,"Angelo,",,,,s. M. del Giglio,in campo,2477.0,,,maria del giglio,San Marco,"(12.33283084911899, 45.43225614151766)"
,,,,fal. fines.,Pezzotti,"Gio,; Battista,",,,,s. Cassiano,calle Tamossi,1499.0,,,cassiano,Santa Croce,"(12.327826877477623, 45.44061572874249)"
,,,,fal.,Pezzutti,"Sebastiano,",,,,s. Stefano,salizzada s. Samuele,3155.0,,,stefano,San Marco,"(12.329291381017683, 45.43410670682011)"
,,,,fines.,Piasentini; Zemello," Pietro,",,,,ss. Ermagora e Fort.,rio terra del Cristo,1748.0,,,ermargora e fortunato,NO MATCH,"(None, None)"
,,,,fal.,Perioli,"Antonio,",,,,s. Eufemia,calle del forno,313.0,,,eufemia,Dorsoduro,"(None, None)"
,,,,fal.,Picolomini,"Antonio,",,,,s. Luca,corte del teatro,4615.0,,,luca,San Marco,"(None, None)"
,,,,fal.,Prandini,"Alessandro,",,,,ss. Gio. e Paolo,sottop. della panada,6155.0,,,giovanni e paolo,Castello,"(12.341408539046997, 45.43775636105574)"
,,,,fal. fines.,Pupo,"Matteo,",,,,ss. Ermagora e Fortunato,rio terra,2031.0,,,ermargora e fortunato,NO MATCH,"(None, None)"
,,,,fal.,Ravetta,"Antonio,",,,,s. Zaccaria,campo s. Provolo,4706.0,,,zaccaria,Castello,"(12.342311379812827, 45.435038752287376)"
,,,,fal.,Righi,"Giuseppe,",,,,s. M. Formosa,calle del Paradiso,5758.0,,,maria formosa,Castello,"(12.33961138113161, 45.43731215437136)"
,,,,fal.,Riva,"Marco,",,,,s. M. Gloriosa dei Frari,campo,3030.0,,,maria gloriosa dei frari,San Polo,"(12.32628219398053, 45.43645160959516)"
,,,,fal.,Rizzo,"Francesco,",,,,"s,M.del Carm.",calle lunga s. Barn.,2868.0,,,maria dei carmini,Dorsoduro,"(12.323728045473409, 45.43265939719494)"
,,,,fal.,Rosa,"Giacomo,",,,,s. M. del Giglio,calle della Verona,3660.0,,,maria del giglio,San Marco,"(None, None)"
,,,,fal.,Rosada,"Francesco,",,,,s. M. del Giglio,corte del teatro,2233.0,,,maria del giglio,San Marco,"(12.334680641066923, 45.43250805852394)"
,,,,fal.,Salbe,"Giacomo,",,,,s. Marco,piscina s. Giuliano,556.0,,,marco,San Marco,"(12.338126974594259, 45.4362446012763)"
,,,,fal.,Salvadeo,"Evaristo,",,,,s. Luca,rio terra della mandola,3795.0,,,luca,San Marco,"(12.332403344954063, 45.43490020522423)"
,,,,fal.,Samassa,"Antonio,",,,,s. Maria Gloriosa dei Frari,camp. s. Rocco,3143.0,,,maria gloriosa dei frari,San Polo,"(12.32560039932965, 45.43625375689398)"
,,,,fal. fines.,Sambo,"Antonio,",,,,s. Pantaleone,calle casenove,3934.0,,,pantalon,Dorsoduro,"(12.326177863139462, 45.43583814315791)"
,,,,fal.,Sardi,"Nicold,",,,,s. Stefano,corte del Duca,3045.0,,,stefano,San Marco,"(12.328476476290259, 45.432852994755315)"
,,,,fal.,Sartori,"Pietro,",,,,s. Canciano,calle del spezier,6047.0,,,canciano,Cannaregio,"(None, None)"
,,,,fal.,Scanferlin,"Giovanni,",,,,ss. Salvatore,calle di mezzo,4978.0,,,salvador,San Marco,"(12.337307609957534, 45.43654869282254)"
,,,,fal.,Scarpa,"Lorenzo,",,,,s. Stefano,salizzada s. Samuele,3149.0,,,stefano,San Marco,"(12.329495799276101, 45.43421995185109)"
,,,,fal.,Scarpa,"Tommaso,",,,,s. Simeone Profeta,fondamenta s. Simeone Piccolo,579.0,,,simeon profeta,Santa Croce,"(12.321917323874729, 45.440163211055676)"
,,,,ful.,Seran,"Elisabetta,",,,,s. Silvestro,campo Rialto nuovo,513.0,,,silvestro,San Polo,"(None, None)"
195,,,,,,,,,,,,,,,,,"(None, None)"
,,,,fal.,Serin,"Clemente,",,,,ss. Apostoli,calle larga dei proverbii,4571.0,,,apostoli,Cannaregio,"(12.337519067823942, 45.4409146187496)"
,,,,fal.,Spanio,"Antonio,",,,,s. M. del Giglio,campiello s. Gaetano,1980.0,,,maria del giglio,San Marco,"(12.333885381550045, 45.43357140181268)"
,,,,fal.,Toniati,"Bartolammeo,",,,,s. Felice,sottop. del tagliapietra,3712.0,,,felice,Cannaregio,"(12.333891420790277, 45.44197666099259)"
,,,,albor.,Todoro,"Giuseppe,",,,,s. M. del Carmine,corte dei vecchi,2572.0,,,maria dei carmini,Dorsoduro,"(12.320172242892523, 45.43251004601675)"
,,,,fal.,Tonissi,"Luigi,",,,,s. M. del Giglio,calle della Verona,3672.0,,,maria del giglio,San Marco,"(12.333377414461253, 45.434462269356715)"
,,,,fal.,Topan,"Domenico,",,,,s. Zaccaria,calle dei Albanesi,4236.0,,,zaccaria,Castello,"(12.341487898178736, 45.43483412802103)"
,,,,fal. e fines.,Tossuto,"Antonio,",,,,s. M. del Giglio,calle lunga s. Moisè,2220.0,,,maria del giglio,San Marco,"(None, None)"
,,,,fal,Trapolin,"Giuseppe,",,,,s. Luca,calle Memmo o Loredan,4125.0,,,luca,San Marco,"(12.334557591299008, 45.43588621874143)"
,,,,,Trapolin,"Giuseppe,fal.",,,,s. Stefano,calle carrozze,3221.0,,,stefano,San Marco,"(12.328751644688463, 45.43388865816596)"
,,,,fal,Urbani,Giovanni,,,,s. M. del Rosario,fond. Venier,723.0,,,madonna del rosario,Dorsoduro,"(12.330789160428623, 45.4304662244581)"
,,,,fal.,Valconsena,"Giacomo,",,,,s. M. Gloriosa dei Frari,campo s. Tomà,2863.0,,,maria gloriosa dei frari,San Polo,"(12.32712231855918, 45.43608609563286)"
,,,,fal.,Valle,Pietro; Ant.,,,,s. Simeone Profeta ,fond. Tolentini,217.0,,,simeon profeta,Santa Croce,"(12.321540289480183, 45.43844619387506)"
,,,,fal.,Valvasori,"Carlo,",,,,s. Felice,calle del forno,3861.0,,,felice,Cannaregio,"(12.334570118547045, 45.441905832184744)"
,,,,fal.,Vareton,"Gio.; Battista,",,,,s. Silvestro,calle del Paradiso,748.0,,,silvestro,San Polo,"(12.33415741048226, 45.43755399009921)"
,,,,fal.,Vianello,"Antonio,",,,,s. Maria del Carmine,campo 8. Barnaba,2769.0,,,maria dei carmini,Dorsoduro,"(12.325145978227567, 45.432926861105884)"
,,,,alborante,Vianello,"Giovanni,",,,,s. Pietro,calle Pedrochin.,1610.0,,,pietro,Castello,"(12.35210278160922, 45.43158419264135)"
,,,,fal.,Vianello,Giovanni,,,del fi Ant.,s. Felice,calle larga Priuli,3729.0,,,felice,Cannaregio,"(12.334375175365368, 45.442082684096015)"
,,,,tagliere.,Vianello,"Leopoldo,",,,,s. Pietro,Via nuova,1665.0,,,pietro,Castello,"(12.35118617042334, 45.432130482244794)"
,,,,alborante.,Vio,"Giovanni,",,,,s. Pietro,sottoportico II.,1453.0,,,pietro,Castello,"(12.353100800170834, 45.43123546948315)"
,,,,fal.,Voltolina,"Giovanni,",,,,s. Pantaleone,campiello delle mosche,4.0,,,pantalon,Dorsoduro,"(12.335954333621482, 45.431050241234516)"
,,,,fal. e fines.,Zamberlan,"Antonio,",,,,s. Stefano,calle Zaguri,2629.0,,,stefano,San Marco,"(12.332045561489885, 45.432763389612155)"
,,,,fal.,Zampieri,"Andrea,",,,,s. Luca,camp. della Chiesa,4034.0,,,luca,San Marco,"(12.334250929187505, 45.435748886868915)"
,,,,fines.,Zanella,"Gio.; Maria,",,,,s. M. Glor. dei Frari,rio terra dei nomboli,2756.0,,,maria gloriosa dei frari,San Polo,"(12.328528359569232, 45.43647367867576)"
,,,,fal. fines.,Zanetti,"Giuseppe,",,,,s. M. del Carmine,calle lunga,2881.0,,,maria dei carmini,Dorsoduro,"(12.322876354250385, 45.43252009585287)"
,,,,fal.,Zanetti,"Lauro,",,,,s. M. del Giglio,calle della Madonna,3612.0,,,maria del giglio,San Marco,"(12.332966633794236, 45.43439934826744)"
,,,,fal.,Zanon,"Lorenzo,",,,,s. Stefano,campo s. Maurizio,2674.0,,,stefano,San Marco,"(12.331351206958166, 45.43260771268082)"
,,,,fal.,Zanuto,"Antonio,",,,,s. M. Formosa,in campo,5857.0,,,maria formosa,Castello,"(12.340454394791486, 45.43757687727514)"
,,,,fal.,Zarabin,"Giovanni,",,,,s. Eufemia,campo del forno,476.0,,,eufemia,Dorsoduro,"(None, None)"
,,,,fal.,Zavagno,"Antonio,",,,,s. Simeone Prof. ,fond. rio marin,822.0,,,simeon profeta,Santa Croce,"(12.32547531610982, 45.439189663201496)"
,,,,fal.,Zocco,"Francesco,",,,,s. M. del Giglio,fond. della Fenice,2558.0,,,maria del giglio,San Marco,"(12.332741568389318, 45.43320179797881)"
,,,,cassell.,Zuliani,"Pietro,",,,,s. Canciano,sottop. e corte Lisciera,6109.0,,,canciano,Cannaregio,"(12.339928131408092, 45.438999270015636)"
,,FELZI.,,,,,,,,,,,,,,,"(None, None)"
,,,,,Fuga,"Pietro,",,,,s. M. Gloriosa dei Frari,camp. del remer,2069.0,,,maria gloriosa dei frari,San Polo,"(12.329586525715891, 45.436362149715094)"
,,,,,Panciera,"Luigi,",,,,s. M. del Rosario,fond. Venier,736.0,,,madonna del rosario,Dorsoduro,"(12.329521037386657, 45.43040751142978)"
,,,,,Rubelli,"Francesco,",,,,s. Marco,camp. del Tagliapietra,1436.0,,,marco,San Marco,"(None, None)"
196,,,,,,,,,,,,,,,,,"(None, None)"
,,"FERRAMENTA, GHISA, RAME, OTTONE E RELATIVI MANUFATTI.",,(negozianti e venditori di),,,,,,,,,,,,,"(None, None)"
,,,,cald.,Agarinis,Michiele,,,,"s, Cassiano",salizzada,5942.0,,,cassiano,Santa Croce,"(None, None)"
,,,,,Agostini,Giovanni,,,rapp. da Ponci Pietro,s. Marco,merceria s. Giuliano,703.0,,,marco,San Marco,"(12.338298391792735, 45.43574866056845)"
,,,,,Cantoni,"Elena,",,,"rapp. da Alpron Abramo,",s. Canciano,salizz. s. Gio. Grisost.,5779.0,,,canciano,Cannaregio,"(12.33704211966942, 45.43875304719424)"
,,,,cald.,Arban,"Francesco,",,,,s. Zaccaria,rugagiuffa,4758.0,,,zaccaria,Castello,"(12.342376578028327, 45.4361884773049)"
,,,,cald.,Artico,"Giacomo,",,,,s. Zaccaria,rugagiuffa,4897.0,,,zaccaria,Castello,"(12.34219425444139, 45.43646745042615)"
,,,,,Barrettin,"Angelo,",,,,s. Zaccaria,sampo ss. Filippo e Giac.,4293.0,,,zaccaria,Castello,"(12.341121492246206, 45.43505407503351)"
,,,,cald.,Bellati,"Gio.; Battista,",,,,s. Marco,calle dei fabbri,921.0,,,marco,San Marco,"(12.33693731318832, 45.43497687681046)"
,,,,,Bettoni,"Giulio,",,,,s. Simeone Prof.,calle del traghetto.,,,,simeon profeta,Santa Croce,"(None, None)"
,,,,,Bocassini,"Pietro,",,,,s. Salvatore,calle della. bissa,5463.0,,,salvador,San Marco,"(None, None)"
,,,,cald.,Bortoluzzi,Anna,,,,s. Gio. in Bragora,"salizz. s. Anton,",3484.0,,,giovanni in bragora,Castello,"(12.346749886062332, 45.4352767534587)"
,,,,cald.,Bortuzzo,"Pietro,",,,,ss. Apostoli,calle Franceschi,4610.0,,,apostoli,Cannaregio,"(12.337058351235335, 45.44133356453358)"
,,,,,Bravis,"Aurelio,",,,,s. Simeone Prof.,calle del traghetto,585.0,,,simeon profeta,Santa Croce,"(12.322475722935987, 45.43977222058168)"
,,,,,Candiani; Zanetti, Gio.; Battista,,,"Eredi di Girolamo,",ss. Ermagora e Fort.,rio terra della Maddalena,2062.0,,,ermargora e fortunato,NO MATCH,"(None, None)"
,,,,cald.,Carnielli,"Francesco,",,,,s. Salvatore,calle dei stagneri,5186.0,,,salvador,San Marco,"(12.336968367821514, 45.43726889298775)"
,,,,"deposito stoviglie di ferro,",Caviola,"Antonio,",,,"rapp. da Caviola Giuseppe,",s. Salvatore,calle del lovo,4773.0,,,salvador,San Marco,"(12.335605302030226, 45.43648505547863)"
,,,,"deposito stoviglie di ferro,",Caviola,"Antonio,",,,"rapp. da Caviola Giuseppe,",s. Salvatore,calle del lovo,4774.0,,,salvador,San Marco,"(None, None)"
,,,,"deposito stoviglie di ferro,",Caviola,"Antonio,",,,"rapp. da Caviola Giuseppe,",s. Salvatore,calle del lovo,4775.0,,,salvador,San Marco,"(12.335533710511992, 45.436450571910605)"
,,,,"deposito utensili di ghisa, e di ferro stagnato",Chittarin,"Lorenzo,",,,,s. Salvatore,merceria,5028.0,,,salvador,San Marco,"(12.336638083618444, 45.43690136586822)"
,,,,,Civita; Norlenghi,"Angelo; Israele,",,,,s. Marco,calle delle campane,1015.0,,,marco,San Marco,"(12.336689358241326, 45.43538567577087)"
,,,,cald.,Codega,Antonio,,,,s. Marco,calle dei fabbri,934.0,,,marco,San Marco,"(None, None)"
,,,,cald.,Codega,Carlo,fratelli,,"rapp. da Carlo Codega,",s. Marco,calle dei fabbri,832.0,,,marco,San Marco,"(12.337456341838442, 45.43473606899568)"
,,,,cald.,Da Campo,"Antonio,",,,,s. Silvestro,ruga vecchia,561.0,,,silvestro,San Polo,"(12.334160884407, 45.438600572744)"
,,,,cald.,De Dona,"Antonio,",,,,ss. Ermagora e Fort.,calle dell’aseo,1910.0,,,ermargora e fortunato,NO MATCH,"(None, None)"
,,,,,De Fina,"Eugenio,",,,,s. Nicola da Tolen.,calle del Gallo,3589.0,,,nicola da tolentino,Santa Croce,"(None, None)"
,,,,,De Perini,Antonio,,,"q. Pio rapp. da Angelo Cecchini,",s. Luca,riva del carbone,4177.0,,,luca,San Marco,"(12.334479823402793, 45.43647342950468)"
,,,,,De Perini,"Vincenzo,",,,"q. Pio rapp. da Angelo Cecchini,",s. Zaccaria,riva degli Schiavoni,4177.0,,,zaccaria,Castello,"(12.34332622263582, 45.43407256080703)"
197,,,,,,,,,,,,,,,,,"(None, None)"
,,,,,Ferrocco,"Domenico,",,,,s. Gio. in Bragora,eorte Margheritera,3860.0,,,giovanni in bragora,Castello,"(12.34798626617182, 45.43491464989526)"
,,,,,Filippi,"Antonie,",,,,s. Silvestro,ruga vecchia,655.0,,,silvestro,San Polo,"(12.333898115196565, 45.43830796480507)"
,,,,,Filippi,"Giovanni,.s.",,,,Pietro,via. nuova,1769.0,,,pietro,Castello,"(12.352493268717735, 45.432295962015836)"
,,,,cald.,Forni; Bertarin," Antonia,",,,,ss. Gerv. e Prot.,calle toletta,1192.0,,,gervasio e protasio,Cannaregio,"(12.326178103649312, 45.44518775304688)"
,,,,cald.,Gianola,"Gio.; Battista,",,,,s. M. del Giglio,calle lunga s. Moisé,2364.0,,,maria del giglio,San Marco,"(None, None)"
,,,,cald.,Grazioli,"Gio.; Battista,",,,,"s, Salvatore",merceria,4858.0,,,salvador,San Marco,"(12.336954120742353, 45.43650344506515)"
,,,,cald.,Lazzari,"Giovanni,",,,,s. M. Formosa,calle del ‘piombo,5944.0,,,maria formosa,Castello,"(12.338857763727665, 45.43812403180392)"
,,,,cald.,Locatello,"Giacomo,",,,,s. Gio. in Bragora,riva degli schiavoni,4131.0,,,giovanni in bragora,Castello,"(12.346719077236015, 45.43388365894321)"
,,,,,Lovisi,"Giuseppe,",,,,s. M. Gloriosa dei Frari,salizz. s. Rocco,3012.0,,,maria gloriosa dei frari,San Polo,"(12.326610077006361, 45.43662502368477)"
,,,,cald.,"Meneguzai; Lotté,",,,,"eredi,",s. Luca,calle dei fabbri,4670.0,,,luca,San Marco,"(12.335893007810817, 45.43597208898329)"
,,,,cald.,Montagner,"Antonio,",,,,"ss, Erm. e Fort.",campo s. Fosea,2222.0,,,ermargora e fortunato,NO MATCH,"(None, None)"
,,,,cald.,Morato,"Giovanni,",,,,s. Pantaleone,calle del spezier,3757.0,,,pantalon,Dorsoduro,"(12.325091614572191, 45.43575004688207)"
,,,,,Moro,"Carlo,",,,rapp. da Marco Bedendo,s. M. Gloriosa dei Frari,calle dell’ olio,2453.0,,,maria gloriosa dei frari,San Polo,"(12.326328752254371, 45.43852034067852)"
,,,,,Moro,Francesco,,,"fu Antonio,",s. Silvestro,ponte di rialto',5319.0,,,silvestro,San Polo,"(None, None)"
,,,,cald.,Pasini,"Domenico,",,,,s. Marco,calle dell’ Angelo,401.0,,,marco,San Marco,"(12.339948858166485, 45.43566306745882)"
,,,,,Pedralli,"Gio.; Antonio,",,,,ss. Gio. e Paolo,celle della tésta,6364.0,,,giovanni e paolo,Castello,"(12.342394690300035, 45.43884362107138)"
,,,,"fabb. e deposito lettiere di ferro verniciate ad uso di Parigi e di Genova, porta vestiti, letti da bambini sul perno ed altri articoli,","Pellanda; Pellanda,","Ambrogi¢""",fratelli,,rapp. da Pietro,ss.Apostoli,rioterra di barba fruttarol,4580.0,,,apostoli,Cannaregio,"(12.337505019388582, 45.44094171739745)"
,,,,,Petrin,Girolomo,,,"fu Pietro,",ss. Apostoli,calle dell’ oca,4428.0,,,apostoli,Cannaregio,"(12.336165116680654, 45.440757076740965)"
,,,,cald.,Pigazzi,"Angela,",,,,s. M. Formosa,salizz. s.. Lio,5410.0,,,maria formosa,Castello,"(12.339712861367602, 45.4369228829769)"
,,,,,Pigazzi,"Pietro; Antonio,",,,fu Gio.,s: M. Formosa,calle delle bande,5381.0,,,maria formosa,Castello,"(12.339832043178168, 45.43662050629999)"
,,,,,Purisiol,"Andrea,",,,,s. Pietro,via nuova,1699.0,,,pietro,Castello,"(12.351575252958252, 45.432177537059545)"
,,,,,Purisiol,Carlo,,,"fu Tommaso,",Angelo Raffaele,fondamenta di pescheria,1752.0,,,angelo raffaele,NO MATCH,"(None, None)"
,,,,cald.,Ratti,"Antonio,",,,,s. Geremia,rioterra s. Leonardo,369.0,,,geremia,Cannaregio,"(12.323104830073648, 45.442115416660805)"
,,,,,Remy,,"fratelli,",,"rapp. da Alessandro e da Giacomo Remy,",s. Felice,calle del foruo,3852.0,,,felice,Cannaregio,"(12.334150205679151, 45.441599911146035)"
,,,,,Remin,"Giacomo,",,,,s. Pietro,via nuova,1561.0,,,pietro,Castello,"(12.35278600000983, 45.43217274783215)"
,,,,,Sala,"Bartolomeo,",,,,s. Silvestro,sottoportici di-rialto,69.0,,,silvestro,San Polo,"(12.335226619353199, 45.4384389974747)"
,,,,cald.,Schierato,"Filippo,",,,,s. Cassiano,calle botteri,735.0,,,cassiano,Santa Croce,"(None, None)"
,,,,,Sirena,"Pietro,",,,,Ang. Raff.,rioterra della mandola,3801.0,,,angelo raffaele,NO MATCH,"(None, None)"
,,,,cald.,Sottroi,"Nicold,",,,,s. M. Gloriosa dei Frari,calle dei Saoneri,2749.0,,,maria gloriosa dei frari,San Polo,"(12.328511131212096, 45.4366548222657)"
,,,,,Sottroi,"Nicold,",,,,s. Salvatore,ponte di rialto,5321.0,,,salvador,San Marco,"(12.336240356555768, 45.437923119069495)"
,,,,cald.,Tagliapietra,"Giovanni,",,,,ss. Apostoli,in campo,4460.0,,,apostoli,Cannaregio,"(12.336798960286352, 45.44023598170565)"
,,,,,Todesco,"Giorgio,",,,,s. Marco,freczeria,1150.0,,,marco,San Marco,"(12.3362302134247, 45.434197894889536)"
198,,,,,,,,,,,,,,,,,"(None, None)"
,,,,,Topan,"Domenico,",,,,s. Gio. in Bragora,corte Rosina,4236.0,,,giovanni in bragora,Castello,"(12.341487898178736, 45.43483412802103)"
,,,,,Toscan,"Angela,",,,,"s, M. del Carmine",campo s. Barnaba,2844.0,,,maria dei carmini,Dorsoduro,"(12.324763232291717, 45.43302307768962)"
,,,,cald.,Trevisan,"Sebastiano,",,,,ss. Gerv. e Prot.,fond. Nani,955.0,,,gervasio e protasio,Cannaregio,"(None, None)"
,,,,,Zanetti,"Antonio,",,,,s. Canciano,salizz. s. Gio. Grisostomo,5737.0,,,canciano,Cannaregio,"(12.33707110465137, 45.43911725355387)"
,,,,,Zanetti,"Antonio,",,,,s.Cassiano,calle dei botteri,1696.0,,,cassiano,Santa Croce,"(12.327722149387688, 45.4418416830863)"
,,,,,Zanetti,"Antonio,",,,,s. Pantaleone,calle del spezier,3714.0,,,pantalon,Dorsoduro,"(12.324893550590046, 45.43548567303258)"
,,,,,Zecchini,"Giuseppe,",,,,ss. Ermag. e Fort.,rioterra s. Leonardo,1412.0,,,ermargora e fortunato,NO MATCH,"(None, None)"
,,"FERRI CHIRURGICI, CINTI E FASCIATURE.",,(fabbricatori e venditori di),,,,,,,,,,,,,"(None, None)"
,,,,fabb. ferri chirurgici,Bertolo,"Giacomo,",,,,s. M. Formosa,calle del Paradiso,5763.0,,,maria formosa,Castello,"(12.339483568196545, 45.437214296243184)"
,,,,lav. cinti,Camerino,"Giacomo,",,,,s. Marziale,ghetto nuovo,2921.0,,,marziale,Cannaregio,"(12.32739583491858, 45.44555287419425)"
,,,,lav. cinti,Greci,Pietro,,,,s. Marco,corte delle Pizzocchere,1376.0,,,marco,San Marco,"(None, None)"
,,,,"deposito, istrumenti chirurgici,",Ongarato,"Filippo,",,,rapp. da Ancillo Bartolammeo,s. Luca,in campo,4588.0,,,luca,San Marco,"(12.33517618778901, 45.43596587852646)"
,,,,lav. cinti,Rossi,"Antonio,",,,,s. M. Formosa,salizz. s. Lio,5275.0,,,maria formosa,Castello,"(12.339947629569947, 45.43664517987663)"
,,,,"fabb. e deposito istrumenti chirurgici, cinti, fasciature e ripari di ogni specie",Rossi,Giovanni,,dott.,successore di Angelo Berlan,s. Stefano,in campo s. Maurizio,2759.0,,,stefano,San Marco,"(12.331357281458557, 45.43284591256332)"
,,,,"deposito istrumenti chirurgici, cinti e fasciature",Zampironi,"Gio.; Battista,",,,,s. Marco,salizz. s. Moisé,1494.0,,,marco,San Marco,"(12.336546704103535, 45.433340551306756)"
,,FILATORI E TESSITORI.,,,,,,,,,,,,,,,"(None, None)"
,,,,filat. seta,Agugiano,,fratelli,,"rapp. da Agugiano Giovanni,",s. Marziale,fond. della fornace,2859.0,,,marziale,Cannaregio,"(12.327060106508998, 45.44669893577571)"
,,,,filat.,Balbi,Stefano,,,,s. M. Formosa,salizz. s. Lio,5679.0,,,maria formosa,Castello,"(12.339112184556695, 45.43762467629937)"
,,,,filat. seta e cotone,Battaggia,"Agostino,",,,,s. M. Formosa,calle Trevisan,6212.0,,,maria formosa,Castello,"(12.34152907753679, 45.43813322579817)"
,,,,tessit.,Carati,Negri; Elisa,,,,s. Simeone Profeta ,fond. s. Simeone Piccolo,553.0,,,simeon profeta,Santa Croce,"(12.32109760913376, 45.43930500070125)"
,,,,tessit.,Cogo,"Alvise,",,,,s. Eufemia,fond. s. Giacomo,211.0,,,eufemia,Dorsoduro,"(12.33272816976847, 45.43015112827295)"
,,,,fil. e tessit.,Cucito,"Leopoldo,",,,,s. Marziale,fond. della sensa,3319.0,,,marziale,Cannaregio,"(12.33027596207588, 45.44592099474414)"
,,,,tessit.,Lega,Liberale,,,,s. Simeone Profeta,corte Canal,646.0,,,simeon profeta,Santa Croce,"(12.323869761467028, 45.43920206730301)"
,,,,tessit.,Molinari,"Lorenzy,",,,,s. Felice,calle Zanardi,4157.0,,,felice,Cannaregio,"(12.336296369809324, 45.44207000692254)"
199,,,,,,,,,,,,,,,,,"(None, None)"
,,,,tessit.,Muner,"Angelo,",,,,s. Canciano,in birri,5146.0,,,canciano,Cannaregio,"(12.340475795616635, 45.44186350454668)"
,,,,tessit.,Perotto,"Giuseppe,",,,,s. Simeone Profeta,fond. s. Simeone piccolo ,715.0,,,simeon profeta,Santa Croce,"(12.32286640010071, 45.44086298268901)"
,,,,tessit.,Tramontin,"Gio.; Battista,",,,,s. Marziale,fond. s. Girol.,3077.0,,,marziale,Cannaregio,"(12.325585830257264, 45.44662066845777)"
,,,,tessit.,Zoppetti,"Giuseppe,",,,,s. Felice,calle del Cristo,4226.0,,,felice,Cannaregio,"(12.335354745332378, 45.441347807932274)"
,,FENESTRAJ (,,Vedi falegnami ).,,,,,,,,,,,,,"(None, None)"
,,FIORI ARTIFIZIALI E PIUME.,,(fabbricatori e venditori di),,,,,,,,,,,,,"(None, None)"
,,,,negor. piume,Assaggioli,Eredi,,,rapp. da Salvatore Assaggioli,s. Marziale,fond. s. Girolamo,3101.0,,,marziale,Cannaregio,"(12.326037873678237, 45.44618678572286)"
,,,,fiori artifiziali,Ferrandella,"Lucia,",,,,s. Salvatore,merceria,4943.0,,,salvador,San Marco,"(12.33750567360464, 45.43625275340442)"
,,,,"fabb. premiata di foglie e fiori artifiziali,",Gnocchi,"Giosué,",,,,s. Luca,calle dei fuseri,4364.0,,,luca,San Marco,"(12.335302718363064, 45.43476097109269)"
,,,,fiori artifiz.,Literotto,Rosa,,,"fu Antonio,","s, Marco",campo della guerra,501.0,,,marco,San Marco,"(12.339005797194819, 45.43605086512452)"
,,,,fiori artifiz.,Mattiuzzi,"Giovanna,",,,,s. Marco,merceria s. Giul.,737.0,,,marco,San Marco,"(12.338171511988348, 45.435787845628326)"
,,"FIORI FRESCHI, PIANTE E SEMENTI.",,(venditori di),,,,,,,,,,,,,"(None, None)"
,,,,,Bernardini,"Bartolammeo,",,,,s. Marco,bocca di piazza,1277.0,,,marco,San Marco,"(None, None)"
,,,,,Chiribiri,"Gio.; Battista,",,,,s. Marco,frezzeria,1136.0,,,marco,San Marco,"(None, None)"
,,,,,Levi,Scipione,,,"rapp. da Cozzi Antonio,",s. Marco,frezzeria,1697.0,,,marco,San Marco,"(12.335953015219879, 45.43448114917004)"
,,,,,Ongaro,"Lorenzo,",,,,s. Salvatore,ponte dell’ olio,5546.0,,,salvador,San Marco,"(12.337071775532118, 45.438356499985254)"
,,,,,Pinzoni,"Antonio,",,,,s. Marco,ponte dei Dai,858.0,,,marco,San Marco,"(12.337738398159576, 45.43462257821895)"
,,,,,Santini,"Antonio,",,,,s. Salvatore,merceria,4953.0,,,salvador,San Marco,"(12.337043512562357, 45.436494861554245)"
,,,,,Vianello,"Angelo,",,,,s. Luca,calle dei fabbri,4709.0,,,luca,San Marco,"(12.336133653607018, 45.43578684022117)"
,,FONDITORI DI METALLI E CARATTERI.,,,,,,,,,,,,,,,"(None, None)"
,,,,fond. caratteri,Antonelli,"Giuseppe,",,,,s. Marziale,fond. della Misericordia,3597.0,,,marziale,Cannaregio,"(12.333974065209759, 45.4434645077383)"
200,,,,,,,,,,,,,,,,,"(None, None)"
,,,,"fond. metalli,",Baroggi,"Bernardo,",,,,s. Maria del Giglio,corte Minelli s. Fantino,1878.0,,,maria del giglio,San Marco,"(12.334187178050875, 45.434507274664035)"
,,,,"fond. caratteri,",Cartallier,"Francesco,",,,,s. Gio. in Bragora,calla terrazzera,3116.0,,,giovanni in bragora,Castello,"(12.348028105568716, 45.43664555650052)"
,,,,"fond. metalli,",Feruzzi,"Pietro,",,,,s. Marco,calle dell’ Angelo,402.0,,,marco,San Marco,"(None, None)"
,,,,,Hasselquist; Marco,Teodoro; Edoardo; Squeraroli,,,,s.M. Gloriosa dei Frari,chiovere s. Rocco,3073.0,,,maria gloriosa dei frari,San Polo,"(12.323386364063985, 45.438604878203066)"
,,,,"fond. caratteri,",Siffi,"Lazzaro,",,,,s. M. del Giglio,calle del Dose,2734.0,,,maria del giglio,San Marco,"(12.330916685203787, 45.431978919124866)"
,,,,"fond. caratteri,",Zanon,"Placido,",,,,"ss, Gio. Paolo",calle della testa,6331.0,,,giovanni e paolo,Castello,"(12.341901812769837, 45.43891537676101)"
,,FORAGGI (,,Vedi paglia ).,,,,,,,,,,,,,"(None, None)"
,,"FORMAGGI, OLI, SALUMI E SAPONI",,Negozianti e Venditori ).,,,,,,,,,,,,,"(None, None)"
,,,,,Barettin,"Antonio,",,,,s. M. Gloriosa dei Frari,calle Bernardo s. Polo,2196.0,,,maria gloriosa dei frari,San Polo,"(12.329542976220983, 45.4387255420014)"
,,,,,Bellis,"Giuseppe,",,,,s. Silvestro,ruga delle fabbriche,199.0,,,silvestro,San Polo,"(12.335361224725485, 45.439190783540205)"
,,,,,Bon; Angelo,Antonio; Martinelli,,,e Capi::rapp. da Antonio Bon,s. Silvestro,campo delle beccarie,362.0,,,silvestro,San Polo,"(12.333460634172921, 45.43945126183782)"
,,,,,Bon; Angelo,Antonio; Martinelli,,,e Capi::rapp. da Antonio Bon,s. Silvestro,campo delle beccarie,365.0,,,silvestro,San Polo,"(12.333364811473537, 45.43938134012539)"
,,,,,Bon; Angelo,Antonio; Martinelli,,,e Capi::rapp. da Antonio Bon,s. Silvestro,campo delle beccarie,366.0,,,silvestro,San Polo,"(12.333413258313465, 45.43935597768161)"
,,,,,Bon; Angelo,Antonio; Martinelli,,,e Capi::rapp. da Antonio Bon,s. Silvestro,campo delle beccarie,367.0,,,silvestro,San Polo,"(12.333473677999496, 45.43932462208572)"
,,,,,Bon; Angelo,Antonio; Martinelli,,,e Capi::rapp. da Antonio Bon,s. Silvestro,campo delle beccarie,468.0,,,silvestro,San Polo,"(12.333860225512735, 45.438609849719384)"
,,,,,Bon; Angelo,Antonio; Martinelli,,,,s. Felice,alla Ca d’ oro,4071.0,,,felice,Cannaregio,"(12.335222810131087, 45.442346913265645)"
,,,,,Bontae,"Francesco,",,,,s. Pietro,via nuova,1495.0,,,pietro,Castello,"(12.35340845739592, 45.43225350001219)"
,,,,,Bontae,"Gio.; Antonio,",,,,s: Pietro,via nuova,1335.0,,,pietro,Castello,"(12.354090668689475, 45.432330940001215)"
,,,,,Bontae,"Pietro,",,,,s. Pietro’,via nuova,1388.0,,,pietro,Castello,"(12.353686849770428, 45.432001329994215)"
,,,,,Bozzi,"Gaetano,",,,,s. Marco,calle larga,654.0,,,marco,San Marco,"(12.339405481550026, 45.43524131561145)"
,,,,,Bravin,"Giovanni,",,,,ss. Ermag. e Fortunato,rioterra due ponti,1591.0,,,ermargora e fortunato,NO MATCH,"(None, None)"
,,,,,Bravin,"Pietro,",,,,ss. Salvatore,fond. tedeschi s. Bartolomeo,5543.0,,,salvador,San Marco,"(12.337045010943292, 45.43828710853542)"
,,,,,Bravin,"Pietro,",,,,ss. Salvatore,fond. tedeschi s. Bartolomeo,5544.0,,,salvador,San Marco,"(12.337051034045944, 45.4383025982882)"
,,,,,Bravin,"Pietro,",,,,s. Silvestro,ruga orefici,83.0,,,silvestro,San Polo,"(12.33488717692614, 45.43878793327892)"
,,,,,Bravin,"Pietro,",,,,s. Silvestro,ruga orefici,84.0,,,silvestro,San Polo,"(12.334869873663731, 45.43880161369955)"
,,,,,Brollo,Angelo,,,"fu Lorenzo,",s. Marco,all’ Ascensione,1343.0,,,marco,San Marco,"(12.336618241718924, 45.43328745244592)"
,,,,,Camoli,"Andrea,",,,,s. M. del Carmine,campo s. Margherita,2961.0,,,maria dei carmini,Dorsoduro,"(12.323500833366964, 45.43444357863328)"
,,,,,Canevese,"Luigi,",,,,s. Felice,calle del pistor,3912.0,,,felice,Cannaregio,"(12.334524406893475, 45.441375052137346)"
,,,,,Canevese,"Luigi,",,,,s. Marco,,1066.0,,,marco,San Marco,"(12.337007147013145, 45.4350588128515)"
,,,,,Carradora,"Giovanni,",,,,s. Francesco,salizzada delle gatte,3143.0,,,francesco,Castello,"(12.347435987303866, 45.43694729708579)"
,,,,,Cerro; Lago,"Girolamo; Domenico,; Battista,",,,Comp.,s. Silvestro,in pescaria,202.0,,,silvestro,San Polo,"(12.335354746139163, 45.43919592418299)"
201,,,,,,,,,,,,,,,,,"(None, None)"
,,,,,Contarini; Tagliaferri.," Maria,",,,,ss. Apostoli,,5623.0,,,apostoli,Cannaregio,"(12.336403493546475, 45.4400455960926)"
,,,,,Dall’ Acqua,"Maria,",,,,s. Pietro,via nuova,1799.0,,,pietro,Castello,"(12.353954267701022, 45.43247743688531)"
,,,,,Dal Pra,"Giovanni,",,,,s. Silvestro,in pescaria,201.0,,,silvestro,San Polo,"(12.335357653346502, 45.439193617365774)"
,,,,,Dal Pra,"Vincenzo,",,,,s. Silvestro,in pescaria,200.0,,,silvestro,San Polo,"(12.335359770169726, 45.43919193770428)"
,,,,,Dalla Zana,"Giovanni,",,,,s. Martin,calle corrazzeri,3591.0,,,martin,Castello,"(12.347269682729221, 45.43494808613139)"
,,,,,De Angeli,"Gio.; Battista,",,,,s. Silvestro,campo della bella Vienna,230.0,,,silvestro,San Polo,"(12.334599768306981, 45.43910384044622)"
,,,,,De Col,"Giuseppe,",,,,s. Silvestro,ruga vecchia,419.0,,,silvestro,San Polo,"(12.334144352799054, 45.43866992572938)"
,,,,,Fabris,"Antonio,",,,,s. M. Formosa,calle della guerra,5352.0,,,maria formosa,Castello,"(12.339646915698381, 45.43650452285375)"
,,,,,Forza,"Gaetano,",,,,ss. Salvatore,campo s. Bartolameo,5172.0,,,salvador,San Marco,"(12.336637412219655, 45.43758971095618)"
,,,,,Forza,"Gaetano,",,,,s. Silvestro,ruga spezieri,376.0,,,silvestro,San Polo,"(12.33398046748859, 45.43925609483675)"
,,,,,Filippi,"Maria; Bon,",,,vedova Romano,"s, Marco",campo s. Giuliano,701.0,,,marco,San Marco,"(12.33862233062135, 45.43560294491445)"
,,,,,Gabrieli,"Antonio,",,,detto Tonolin,s. Silvestro,naranzeria (L. M. N. A.),,,,silvestro,San Polo,"(None, None)"
,,,,,Galliani,"Giuseppe,",,,,s. Silvestro,calle della Madonnetta.n.,1488.0,,,silvestro,San Polo,"(12.331343356544652, 45.43751869993552)"
,,,,,Gallicioli,"Giupponi; Gio.; Battista,",,,,s. M. Mater Domini,,2126.0,,,maria mater domini,Santa Croce,"(12.329937285074786, 45.43946556707729)"
,,,,,Gervasoni,"Giuseppe,",,,,ss. Salvatore,calle stretta s. Bortolameo,5397.0,,,salvador,San Marco,"(12.33696507000164, 45.437797869409565)"
,,,,,Giacomuzzi,"Francesco,",,,,s. Gio. in Bragora,salizz. s. Antonin,3479.0,,,giovanni in bragora,Castello,"(12.346576622518015, 45.43541288163003)"
,,,,,Giacomuzzi,Giuseppe,,,"fu Pietro,",s. Canciano,salizzada,5541.0,,,canciano,Cannaregio,"(12.338407744326773, 45.439957093221665)"
,,,,,Gianniotti,"Teodoro; Costantino,",,,,"s, Zaccaria",fondamenta del rimedio,4428.0,,,zaccaria,Castello,"(12.340944539724733, 45.43617536749883)"
,,,,,Girardi,"Giovanni,",,,,ss. Salvatore,ponte Rialto,5165.0,,,salvador,San Marco,"(12.3363244391885, 45.437798629079616)"
,,,,,Gris,"Antonio,",,,,s..Geremia,ponte delle guglie,1299.0,,,geremia,Cannaregio,"(12.325723464852187, 45.44373073087413)"
,,,,,Levi,"Abramo,",,,,ss. Erm. e Fortunato,rioterra Maddalena,205.0,,,ermargora e fortunato,NO MATCH,"(None, None)"
,,,,,Lombardini,"Luigi,",,,,s. Stefano,calle delle botteghe,2964.0,,,stefano,San Marco,"(12.330479955245078, 45.433797959654015)"
,,,,,Lussich,"Giovanni,",,,,s. Silvestro,ruga degli orefici,38.0,,,silvestro,San Polo,"(12.334919514073487, 45.438713631195654)"
,,,,,Marovich,"Biaggio,",,,,s. Zaccaria,riva degli schiavoni,4184.0,,,zaccaria,Castello,"(12.34298378304851, 45.434056696673295)"
,,,,,Marovich,"Giovanni,",,,,s. Silvestro,ruga degli orefici,26.0,,,silvestro,San Polo,"(12.335315846815938, 45.43844385065209)"
,,,,,Maggioli,"Giovanni,",,,,"s, Silvestro",riva del vin,729.0,,,silvestro,San Polo,"(12.335102103409188, 45.43784752846989)"
,,,,,Maggioli,"Giovanni,",,,,s. Silvestro,ra-— ga orefici,37.0,,,silvestro,San Polo,"(12.334950415425515, 45.43869441851021)"
,,,,,Marmai,"Bernardo,",,,,s. Gio. in Bragora,salizz. s. Antonin,3455.0,,,giovanni in bragora,Castello,"(12.34553893929089, 45.43558647687184)"
,,,,,Messulam,"Giacomo,",,,,s. Marco,spadaria,677.0,,,marco,San Marco,"(12.338717254378919, 45.435565084442715)"
,,,,,Millin,"Antonio,; Pietro,; Gio.",,,,s. Felice,calle corrente-n.,4414.0,,,felice,Cannaregio,"(12.33655816032207, 45.441285360626686)"
,,,,,Millin,"Giovanni,",,,,s. Silvestro,ruga degli orefici,39.0,,,silvestro,San Polo,"(12.334853781027443, 45.43875938948392)"
,,,,,Millosevich,"Elia,",,,,s. Zaccaria,campo s. Procolo,4701.0,,,zaccaria,Castello,"(12.342594076508815, 45.435064128980024)"
,,,,,Morgante,"Giovanni,",,,,s. Marco,frezzeria s. Moisè,1580.0,,,marco,San Marco,"(12.336452975458233, 45.43372458245968)"
,,,,,Nordio,"Pietro,",,,,s. Marco,calle larga,361.0,,,marco,San Marco,"(12.339204835995623, 45.435118820356074)"
,,,,,Novello,"Carlo,",,,,s. Zaccaria,salizzada s. Severo,4928.0,,,zaccaria,Castello,"(12.342707082310225, 45.436100715391284)"
,,,,,Padovani,"Assajoli; Bonina,; Abramo",,,,s. Marco,frezzeria,1800.0,,,marco,San Marco,"(12.335558257144973, 45.43441773405428)"
,,,,,Palazzi; Palazzi; Palazzi,"Angelo,; Giacomo,:; Vincenzo,",,,"rapp. da Palazzi Alessandro,",s. M. del Giglio,fond. delle ostriche,2338.0,,,maria del giglio,San Marco,"(12.333725583781138, 45.43227524168331)"
202,,,,,,,,,,,,,,,,,"(None, None)"
,,,,,Pampanin,"Francesco,",,,,s. M. del Carmine,calle della chiesa,3682.0,,,maria dei carmini,Dorsoduro,"(12.323945772437163, 45.43519574694127)"
,,,,,Petrovich,"Antonio,",,,,s. Silvestro,rnga degli orefici,35.0,,,silvestro,San Polo,"(12.335013839213053, 45.43865067616703)"
,,,,,Petrovich,"Antonio,",,,,s. Geremia,fond. Crotta,32.0,,,geremia,Cannaregio,"(None, None)"
,,,,,Paties,"Vincenzo,",,,,s. Silvestro,ruga. Rialto,78.0,,,silvestro,San Polo,"(12.335483617308077, 45.438413482087476)"
,,,,"commissionario,",Patrese,"Sante,",,,,s. Zaccaria,calle dei preti,4996.0,,,zaccaria,Castello,"(12.343844749365482, 45.43602675152053)"
,,,,,Romiti,Carlo;Massimiliano,,,,s. Silvestro,ruga vecchia,736.0,,,silvestro,San Polo,"(12.334795412763528, 45.437662567376485)"
,,,,,Romiti,Carlo;Massimiliano,,,,s. Silvestro,ruga Rialto,77.0,,,silvestro,San Polo,"(12.335521412009236, 45.438424392517035)"
,,,,,Ronzoni,"Danieli; Giuditta,",,,,s. Silvestro,raga ravano,1030.0,,,silvestro,San Polo,"(12.333317616488571, 45.43808396306387)"
,,,,,Russolon,"Vincenza,",,,,ss. Apostoli,calle delt’ oea,4374.0,,,apostoli,Cannaregio,"(12.335974812803643, 45.4406912204463)"
,,,,,Sciepsevich,"Pietro,",,,,s. Zaccaria,riva degli sehiavoni,4199.0,,,zaccaria,Castello,"(12.34195821758965, 45.433877225399385)"
,,,,,Sciepsevich,"Pietro,",,,,s. Silvestro,ruga orefici,30.0,,,silvestro,San Polo,"(12.335156424102653, 45.438551409276926)"
,,,,,Sciepsevich,"Pietro,",,,,s. Silvestro,ruga orefici,31.0,,,silvestro,San Polo,"(12.335132734104056, 45.43856638056147)"
,,,,,Sciepsevich,"Pietro,",,,,s. Silvestro,ruga orefici,79.0,,,silvestro,San Polo,"(12.335355602671575, 45.43848351676723)"
,,,,,Spada,Gio.; Francesco,,,,s. Silvestro,in erberia,145.0,,,silvestro,San Polo,"(12.335328995711535, 45.43900627657307)"
,,,,,Tagliaferri,"Stefano,",,,,s. M. Formosa,"salizzeda s, Leone",5540.0,,,maria formosa,Castello,"(12.33897657286052, 45.437320500694426)"
,,,,,Valiera,"Angelo,",,,,s. Luca,calle della mandola s. Benedetto,3741.0,,,luca,San Marco,"(12.332583419798604, 45.434782365930495)"
,,,,,Valiera,Giovanni,,,"fu Angelo,",s. Luca,campo,4585.0,,,luca,San Marco,"(12.335306413447155, 45.43597606780094)"
,,,,,Varagnolo,"Antonio,",,,,s. Silvestro,ruga degli orefici,47.0,,,silvestro,San Polo,"(12.334599870014602, 45.438932193325215)"
,,,,,Vianello,Giuseppe,,,"dette Nievo,",s. Silvestro,ruga degli orefici,29.0,,,silvestro,San Polo,"(12.3352276625881, 45.43850627433625)"
,,,,,Vianello,"Stefano,",,,,s. Silvestro,sottoportico Rialto,28.0,,,silvestro,San Polo,"(12.335255196206417, 45.438484688023465)"
,,,,,Zago; Lombardini," Giulia,",,,,s. M.del Giglio,calle lunga s. Moisé,2038.0,,,maria del giglio,San Marco,"(12.334925113841674, 45.43301288222345)"
,,,,,Zanetti,"Antonio,",,,,s. M. Formosa,s. Leone,5824.0,,,maria formosa,Castello,"(12.34001430327699, 45.43669999553684)"
,,,,,Zanotte,"Gio.; Battista,",,,,ss. Erm. e Fortunato,fond. Corner,2408.0,,,ermargora e fortunato,NO MATCH,"(None, None)"
,,,,,Zanta,"Giovanni,",,,,s. Silvestro,ruga degli orefici,32.0,,,silvestro,San Polo,"(12.335099866707116, 45.43858928225101)"
,,,,,Zingerle,"Alberto,",,,,s. Canciano,,5816.0,,,canciano,Cannaregio,"(12.337518353760172, 45.43861239320832)"
,,,,,Ziliotto,"Giacomo,",,,,s. Marco,frezzeria s. Moisé,1696.0,,,marco,San Marco,"(12.335958539501126, 45.43447502496634)"
,,,,,Ziliotto,"Giacomo,",,,,s. Gio. Grisostomo,salizzada,5804.0,,,giovanni grisostomo,Cannaregio,"(12.337261500796565, 45.43903746578309)"
,,,,,Zilietto,"Giuseppe,",,,,s. Pietro,via nuova,1791.0,,,pietro,Castello,"(12.353498726354125, 45.432410741162215)"
,,FOTOGRAFIE.,,,,,,,,,,,,,,,"(None, None)"
,,,,,Ponti,"Carlo,",,,,s. Zaccaria,riva degli Schiayoni,4178.0,,,zaccaria,Castello,"(None, None)"
,,,,,Tarreghetta,"Giuseppe,",,,,s. Marco,frezzeria,1176.0,,,marco,San Marco,"(12.336385398766062, 45.43415390039264)"
,,"FRANGIE, GALLON E PASSAMANI.",,,,,,,,,,,,,,,"(None, None)"
,,,,,Agnino,"Tommaso,",,,,s. Salvatore,merceria,4917.0,,,salvador,San Marco,"(12.33709165797059, 45.436361911485584)"
203,,,,,,,,,,,,,,,,,"(None, None)"
,,,,,Bevilacqua,"Giuseppe,",,,,s. Salvatore,merceria,4944.0,,,salvador,San Marco,"(12.337488961685878, 45.436261955669295)"
,,,,"fabb. premiata all’Esposizione Industriale di Parigi,",Bellattin; Maria,Giovanni,,,,s. Marco,calle larga,657.0,,,marco,San Marco,"(None, None)"
,,,,,Mingoni,"Rosa,",,,,s. M. Formosa,campo s. Lio,5631.0,,,maria formosa,Castello,"(12.338278504717382, 45.437727597797085)"
,,,,,Panciera,"Giacomo,",,,,s. Salvatore,ealle della bissa,5426.0,,,salvador,San Marco,"(12.337318384633656, 45.43769883426415)"
,,FRUSTE,,,,,,,,,,,,,,,"(None, None)"
,,,(Vedi Spazzole).,,,,,,,,,,,,,,"(None, None)"
,,FRUTTA ED ERBAGGI.,,,,,,,,,,,,,,,"(None, None)"
,,,,(negosianti e venditori di),,,,,,,,,,,,,"(None, None)"
,,,,,Adorno,"Fortunata,",,,,"s, Pietro",secco Marina,768.0,,,pietro,Castello,"(12.356706876528813, 45.431113997337874)"
,,,,,Agostinis,"Pietro,",,,,s. Silvestro,rughetta del ravano,787.0,,,silvestro,San Polo,"(12.333700252822744, 45.438282666851585)"
,,,,,Andrian,"Lucia,",,,,s. M. del Rosario,calle Pisani,975.0,,,madonna del rosario,Dorsoduro,"(12.327669188800666, 45.430745089724546)"
,,,,,Angelini,"Luigi,",,,,s. Canciano,salizz..s. Gio. Grisostomo,5778.0,,,canciano,Cannaregio,"(12.337044615904212, 45.43876747697078)"
,,,,,Annibale,"Carlo,",,,,s. Pietro,Via nuova,1495.0,,,pietro,Castello,"(12.35340845739592, 45.43225350001219)"
,,,,,Aricci,"Luciano,",,,,s. Nicola da Tolent.,fond. s. Chiara,503.0,,,nicola da tolentino,Santa Croce,"(None, None)"
,,,,,Astolfo,"Antonio,",,,,ss. Apostoli,calle dell’oca,4308.0,,,apostoli,Cannaregio,"(None, None)"
,,,,,Astolfo; Ongaro," Anna,",,,,s. Martino,campo dei due pozzi,2619.0,,,martino,Castello,"(12.34859480634012, 45.435879392843844)"
,,,,,Barbaro,"Antonio,",,,,s. Marziale,fondam. Ormesini,2780.0,,,marziale,Cannaregio,"(12.32827053252333, 45.445610294870875)"
,,,,,Barbisan,"Antonio,",,,,s. Geremia.,salizzada,322.0,,,geremia,Cannaregio,"(12.324960833531666, 45.443400408975165)"
,,,,,Barettin,"Lorenzo,",,,,s. Giacomo dall’orio,calle del tintor,1526.0,,,giacomo dall'orio,Santa Croce,"(12.327693389781764, 45.43958460836052)"
,,,,,Bassani,"Nicold,",,,,s. Silvestro,sottop. delle fabbriche,151.0,,,silvestro,San Polo,"(12.335316358883903, 45.43922638378586)"
,,,,,Battaglini,"Maria,",,,,s. Silvestro,ruga del ravano.,,,,silvestro,San Polo,"(None, None)"
,,,,,Benedetti; Carzana,"Domenico; Giacomina,",,,,s. Silvestro.,sottoportico dell’ erberia,125.0,,,silvestro,San Polo,"(12.33540644292512, 45.43878658843708)"
,,,,,Berengo,"Eugenio,",,,,s. Gio. in Bragora,calle crosera,3926.0,,,giovanni in bragora,Castello,"(12.347736606951646, 45.434361822462265)"
,,,,,Bettini,"Antonio,",,,,s. Geremia,calle Riello,448.0,,,geremia,Cannaregio,"(12.323249343382306, 45.443851980186544)"
,,,,,Bettoni,"Giovanni,",,,,ss. Ermagora e Fort.,calle dell’ancon.,1900.0,,,ermargora e fortunato,NO MATCH,"(None, None)"
,,,,,Bigarella,"Angela,",,,,Angelo Raff.,fond. Lissa Fusina,1854.0,,,angelo raffaele,NO MATCH,"(None, None)"
,,,,,Bindoni,"Antonio,",,,,s. Pietro,via nuova,1253.0,,,pietro,Castello,"(12.35515945671923, 45.43240375664281)"
,,,,,Bocchetto,"Giacomo,",,,,s. Cassiano,calle dei botteri,1701.0,,,cassiano,Santa Croce,"(None, None)"
,,,,,Bombaso,"Giovanni,",,,,s. Simeone Prof. ,corte scura,1477.0,,,simeon profeta,Santa Croce,"(12.327376531083958, 45.44042572153798)"
204,,,,,,,,,,,,,,,,,"(None, None)"
,,,,,Bonicelli,Carlo,Comp.,,rapp. da Bonicelli Carlo e Grasselli Gio.Battista,s. Silvestro,sottop. dell’erberia,140.0,,,silvestro,San Polo,"(12.335464229189444, 45.438848465333244)"
,,,,,Bonicelli,"Luigi,",,,,s. Silvestro,in erberia.,,,,silvestro,San Polo,"(None, None)"
,,,,,Bovolato,"Andrea,",,,,s. Marziale,fond. della Misericordia,2515.0,,,marziale,Cannaregio,"(12.332745027192678, 45.44423826631999)"
,,,,,Brambilla,"Carlo,",,,,"s, Eufemia",fond. del ponte piccolo,365.0,,,eufemia,Dorsoduro,"(12.332153871586586, 45.430363803860466)"
,,,,,Bravin,"Pietro,",,,,s. Silvestro,in Erberia.,,,,silvestro,San Polo,"(None, None)"
,,,,,Bressan,"Valentino,",,,,s. Ermag. e Fort.,rio terri due ponti,1598.0,,,ermargora e fortunato,NO MATCH,"(None, None)"
,,,,,Brocca,"Elisa,",,,,"s, M. del Rosario",fond. Bragadin,606.0,,,madonna del rosario,Dorsoduro,"(12.329312972853337, 45.42976237522109)"
,,,,,Brugnera,"Francesco,",,,,s. Pietro,corte del solta,914.0,,,pietro,Castello,"(12.356689250659704, 45.430962222093925)"
,,,,,Bugno,"Antonio,",,,,s. Marco,spaderia,676.0,,,marco,San Marco,"(12.338733239546746, 45.43555066858759)"
,,,,,Bullo,"Giovanni,",,,,s. Luca,calle dei fabbri,907.0,,,luca,San Marco,"(None, None)"
,,,,,Cadel,"Marco,",,,,ss. Ermagora e Fort.,rio terra due ponti,1702.0,,,ermargora e fortunato,NO MATCH,"(None, None)"
,,,,,Callegari,"Giacomo,",,,,s. M. del Giglio,calle lunga s. Moisé,2362.0,,,maria del giglio,San Marco,"(None, None)"
,,,,,Callegari,"Sebastiano,",,,,s. Canciano,salizz. s. Gio. Grisost.,5747.0,,,canciano,Cannaregio,"(12.337070397750539, 45.43904232920325)"
,,,,,Candiani,"Angela,",,,,s. Silvestro,naranzeria,134.0,,,silvestro,San Polo,"(None, None)"
,,,,,Camin,"Giorgio,",,,,s. Marziale,fond. delle Capuccine,3030.0,,,marziale,Cannaregio,"(12.324853972156756, 45.44647846416994)"
,,,,,Camolli,"Angelo,",,,,s. M. del Carmine,campo s. Margherita,2946.0,,,maria dei carmini,Dorsoduro,"(12.323474614285988, 45.434395185565194)"
,,,,,Cantoni,"Gio.; Maria,",,,,s. Geremia,fond. di pescaria,1251.0,,,geremia,Cannaregio,"(12.325179744246942, 45.4440463088151)"
,,,,,Carniel,"Giacomo,",,,,ss. Gio. e Paolo,calle del caffettier,6485.0,,,giovanni e paolo,Castello,"(12.345095671649819, 45.43846669203379)"
,,,,,Carniel; Tester," Giacomo,",,,,ss. Gio. e Paolo,calle del caffettier,6642.0,,,giovanni e paolo,Castello,"(None, None)"
,,,,,Carrettoni,"Gio.; Battista,",,,,s. Silvestro,in erberia.,,,,silvestro,San Polo,"(None, None)"
,,,,,Cesarin,"Luigi,",,,,s. Simeone Prof. ,Ramo Ill. Gallion,1143.0,,,simeon profeta,Santa Croce,"(12.325731705897624, 45.440780450245306)"
,,,,,Ceseuti,"Giacomina,",,,,s. Giacomo,dall’Orio campo,1604.0,,,giacomo,Santa Croce,"(12.327921276951908, 45.44012574782349)"
,,,,,Ceselin,"Domenica,",,,,s. M. del Rosario,rio terra s. Vio,452.0,,,madonna del rosario,Dorsoduro,"(12.331137821092971, 45.42953850797708)"
,,,,,Checconi,"Giovanni,",,,,s. Zaccaria,rugagiuffa,4924.0,,,zaccaria,Castello,"(12.34252608496497, 45.43609134159702)"
,,,,,Chiereghin,"Teresa,",,,,"s, M. del Rosario",calle Barbaro,357.0,,,madonna del rosario,Dorsoduro,"(12.332310526633846, 45.430602715077754)"
,,,,,Chiesura,"Catterina,",,,,s. Silvestro,in erberia.,,,,silvestro,San Polo,"(None, None)"
,,,,,Chiribiri,"Federico,",,,,"s, M. del Rosario",calle del Bastion,188.0,,,madonna del rosario,Dorsoduro,"(12.332905046049222, 45.4307072537968)"
,,,,,Ciano,"Osvaldo,",,,,s. Silvestro,ruga degli orefici,82.0,,,silvestro,San Polo,"(12.33538363512173, 45.43865401836072)"
,,,,,Cimenti,"Elisabetta,",,,,s. Cassiano,calle lunga,2138.0,,,cassiano,Santa Croce,"(12.32984965809157, 45.43930206820988)"
,,,,,Cipolato,"Angelo,",,,,"s, Canciano",in campo,1857.0,,,canciano,Cannaregio,"(12.329524046338802, 45.444606037365695)"
,,,,,Codognato,"Giacomo,",,,,s. Marziale,fond. Ormesini,2681.0,,,marziale,Cannaregio,"(12.329332579332378, 45.445335646529216)"
,,,,,Colaussi,"Elisabetta,",,,,s. Silvestro,calle della Donzella,963.0,,,silvestro,San Polo,"(12.33325242613124, 45.43850642190085)"
,,,,,Colelli,"Anna,",,,,s. M. del Carmine,calle della Chiesa.,,,,maria dei carmini,Dorsoduro,"(None, None)"
,,,,,Coletti,"Francesco,",,,,s. Stefano,calle Zaguri s. Maurizio,2621.0,,,stefano,San Marco,"(12.332034768774506, 45.432788811229024)"
,,,,,Colombani,"Marco,",,,,s. Pietro,fond. s. Anna,1136.0,,,pietro,Castello,"(12.355528716936883, 45.43244311757854)"
,,,,,Colombani,"Giustina,",,,ved. Mello,s. Cassiano,campo s. M. Mater Domini,2173.0,,,cassiano,Santa Croce,"(12.33046729194794, 45.43962860985583)"
,,,,,Costantini,"Rocco,",,,,s. Nicola da Tolen.,fond. del magazzen,3510.0,,,nicola da tolentino,Santa Croce,"(None, None)"
,,,,,Contin,"Paolo,",,,,s. Geremia,camp. delle beccarie,716.0,,,geremia,Cannaregio,"(12.318771822858714, 45.44603873353399)"
205,,,,,,,,,,,,,,,,,"(None, None)"
,,,,,Dall’Acqua,"Bognoli; Agata,",,,,ss. Ermagora e Fortun.,calle e ponte dell’anconetta,1985.0,,,ermargora e fortunato,NO MATCH,"(None, None)"
,,,,,Dalla Venezia,"Cesare,",,,,ss. Ermagora e Fortun.,ponte dell’ anconetta,2352.0,,,ermargora e fortunato,NO MATCH,"(None, None)"
,,,,,Dalla Venezia,"Pietro,",,,,s. Cassiano,fond. della riva dell’ olio,1782.0,,,cassiano,Santa Croce,"(12.329167097749918, 45.44207641914233)"
,,,,,Dall’ Olio,"Gaetano,",,,,s. Zaccaria,calle delle rasse,4617.0,,,zaccaria,Castello,"(12.341839354238513, 45.43487702458527)"
,,,,,Damini,"Maria,",,,,s. Geremia,ponte di Canareggio,1298.0,,,geremia,Cannaregio,"(12.325676289723392, 45.44376938903158)"
,,,,,De Baldo,"Elisabetta,",,,,s. Felice,campo s. Sofia,4211.0,,,felice,Cannaregio,"(12.335050269537591, 45.44090765815657)"
,,,,,De Carli,"Angelo,",,,,s. Marziale,fond. delle Capuccine,3056.0,,,marziale,Cannaregio,"(12.32538299126376, 45.44633938441374)"
,,,,,D'Este,"Angelo,",,,,s. Pietro,in campo,65.0,,,pietro,Castello,"(12.358884522752593, 45.434150358179586)"
,,,,,D’ Este,"Liberale,",,,,s. Giac.,dall’Orio ruga bella,1082.0,,,giacomo,Santa Croce,"(12.326727366093664, 45.440017511987385)"
,,,,,De Grandi,"Domenico,",,,,s. Pietro,fond. s. Anna,996.0,,,pietro,Castello,"(12.356366890953417, 45.432486324502925)"
,,,,,De Marchio,"Giovanni,",,,,s. Pietro,via nuova,1727.0,,,pietro,Castello,"(12.351707405648275, 45.43219702764561)"
,,,,,De Piccoli,"Amalia,",,,,s. M. del Carmine,calle del pistor,3435.0,,,maria dei carmini,Dorsoduro,"(12.32359630165142, 45.43503120751741)"
,,,,,De Rossi,"Pietro,",,,,s. Gio. in Bragora,calle crosera,3909.0,,,giovanni in bragora,Castello,"(12.347405220375979, 45.43457603256127)"
,,,,,Donzella,"Angela,",,,,s. Simeone Prof.,calle del pistor,1211.0,,,simeon profeta,Santa Croce,"(12.325032943181249, 45.441025399802406)"
,,,,,Drago; Sartori," Maria,",,,,ss. Ermagora e Fort.,calle del pistor,1829.0,,,ermargora e fortunato,NO MATCH,"(None, None)"
,,,,,Durello,"Francesco,",,,,s. Zaccaria,salizz. Zorzi,4945.0,,,zaccaria,Castello,"(12.342620917986586, 45.43605938264979)"
,,,,,Fagarazzi,"Metilde,",,,,s. M. del Carmine,calle Foscari,3256.0,,,maria dei carmini,Dorsoduro,"(12.325854506723914, 45.434515545686914)"
,,,,,Fedrigo,"Angela,",,,,ss. Ermagora e Fort.,calle dell’arco,1863.0,,,ermargora e fortunato,NO MATCH,"(None, None)"
,,,,,Finti,"Maria,",,,,Angelo Raff.,fond. pescaria,1773.0,,,angelo raffaele,NO MATCH,"(None, None)"
,,,,,Finzi,"Michiele,",,,,"s, Geremia",ghetto vecchio,1243.0,,,geremia,Cannaregio,"(12.325321149720684, 45.44432041296776)"
,,,,,Fontanella,"Domenico,",,,,s. Eufemia,fond. del ponte piccolo,657.0,,,eufemia,Dorsoduro,"(None, None)"
,,,,,Fossato,"Anna,",,,,s. Silvestro,ruga degli speziali,315.0,,,silvestro,San Polo,"(12.333846829101285, 45.4393574881973)"
,,,,,Franco,"Bassan; Nina,",,,,s. Geremia,ghetto vecchio,1245.0,,,geremia,Cannaregio,"(12.325272605228541, 45.44426938908901)"
,,,,,Frassine,"Luigi,",,,,s. Martino,campo dei due pozzi,2622.0,,,martino,Castello,"(12.34843380545515, 45.43600582136443)"
,,,,,Fugazzaro,"Maddalena,",,,,s. Pietro,calle dietro il campanile,63.0,,,pietro,Castello,"(12.359062477921682, 45.43407184747449)"
,,,,,Gabbioli,"Teresa,",,,,ss. Gervasio e Prot.,corte naveghera,1.0,,,gervasio e protasio,Cannaregio,"(None, None)"
,,,,,Gambaro,"Luigi,",,,,ss. Ermagora e Fort.,rio terra due ponti,1647.0,,,ermargora e fortunato,NO MATCH,"(None, None)"
,,,,,Garbisi,"Carolina,",,,,all’Angelo Raff.,calle del ferro,1938.0,,,angelo raffaele,NO MATCH,"(None, None)"
,,,,,Gennaro; Monaco," Catterina,",,,,s. Marziale,ghetto nuovo,2873.0,,,marziale,Cannaregio,"(12.327223162282861, 45.445590108202744)"
,,,,,Giacomi,"Luigia,",,,,s. M. Glor. dei Frari,calle del mandoler,2858.0,,,maria gloriosa dei frari,San Polo,"(12.327019108107105, 45.43614237221793)"
,,,,,Gianesini,"Antonio,",,,,s. Silvestro,campo s. Aponal,1135.0,,,silvestro,San Polo,"(12.332479437080025, 45.43782415352546)"
,,,,,Gianesini,"Antonio,",,,,s. Silvestro,campo s. Aponal,1136.0,,,silvestro,San Polo,"(12.33249302752365, 45.43774979357831)"
,,,,,Giusti,"Gasparina,",,,,s. Pietro,corte del solta,772.0,,,pietro,Castello,"(12.356747607707156, 45.43096575349632)"
,,,,,Giusti,Maria,,,,s. Marco,calle dei pignoli,776.0,,,marco,San Marco,"(12.33800858013423, 45.43577286733126)"
,,,,,Grandis; Dari," Elena,",,,,s. Simeone Prof. ,fond. Tolentini,216.0,,,simeon profeta,Santa Croce,"(12.321567397359862, 45.4384013745177)"
,,,,,Grasselli,"Gio.; Battista,",,,,s. Silvestro,erberia,139.0,,,silvestro,San Polo,"(12.335507472710763, 45.43882103152748)"
,,,,,Greci,Antonio,,,"fu Pietro,",s. Silvestro,naranzeria,136.0,,,silvestro,San Polo,"(12.335665033855083, 45.43864822236149)"
,,,,,Greci,Antonio,,,"fu Vincenzo,",s. Silvestro,in erberia,140.0,,,silvestro,San Polo,"(12.335464229189444, 45.438848465333244)"
,,,,,Greci,Antonio,,,"fu Vincenzo,",s. Silvestro,in erberia,141.0,,,silvestro,San Polo,"(12.335425685973066, 45.43887291725296)"
,,,,,Greci,Antonio,,,"fu Vincenzo,",s. Silvestro,in erberia,142.0,,,silvestro,San Polo,"(12.335391083678411, 45.43889486904138)"
,,,,,Gregolin,"Natale,",,,,s. Silvestro,naranzeria,133.0,,,silvestro,San Polo,"(None, None)"
206,,,,,,,,,,,,,,,,,"(None, None)"
,,,,,Grotti,Pietro,,,"erede Galangan Luigi, e De Reati Celeste,",s. Silvestro,sottop. delle fabbriche,148.0,,,silvestro,San Polo,"(None, None)"
,,,,,Inchiostro,"Maria,",,,,s. Eufemia,fond. ponte longo,290.0,,,eufemia,Dorsoduro,"(12.33218340644001, 45.42886205676222)"
,,,,,Levi,"Laura,",,,,s. M. del Rosario,calle Molin,392.0,,,madonna del rosario,Dorsoduro,"(12.332045423334185, 45.429760024570776)"
,,,,,Libanore,"Camillo,",,,,s. Pantaleone,crosera,3953.0,,,pantalon,Dorsoduro,"(12.325549055567349, 45.43585158486788)"
,,,,,Lovarini,"Sante,",,,,s. Stefano,calle delle’ botteghe,2963.0,,,stefano,San Marco,"(12.330501295042817, 45.43378767357823)"
,,,,,Maggioli,"Giovanni,",,,,s. Silvestro,in erberia.,,,,silvestro,San Polo,"(None, None)"
,,,,,Magri,"Pietro,",,,,"s, Marco",all’Ascensione,1301.0,,,marco,San Marco,"(12.336882104689725, 45.433328487906635)"
,,,,,Mansiega,"Barbara,",,,,ss. Gerv. Protasio,campiello Calbo,1044.0,,,gervasio e protasio,Cannaregio,"(12.323211438242373, 45.445392274896676)"
,,,,,Marcato,"Antonio,",,,,s. Pietro,via nuova,1803.0,,,pietro,Castello,"(None, None)"
,,,,,Marchetto,"Angelo,",,,,s. Pantaleone,calle del spezier,3752.0,,,pantalon,Dorsoduro,"(12.325217333387494, 45.435919430184285)"
,,,,,Marchio,"Gaetano,",,,,ss. Gerv. e Protasio,fond. Priuli.,,,,gervasio e protasio,Cannaregio,"(None, None)"
,,,,,Marin,"Tommaso,",,,detto Velada,s. Silvestro,sotto i portici del Banco giro,126.0,,,silvestro,San Polo,"(12.335434115316719, 45.43876886828261)"
,,,,,Martinel,"Giovanna,",,,,s. Martino,calle delle Muneghette,2614.0,,,martino,Castello,"(12.34848816749865, 45.43603116514596)"
,,,,,Martinelli,"Pietro,",,,,s. Silvestro,in erberia.,,,,silvestro,San Polo,"(None, None)"
,,,,,Martinelli,"Vincenzo,",,,,s. Silvestro,sotto il port. del Banco giro,104.0,,,silvestro,San Polo,"(12.334901216270914, 45.43894299670726)"
,,,,,Mello,"Lucia,",,,,s. Giacomo dall’Orio,in campo,1510.0,,,giacomo dall'orio,Santa Croce,"(12.327122351986185, 45.43967334537239)"
,,,,,Menegazzi,"Giacomo,",,,,s. Silvestro,in Erberia,,,,silvestro,San Polo,"(None, None)"
,,,,,Menegazzi,"Valentino,",,,,s. Salvatore,salizz. dei tedeschi,5537.0,,,salvador,San Marco,"(12.336940267852956, 45.438048927170335)"
,,,,,Merlo,"Giovanna,",,,,s. Geremia,fond. Canareggio,1063.0,,,geremia,Cannaregio,"(12.323391325727718, 45.44488824881118)"
,,,,,Mion,"Luigia,",,,,s. Nicola da Tolentino,fond. Pagan,283.0,,,nicola da tolentino,Santa Croce,"(12.320068086101841, 45.4363353325598)"
,,,,,Molin,"Lorenzo,",,,,ss. Ermag. e Fortunato,calle Noal,2264.0,,,ermargora e fortunato,NO MATCH,"(None, None)"
,,,,,Montiron,"Catterina,",,,,s. Stefano,salizz. s. Samuele,3145.0,,,stefano,San Marco,"(12.329593255694569, 45.43427259045289)"
,,,,,Nobile,"Anna,",,,,s. Cassiano,calle dei morti,2247.0,,,cassiano,Santa Croce,"(12.331573605743726, 45.4400293888372)"
,,,,,Novello,"Pietro,",,,,s. M. del Giglio,calle lunga s. Moisé,2067.0,,,maria del giglio,San Marco,"(12.335035224697252, 45.433034899570124)"
,,,,,Ongaro,"Giovanni,",,,,s. Zaccaria,calle della sacrestia,4453.0,,,zaccaria,Castello,"(12.34213840097107, 45.43554027846842)"
,,,,,Orlando,"Pietro,",,,,s. Felice,calle del pistor,3884.0,,,felice,Cannaregio,"(12.334336603277745, 45.44145113732429)"
,,,,,Ortis,Antonio; Domenico,,,,s. Silvestro,sottoportico dell’ erberia,144.0,,,silvestro,San Polo,"(12.335301619843726, 45.43895162513775)"
,,,,vend. erbe medic.,Panizza,"Giovanni,",,,,s. Marco,all’ Ascen.,1256.0,,,marco,San Marco,"(12.336969242054847, 45.43347515166748)"
,,,,,Pase,"Luigi,",,,,s. Silvestro,campo della bella Vienna,213.0,,,silvestro,San Polo,"(12.335016189318164, 45.43899733185878)"
,,,,,Pellizzato,"Gio.; Battista,",,,,s. Luca,salizz. della Chiesa,4010.0,,,luca,San Marco,"(12.33314510134175, 45.43508899419691)"
,,,,,Penso,"Regina,",,,,s. Silvestro,campo delle beccarie,363.0,,,silvestro,San Polo,"(12.333417006140875, 45.439423505984905)"
,,,,,Pettenello,"Angela,",,,,s. M. del Rosario,calle nuova,139.0,,,madonna del rosario,Dorsoduro,"(12.333398710757013, 45.4304637233388)"
,,,,,Pezzi,"Tommasina,",,,,all’Angelo Raff.,arzere s. Nicold,2299.0,,,angelo raffaele,NO MATCH,"(None, None)"
,,,,,Polacco,"Abramo,",,,,s. Geremia,ghetto vecchio,1218.0,,,geremia,Cannaregio,"(12.326091744547659, 45.4451130567302)"
,,,,,Possenti,"Giovanni,",,,,s. Gio. in Bragora,salizz. s. Antonin,3487.0,,,giovanni in bragora,Castello,"(12.346781396588057, 45.4351988498543)"
,,,,,Pozzo,Pietro,,,,s. Canciano,sottop. s. Gio. Grisostomo,5683.0,,,canciano,Cannaregio,"(None, None)"
,,,,,Predosin,"Angelo,",,,,s. Canciano,camp. del pestrin,5420.0,,,canciano,Cannaregio,"(12.339813024156095, 45.440861061508706)"
207,,,,,,,,,,,,,,,,,"(None, None)"
,,,,,Pugna,"Domenico,",,,,s. Silvestro,sottop. del banco giro,196.0,,,silvestro,San Polo,"(12.335414072818036, 45.43911262263846)"
,,,,,Rampicini,"Domenico,",,,,ss. Gio. e Paolo,calle dell’ ospedal.,6370.0,,,giovanni e paolo,Castello,"(None, None)"
,,,,,Ridetti,"Luigia,",,,,s. Pietro,calle sabbionera,700.0,,,pietro,Castello,"(12.358026591545357, 45.43104823007449)"
,,,,,Rizzi,"Angela,",,,,s. Geremia,fond. Canareggio,1030.0,,,geremia,Cannaregio,"(12.322767857894853, 45.44508823906984)"
,,,,,Rizzi,"Rosa,",,,,s. Silvestro,ruga degli orefici,23.0,,,silvestro,San Polo,"(12.335429145158436, 45.43836419389238)"
,,,,,Romanello,"Vincenzo,",,,,s. Geremia,corte dei vedei,1056.0,,,geremia,Cannaregio,"(None, None)"
,,,,,Romancini,"Giovanni,",,,,s. Salvatore,campo s. Bartol.,5173.0,,,salvador,San Marco,"(12.336654528587896, 45.437550614055475)"
,,,,,Rosada,"David,",,,,s. M. Gloriosa dei Frari,fond.,2559.0,,,maria gloriosa dei frari,San Polo,"(12.32713809567196, 45.43749679818541)"
,,,,,Rosada,"Federico,",,,,s. Cassiano,calle del tintor,1811.0,,,cassiano,Santa Croce,"(12.329126800696452, 45.44070559698271)"
,,,,,Rosada,"Giuseppe,",,,,s. M. Gloriosa dei Frari,in campo,2858.0,,,maria gloriosa dei frari,San Polo,"(12.327019108107105, 45.43614237221793)"
,,,,,Rossettin,"Gio.; Maria,",,,,s. M. Formosa,calle lunga,6233.0,,,maria formosa,Castello,"(12.341900194532563, 45.43775438905605)"
,,,,,Ruetta,"Giovanni,",,,,s. Pantal.,calle del spezier dietro la Chiesa,3713.0,,,pantalon,Dorsoduro,"(12.324813419832047, 45.43548181478385)"
,,,,,Ruggeri,"Anna,",,,,s. M. Gloriosa dei Frari,campo s. Rocco,3127.0,,,maria gloriosa dei frari,San Polo,"(12.32563955570583, 45.436387355512046)"
,,,,,Sabba,"Girolamo,",,,,s. Pietro,fondamenta s. Anna,583.0,,,pietro,Castello,"(None, None)"
,,,,,Salviati,"Fortunato,",,,,s. Silvestro,ruga degli orefici,88.0,,,silvestro,San Polo,"(12.334733783436365, 45.43889392216137)"
,,,,,Salviati,"Fortunato,",,,,s. Silvestro,ruga degli orefici,89.0,,,silvestro,San Polo,"(12.3347003578995, 45.4389152357602)"
,,,,,Sanson,"Bernardo,",,,,Angelo Raffaele,arzere s. Nicold,2299.0,,,angelo raffaele,NO MATCH,"(None, None)"
,,,,,Santini,"Pietro,",,,,s. M. del Carmine,calle della chiesa.,,,,maria dei carmini,Dorsoduro,"(None, None)"
,,,,,Sasso,"Antonio,",,,,s. Pietro,via nuova,1779.0,,,pietro,Castello,"(12.352936936025712, 45.432337442099794)"
,,,,,Sasso,"Isidero,",,,,s. Pietro,via nuova,1384.0,,,pietro,Castello,"(None, None)"
,,,,,Scarabellin,"Chiara,",,,,s. M. del Carmine,calle del bezzo,3218.0,,,maria dei carmini,Dorsoduro,"(12.325675075898095, 45.433984359591044)"
,,,,,Scarpa,"Agostino,",,,,s. Gio. in Bragora,salizz. s. Antonin,3314.0,,,giovanni in bragora,Castello,"(12.345359506983376, 45.43565105614814)"
,,,,,Scarpa,Antonio,,,"d. Rosegoto,",s. M. del Carm.,calle delta scuola,2617.0,,,maria dei carmini,Dorsoduro,"(None, None)"
,,,,,Scarpa,"Antonio,",,,,ss. Gerv. e Prot.,fondementa Borgo,1321.0,,,gervasio e protasio,Cannaregio,"(None, None)"
,,,,,Scarpa,"Domenico,",,,,s. Geremia,ghetto veechio,1238.0,,,geremia,Cannaregio,"(None, None)"
,,,,,Scarpa,"Ferdido,",,,,s. M. del Giglio,campo s. Fantino,1916.0,,,maria del giglio,San Marco,"(12.33383212934661, 45.433983829180626)"
,,,,,Scarpa,"Filippo,",,,,s. Marco,calle larga,369.0,,,marco,San Marco,"(12.33953547084415, 45.435226081002256)"
,,,,,Scarpa,"Francesco,",,,,ss. Erm. e Fort.,rioterra della Maddalena,2348.0,,,ermargora e fortunato,NO MATCH,"(None, None)"
,,,,,Scarpa,"Francesco,",,,d. Paulotto,ss. Apostoli,calle dietro la chiesa,4541.0,,,apostoli,Cannaregio,"(12.33702667571199, 45.440730742032095)"
,,,,,Scarpa,"Giovanna,",,,,s. Silvestro,ruga degli orefici,25.0,,,silvestro,San Polo,"(12.335345682550425, 45.438422633053875)"
,,,,,Scarpa,"Giuseppe,",,,,s. Zaccaria,rugagiuffa,4318.0,,,zaccaria,Castello,"(12.340869900324702, 45.43504941323449)"
,,,,,Scarpa,"Lorenzo,",,,,s. M. Glor. dei Frari,rioterri,2312.0,,,maria gloriosa dei frari,San Polo,"(12.328930003827956, 45.438660685617364)"
,,,,,Scarpa,"Maddalena,",,,,s. Luca,calle dei fabbri,4677.0,,,luca,San Marco,"(None, None)"
,,,,,Scarpa,"Maria,",,,,s. Stefano,in campo s. Angelo,3554.0,,,stefano,San Marco,"(None, None)"
,,,,,Scarpa,"Paolo,",,,,s. M. Formosa,calle s. Antonio,5605.0,,,maria formosa,Castello,"(12.338148452778412, 45.43756679965718)"
,,,,,Scattolin,"Giuseppe,",,,,s. Silvestro,sotto le fabbriche,156.0,,,silvestro,San Polo,"(12.335098164254683, 45.439329262034384)"
,,,,,Spagno,"Bernardo,",,,,s. M. Formosa,calle lunga,6185.0,,,maria formosa,Castello,"(12.341546833083614, 45.43763950181293)"
,,,,,Stauro,Bartolomeo,,,,s. M. Formosa,salizz. s. Lio,5469.0,,,maria formosa,Castello,"(12.33940180958382, 45.43715265906962)"
,,,,,Stefani,"Francesco,",,,,s. M. Formosa,salizz. s. Lio,5783.0,,,maria formosa,Castello,"(12.339632225001413, 45.43703098385657)"
,,,,,Stefani,"Domenico,",,,,s. M. Formosa,calle Marcello,5820.0,,,maria formosa,Castello,"(12.339881978360049, 45.43680033920244)"
,,,,,Tian,"Osyaldo,",,,,s. Silvestro,settopertico s. Giacomo,82.0,,,silvestro,San Polo,"(12.33538363512173, 45.43865401836072)"
208,,,,,,,,,,,,,,,,,"(None, None)"
,,,,,Todeschini,"Antonio,",,,,s. Nicola da Tolentino,fond. Bernardo,273.0,,,nicola da tolentino,Santa Croce,"(12.319904500064, 45.43689454990845)"
,,,,,Toffoli,"Anna,",,,,s. Simeone Prof. ,campo Riello,1361.0,,,simeon profeta,Santa Croce,"(12.326471221053486, 45.44125174945915)"
,,,,,Tomasi,"Angela,",,,,s. M: del Rosario,calle del forno,535.0,,,madonna del rosario,Dorsoduro,"(12.330788922667313, 45.42970955704364)"
,,,,,Torresini,"Pietro,",,,,s. M. del Giglio,calle lunga s. Moisé,2380.0,,,maria del giglio,San Marco,"(12.334429253508276, 45.43293308952013)"
,,,,,Trevisan,"Gio.; Maria,",,,,s.M. del Carmine,campo s. Margherita,2935.0,,,maria dei carmini,Dorsoduro,"(12.323364197427644, 45.434239652502264)"
,,,,,Vasoni,"Francesco,",,,,s. Silvestro,sottoportico erberia,139.0,,,silvestro,San Polo,"(12.335507472710763, 45.43882103152748)"
,,,,,Vendramin,"Bernardo,",,,,s. Silvestro,in erberia.,,,,silvestro,San Polo,"(None, None)"
,,,,,Venerando,Gio.,,,,ss. Gerv. e Prot.,calle dei cerchieri,1280.0,,,gervasio e protasio,Cannaregio,"(12.32583410905858, 45.44429383335639)"
,,,,,Veronese,"Antonio,",,,,s. Silvestro,calle del luganegher,1473.0,,,silvestro,San Polo,"(12.331232639384044, 45.43739621572402)"
,,,,,Vianello,"Agostino,",,,,s. Pantaleone,salizzada,102.0,,,pantalon,Dorsoduro,"(None, None)"
,,,,,Vianello,"Andrea,",,,,ss. Apostoli,rioterra,4685.0,,,apostoli,Cannaregio,"(12.33753621870999, 45.44155225422127)"
,,,,,Vianello,Anna,,,"ved. Alzi,",s. Silvestro,sottoportico erberia,143.0,,,silvestro,San Polo,"(12.335357552582868, 45.438916141258204)"
,,,,,Vianello,"Antonia,",,,,ss. Erm. e Fortunato,rioterra due ponti,1594.0,,,ermargora e fortunato,NO MATCH,"(None, None)"
,,,,,Vianello,"Antonio,",,,,s. Luca,calle della mandola,3728.0,,,luca,San Marco,"(12.332889627753326, 45.43484324904253)"
,,,,,Vianello,"Domenico,",,,,s. M. del Carmine,fondamenta Soranzo,3062.0,,,maria dei carmini,Dorsoduro,"(12.32421305188947, 45.433717580753104)"
,,,,,Vianello,"Francesco,",,,,s. Luca,in campo,4573.0,,,luca,San Marco,"(12.3353887875851, 45.43593527977156)"
,,,,,Vianello,"Giovanni,",,,,s. M. del Carmine,campo s. Margherita,2946.0,,,maria dei carmini,Dorsoduro,"(12.323474614285988, 45.434395185565194)"
,,,,,Vianello,Gitiseppe,,,"detto Chiavetta,",s. Silvestro,calle della sicurta,102.0,,,silvestro,San Polo,"(12.334959619757681, 45.43890226982385)"
,,,,,Vianello,Giuseppe,,,"fu Fortunato,",s. Silvestro,in erbaria,29.0,,,silvestro,San Polo,"(12.3352276625881, 45.43850627433625)"
,,,,,Vianello,Angelo,,,"fu Giuseppe,",s. Canciano,calle del fruttarol,5941.0,,,canciano,Cannaregio,"(12.338047361279656, 45.43978692253888)"
,,,,,Vianello,"Luigi,",,,,s. Marco,frezzeria,1587.0,,,marco,San Marco,"(None, None)"
,,,,,Vianello,"Luigi,",,,,s. Marco,frezzeria,1645.0,,,marco,San Marco,"(12.336204409887415, 45.434187836152034)"
,,,,,Vianello,"Maddalena,",,,,s. Gio. in Bragora,salizz. s. Antonin,3607.0,,,giovanni in bragora,Castello,"(12.346898724670753, 45.434892480403)"
,,,,,Vianello,"Natale,",,,,s. Gio. in Bragora,salizz. s. Antonin,3319.0,,,giovanni in bragora,Castello,"(12.345148892922781, 45.43572102659429)"
,,,,,Vianello,"Vincenzo,",,,,s. Luca,calle del mettivia,4536.0,,,luca,San Marco,"(12.335638255211352, 45.435719679948626)"
,,,,,Vianello,Vincenzo,,,fu Fortunato,s. Marco,calle s. Basso,311.0,,,marco,San Marco,"(12.339157140051865, 45.435018721947074)"
,,,,,Vida,"Francesca,",,,,s. Pietro,calle Salamona,294.0,,,pietro,Castello,"(12.357212905176562, 45.43342026993296)"
,,,,,Vio,"Francesco,",,,,s. Geremia,fondamenta Savorg,412.0,,,geremia,Cannaregio,"(12.323899028591129, 45.4443648045772)"
,,,,,Vio,"Giacomo,",,,,s. Canciano,ponte s. Gio. Grisostomo,5898.0,,,canciano,Cannaregio,"(None, None)"
,,,,,Wailland,"Maria,",,,,s. Pietro,via nuova,1241.0,,,pietro,Castello,"(None, None)"
,,,,,Zanchi,"Angelo,",,,,s. Silvestro,sottop. banco giro,197.0,,,silvestro,San Polo,"(12.335414905915579, 45.43914818847263)"
,,,,,Zanini,"Baldissera,",,,,s. Geremia,lista di Spagna,186.0,,,geremia,Cannaregio,"(None, None)"
,,,,,Zanini,"Giovanni,",,,,s. Luca,calle dei fabbri,4663.0,,,luca,San Marco,"(12.33558466671097, 45.43628869263522)"
,,,,,Zanuti,"Giovanni,",,,,s. Marco,frezzeria,1288.0,,,marco,San Marco,"(None, None)"
,,,,,Zennaro,"Andrea,",,,,s. Cassiano,calle del cappeller,1593.0,,,cassiano,Santa Croce,"(12.328234643133547, 45.43992376491879)"
,,,,,Zennaro,"Anna; Teresa,",,,,s. Martino,calle del forno,2225.0,,,martino,Castello,"(None, None)"
,,,,,Zennaro,"Francesco,",,,,s. M Glor. dei Frari,corte del caffettier,2118.0,,,maria gloriosa dei frari,San Polo,"(12.329351294565067, 45.437005540237784)"
,,,,,Zennaro,"Giacomo,",,,,s. Canciano,calle del fumo,5311.0,,,canciano,Cannaregio,"(12.340222420886665, 45.44147740757214)"
,,,,,Zennaro,"Giovanni,",,,,s. Silvestro,in erberia,,,,silvestro,San Polo,"(None, None)"
,,,,,Zennaro,"Rinaldo,",,,,s. Silvestro,in erberia.,,,,silvestro,San Polo,"(None, None)"
,,,,,Zennaro,"Sebastiano,",,,,s. Silvestro,in erbaria.,,,,silvestro,San Polo,"(None, None)"
209,,,,,,,,,,,,,,,,,"(None, None)"
,,,,,Zennaro; Piccioli," Girolamo,",,,,s. Silvestro,sottoportico banco giro,124.0,,,silvestro,San Polo,"(12.335384731550842, 45.43880049142428)"
,,,,,Zorzi,"Gregorio,",,,,s. M. del Carmine,calle delle botteghe,3184.0,,,maria dei carmini,Dorsoduro,"(12.325198131777626, 45.43360790424073)"
,,,,,Zotti,"Elisabetta,",,,,s. Silvestro,calle del cinque,604.0,,,silvestro,San Polo,"(12.334049186659946, 45.438471825612886)"
,,,,,Zucchetta,"Giovanni,",,,,s. Eufemia,fondamenta,609.0,,,eufemia,Dorsoduro,"(12.329351277286033, 45.42983778438126)"
,,"FULMINANTI, E FUOCHI D’ARTIFIZIO.",,(fabbric. e vendit. di),,,,,,,,,,,,,"(None, None)"
,,,,fulmit.,Levi,Felice,,,"fu Giacomo,",s. Geremia,fond. delle Penitenti,921.0,,,geremia,Cannaregio,"(12.31988494941008, 45.44639413280791)"
,,,,fuochi d’ artifizio.,Rossetti,"Angelo,",,,,"s, Pietro",corte colonne,1437.0,,,pietro,Castello,"(12.353601271542633, 45.43147066567983)"
,,"FUMISTI, E FABB. DI STUFE.",,,,,,,,,,,,,,,"(None, None)"
,,,,,Bernardi,"Pietro,",,,,s. M. Formosa,in campo,6122.0,,,maria formosa,Castello,"(12.340802711616158, 45.437836283594024)"
,,,,,Bortoluzzi,"Alessandro,",,,,s. Salvatore,calle dei stagneri,5233.0,,,salvador,San Marco,"(12.337073068339917, 45.437147745819495)"
,,,,,Carpanetti,"Giacomo,",,,,s. Stefano,calle Zaguri s. Maurizio,2627.0,,,stefano,San Marco,"(12.331952834858072, 45.43277947155246)"
,,,,,Casaro,"Antonio,",,,,s. M. Formosa,calle del Paradiso,5756.0,,,maria formosa,Castello,"(12.339652729499628, 45.43734390554599)"
,,,,,Ombrelli,"Filippo,",,,,ss. Ermagora e Fort.,ponte e calle Noal,2285.0,,,ermargora e fortunato,NO MATCH,"(None, None)"
,,,,,Sardi,"Nicold,",,,,s. Luca,calle dei fabbri,4683.0,,,luca,San Marco,"(12.33645689694092, 45.43553838164279)"
,,,,,Sparetta,"Giuseppe,",,,,s. Marco,frezzeria,1770.0,,,marco,San Marco,"(12.335850685517018, 45.434489522625846)"
,,GABINETTI DI RECAPITO.,,,,,,,,,,,,,,,"(None, None)"
,,,,,Ciampi,"Stefano,",,,,s. Marco,calle dei fabbri,879.0,,,marco,San Marco,"(12.337623918045878, 45.43467874619917)"
,,,,,Malta,"Benedetto,",,,,s. Marco,camp. di piscina,1657.0,,,marco,San Marco,"(12.33546774273548, 45.43405679095962)"
,,,,,Pasquali,"Gio.; Battista,",,,detto Pozzetto,s. Maria del Giglio,calle lunga 8. Moisé,2403.0,,,maria del giglio,San Marco,"(12.333983827283468, 45.43285921497128)"
,,,,,Pezzoli,"Rocco,",,,,s. Marco,calle dei specchieri,631.0,,,marco,San Marco,"(12.339091265675073, 45.43563156389409)"
,,,,,Porta,"Giovanni,",,,,s. Marco,frezzeria,1183.0,,,marco,San Marco,"(12.336513231425359, 45.43395739347643)"
,,,,,Rossi,"Antonio,",,,,"s, Luca",calle dei fabbri,4671.0,,,luca,San Marco,"(12.33591959275359, 45.43594568349064)"
210,,,,,,,,,,,,,,,,,"(None, None)"
,,GESSO.,,(fabbrieatori di),,,,,,,,,,,,,"(None, None)"
,,,,,Barbaro,"Agostino,",,,,s. Nicola da Tolent.,fond. Rizzi,318.0,,,nicola da tolentino,Santa Croce,"(12.318349460635913, 45.43521423051512)"
,,,,,Cucito,"Leopoldo,",,,,s. Pantaleone,corte Marcona,3879.0,,,pantalon,Dorsoduro,"(12.326393744293608, 45.43503341588363)"
,,,,,Pisanello,"Giovanni,",,,,s. Maria Gloriosa dei Frari,ramo Chiovere s.Rocco,3080.0,,,maria gloriosa dei frari,San Polo,"(12.323158554466852, 45.438364644146034)"
,,GIOCATOLI E TRASTULLI.,,(venditori di),,,,,,,,,,,,,"(None, None)"
,,,,,Battisti,"Giacinto,",,,,s. Luca,calle dei fuseri,4161.0,,,luca,San Marco,"(12.334610029897986, 45.43621268598688)"
,,,,,Fadioli,"Giovanni,",,,,s. Felice,calle della Chiesa,4191.0,,,felice,Cannaregio,"(12.334820414547629, 45.44099839922118)"
,,,,,Pellegrini,Domenica,,,"vedova Bosa,",s. Salvatore,merceria,4297.0,,,salvador,San Marco,"(12.334380223409923, 45.43507730438032)"
,,,,,Rubinato,"Giovanni,",,,,s. Salvatore,in merceria det Capitello,4957.0,,,salvador,San Marco,"(12.336969257671191, 45.43657342068211)"
,,GRANAGLIE.,,,,,,,,,,,,,,,"(None, None)"
,,,,(negos. e vendit. di),,,,,,,,,,,,,"(None, None)"
,,,,biad.,Andrighetti,"Antonio,",,,,s. M. Formosa,calle lunga,6251.0,,,maria formosa,Castello,"(12.342119157227945, 45.437823483579926)"
,,,,biad.,Andriolli,"Giuseppe,",,,,s. M. Gloriosa dei Frari,salizz. s. Rocco,3034.0,,,maria gloriosa dei frari,San Polo,"(12.326093742902342, 45.43650380372965)"
,,,,biad.,Angeli,Elisabetta,,,"rapp. da Bertaglia Gioachino,",s. Silvestro,camp. dei melloni,1475.0,,,silvestro,San Polo,"(12.33135090111659, 45.437427811698775)"
,,,,biad.,Arnoldi,"Luigi,",,,,s. M. Formosa,in campo,5243.0,,,maria formosa,Castello,"(12.341249990886404, 45.43740764814786)"
,,,,"negoz. farine,",Baccalin; Baccalin," Giovanni,",,,fratellirapp. da Baccalin Giacomo,s. Marco,frezzeria,1644.0,,,marco,San Marco,"(12.336239030648175, 45.43413854292367)"
,,,,biad.,Bagliana,"Gio.; Battista,",,,,s. Canciano,salizz.,5910.0,,,canciano,Cannaregio,"(12.337419144095586, 45.43951286200343)"
,,,,biad.,Bailo,"Lorenzo,",,,,s: Silvestro,raga vecchia,480.0,,,silvestro,San Polo,"(12.334310133642036, 45.43872003428039)"
,,,,biad.,Baldini,"Giacomo,",,,,ss. Gio. e Paolo,salizz.,6364.0,,,giovanni e paolo,Castello,"(12.342394690300035, 45.43884362107138)"
,,,,biad.,Balinzattera,"Francesco,",,,,s. M. Formosa,salizz. s. Lio,6023.0,,,maria formosa,Castello,"(12.33885472174672, 45.438191635101646)"
,,,,,Ballarin,Angela,,,vedova Vianello,s. Francesco,salizz.,3156.0,,,francesco,Castello,"(12.347293467732236, 45.43733046966639)"
211,,,,,,,,,,,,,,,,,"(None, None)"
,,,,commiss.,Baretta,"Giuseppe,",,,,s. Stefano,campo s. Angelo,3561.0,,,stefano,San Marco,"(12.33251305630121, 45.43370460367497)"
,,,,biad.,Barichella,"Francesco,",,,,s. Pantaleone.,,,,,pantalon,Dorsoduro,"(None, None)"
,,,,biad.,Bellemo,"Paolo,",,,,s. Pietro,fond. s. Anna,998.0,,,pietro,Castello,"(12.356145755827571, 45.43248009885609)"
,,,,frat. biad.,Bellis,Giacomo; Andrea,,,,s. M. del Rosario,piscina del forner,523.0,,,madonna del rosario,Dorsoduro,"(12.330892952201333, 45.43032435190911)"
,,,,,Bellotto,Santina,,,"rapp. da Brasotti Antonio,",s. Simeone Prof.,calle larga,1109.0,,,simeon profeta,Santa Croce,"(12.325029828405667, 45.44054844472538)"
,,,,biad.,Bertacco,"Felicita,",,,,s. Stefano,calle del Dose s. Maurizio,2752.0,,,stefano,San Marco,"(12.331222146711534, 45.43245028707304)"
,,,,biad.,Bertazzi,"Giuseppe,",,,,s. Felice,,4302.0,,,felice,Cannaregio,"(12.335369156775979, 45.44074023268725)"
,,,,biad.,Bertucci,"Antonio,",,,,s. Maria del Rosario,fondamenta Foscarini,882.0,,,madonna del rosario,Dorsoduro,"(12.32840575922715, 45.43065345687788)"
,,,,biad.,Bevilacqua,"Marini; Lucia,",,,,s. Franc.,campo s. Giust.,6488.0,,,francesco,Castello,"(12.345164052762605, 45.43840737568173)"
,,,,biad.,Bianchini,"Gio.; Maria,",,,,s. Martino,calle del bastion,2554.0,,,martino,Castello,"(12.348968773848043, 45.43556271800521)"
,,,,,Bianchini,"Gio.; Maria,",,,,s. Francesco,salizz. delle gatte,3187.0,,,francesco,Castello,"(12.34750556827042, 45.436777227172804)"
,,,,biad.,Bisacco,Luigi,Comp.,,"rapp. da Luigi Bisacco,",s. Simeone Prof. ,rio Marin,819.0,,,simeon profeta,Santa Croce,"(12.32530954978277, 45.43930475704096)"
,,,,,Bisotto; Cibo," Luigi,",,,d.,s. Martino,campo dei due pozzi,2631.0,,,martino,Castello,"(12.348331692893543, 45.43606438648659)"
,,,,negoz.,Bédkter,"Job,",,,,s. Zaccaria,ponte s. Lorenzo,5060.0,,,zaccaria,Castello,"(12.344495154269742, 45.43696529745091)"
,,,,biad.,Bombaso,"Giovanni,",,,,all’Angelo Raff.,forid. s. Baseggio,1646.0,,,angelo raffaele,NO MATCH,"(None, None)"
,,,,biad.,Bon; Martinelli,"Antonio; Angelo,",Comp.,,rapp. da Bon Antonio e,s. Silvestro,campo delle beccarié,365.0,,,silvestro,San Polo,"(12.333364811473537, 45.43938134012539)"
,,,,,Bon; Martinelli,"Antonio; Angelo,",Comp.,,rapp. da Bon Antonio e,s. Silvestro,campo delle beccarié,366.0,,,silvestro,San Polo,"(12.333413258313465, 45.43935597768161)"
,,,,,Bon; Martinelli,"Antonio; Angelo,",Comp.,,rapp. da Bon Antonio e,s. Silvestro,campo delle beccarié,367.0,,,silvestro,San Polo,"(12.333473677999496, 45.43932462208572)"
,,,,biad.,Bon,"Michieli; Maria,",,,,all’Angelo Raff.,fond. Briati,2387.0,,,angelo raffaele,NO MATCH,"(None, None)"
,,,,biad.,Bortoluzzi,"Vincenzo,",,,,s. Cassiano,calle della Regina,2266.0,,,cassiano,Santa Croce,"(12.33101671704059, 45.43960239274559)"
,,,,biad.,Bosari,Giovanni,,,"di Giuseppe,",s. Pietro,via nuova,1762.0,,,pietro,Castello,"(12.352126203878623, 45.43226940554176)"
,,,,biad.,Boz,"Domenico,",,,,s. Gio. in Brag.,riva degli schiavoni,4123.0,,,giovanni in bragora,Castello,"(12.347164815503891, 45.433829506759665)"
,,,,biad.,Boz,"Pietro,",,,,s. Gio. in Bragora,calle crosera,3970.0,,,giovanni in bragora,Castello,"(12.3475836674719, 45.434108432616405)"
,,,,negoz.,Brazzoduro,"Stefano,",,,,s. Eufemia,fond. della Croce,89.0,,,eufemia,Dorsoduro,"(12.33336924813402, 45.43008934204313)"
,,,,biad.,Caenazzo,"Elisabetta,",,,,all’ Ang. Raff.,corte dei preti,1861.0,,,angelo raffaele,NO MATCH,"(None, None)"
,,,,biad.,Canova,"Paolo,",,,,ss. Gervasio e Prot.,alla taoletta,1210.0,,,gervasio e protasio,Cannaregio,"(12.326246678803416, 45.44494527030536)"
,,,,biad.,Capitanio,"Francesco,",,,,all’ Angelo Raff.,fondamenta delle Terese,2197.0,,,angelo raffaele,NO MATCH,"(None, None)"
,,,,biad.,Capo,"Vincenzo,",,,,s. Zaccaria,calle delle rasse,4580.0,,,zaccaria,Castello,"(12.341832453972195, 45.43430485962932)"
,,,,biad.,Carradora,"Giovanni,",,,,s. Gio. in Bragora,calle dei Scudi s. Antonin,2666.0,,,giovanni in bragora,Castello,"(12.347884383143981, 45.4360455693666)"
,,,,biad.,Casara,Francesco,,,"fu Lodovico,",all’ Angelo Raff.,calle del spezier,3627.0,,,angelo raffaele,NO MATCH,"(None, None)"
,,,,biad.,Cecconi,"Gio.; Battista,",,,,s. Pietro,via nuova,1782.0,,,pietro,Castello,"(12.35304262337996, 45.43235112270285)"
,,,,biad.,Cesare,"Gaetano,",,,,s. Francesco,salizz. s. Giustina,2864.0,,,francesco,Castello,"(12.346363702877635, 45.437259597343086)"
,,,,biad.,Cesea,"Cazzagon; Maria,",,,,s. Francesco,calle fontico,2910.0,,,francesco,Castello,"(12.346494578816742, 45.43741783133839)"
212,,,,,,,,,,,,,,,,,"(None, None)"
,,,,commiss.,Chiggiato,"Domenico,",,,,s. Canciano,calle Noris,5509.0,,,canciano,Cannaregio,"(12.338990343342948, 45.44052753405512)"
,,,,commiss.,Chiggiato,"Gaetano,",,,,s. M. del Giglio,calle del teatro,1965.0,,,maria del giglio,San Marco,"(12.333124099270936, 45.43372229206171)"
,,,,biad.,Ciconi,"Giacomo,",,,,s. Eufemia,,427.0,,,eufemia,Dorsoduro,"(None, None)"
,,,,biad.,Cicconi,"Gio.; Domenico,",,,,s. M. Formosa,calle del mondo nuovo,5793.0,,,maria formosa,Castello,"(12.340301876075253, 45.437168450665524)"
,,,,biad.,Cilia,"Verati; Rosa,",,,,s. Giacomo dall’ Orio,campo dei Tedeschi,1070.0,,,giacomo dall'orio,Santa Croce,"(12.325914176516118, 45.43985066029412)"
,,,,negoz.,Cipollato,Giovanni,,,"fu Michiele,",s. M.. Formosa,calle delle bande,5273.0,,,maria formosa,Castello,"(12.340106300011982, 45.43670548528069)"
,,,,biad.,Clerici,"Pietro,",,,,all’Angelo Raff.,fond. Cereri,1459.0,,,angelo raffaele,NO MATCH,"(None, None)"
,,,,biad.,Collauto,"Gio.; Battista,",,,,s. Salvatore,ponte dell’olio,5547.0,,,salvador,San Marco,"(12.337078328875252, 45.438374969151354)"
,,,,biad.,Cornoldi,"Teresa,",,,,s. Pietro,via nuova,1798.0,,,pietro,Castello,"(12.353895583283398, 45.432470257914325)"
,,,,negoz. e biad.,Cosma,"Vincenzo,",,,"rapp. da Cosma Antonio,",s. Silvestro,calle della donzella,788.0,,,silvestro,San Polo,"(12.33365402981756, 45.4382571669693)"
,,,,negoz. e biad.,Cosma,"Vincenzo,",,,,s. Silvestro,calle dell’olio s. Aponal,1075.0,,,silvestro,San Polo,"(12.332693155290647, 45.43787320821457)"
,,,,negoz. e biad.,Cosma,"Vincenzo,",,,,s. M. Gloriosa dei Frari,campo s. Polo,1964.0,,,maria gloriosa dei frari,San Polo,"(12.330444963123586, 45.43725942431403)"
,,,,biad.,Cozzi,"Tommaso,",,,,s.Silvestro,"ruga, s. Gio. Elemosinario",390.0,,,silvestro,San Polo,"(12.334424031700483, 45.43893579374899)"
,,,,biad.,Cozzi,"Tommaso,",,,,s. Salvatore,campo s. Bartolommeo,5309.0,,,salvador,San Marco,"(12.336856149798896, 45.437632598827115)"
,,,,biad.,Cozzi,"Tommaso,",,,,ss. Apostoli,,4430.0,,,apostoli,Cannaregio,"(12.336255543262793, 45.440731461609516)"
,,,,biad.,Cozzi,"Tommaso,",,,,s. Luca,calle della mandola,4004.0,,,luca,San Marco,"(12.333204308071167, 45.43497260136615)"
,,,,biad.,Dal Borgo,"Luigi,",,,,s. Silvestro,campos. Aponal,1136.0,,,silvestro,San Polo,"(12.33249302752365, 45.43774979357831)"
,,,,biad.,Dalla Bona,"Catterina,",,,,s. Francesco,calle dell’ olio,3048.0,,,francesco,Castello,"(12.348281342851704, 45.43696901671451)"
,,,,biad.,Dalla Negra,"Sebastiano,",,,,s.: Felice,calle dell’oca,4366.0,,,felice,Cannaregio,"(12.335933919236536, 45.44083168045299)"
,,,,biad.,Dalla Zorza,Luigi,,,"detto Vianello,",s. Pantaleone,crosera,3815.0,,,pantalon,Dorsoduro,"(12.325368670105595, 45.43589975317747)"
,,,,biad.,Dalla Zorza; Novello," Luigi,",,,,s. M. del Carmine,calle delle botteghe s. Barnaba,3169.0,,,maria dei carmini,Dorsoduro,"(None, None)"
,,,,biad.,De Bona,"Gio.; Antonio,",,,,ss. Ermagora e Fort.,camp. dei fiori,2341.0,,,ermargora e fortunato,NO MATCH,"(None, None)"
,,,,biad.,De Bona,"Gio.; Antonio,",,,,ss. Ermagora e Fort.,rio terra della Maddalena,2338.0,,,ermargora e fortunato,NO MATCH,"(None, None)"
,,,,biad.,De Chiara,"Giuseppe,",,,,s. Geremia,fond. Savorg,625.0,,,geremia,Cannaregio,"(12.320420117215859, 45.44543430411959)"
,,,,biad.,Dellino,"Vito,",,,,ss. Ermagora e Fort.,rio terra due ponti,1745.0,,,ermargora e fortunato,NO MATCH,"(None, None)"
,,,,biad.,De Marchi,"Antonio,",,,,ss. Ermag. e Fort.,calle Zancana,2424.0,,,ermargora e fortunato,NO MATCH,"(None, None)"
,,,,biad e negoz.,De Piccoli,"Federico,",,,,"s, Luca",in campo,4589.0,,,luca,San Marco,"(12.335167907425241, 45.43589845334965)"
,,,,biad.,De Reati,"Giuseppe,",,,,s. Maria del Rosario,rio terra Catecumeni,128.0,,,madonna del rosario,Dorsoduro,"(12.333533399227871, 45.430228540490994)"
,,,,biad.,De Vincenti,"Felice,",,,,s. M. del Carmine,calle lunga,2627.0,,,maria dei carmini,Dorsoduro,"(12.322450758040484, 45.43247278973844)"
,,,,neg.,D'Italia,Abram,Comp.,,"rapp. da Abram D’ Talia,",s. M. delGiglio,corte delle procuratie,2561.0,,,maria del giglio,San Marco,"(12.332687111766301, 45.43331000316949)"
,,,,biad.,Disecco,"Osvaldo,",,,,s. Nicola da Tolentino,fond. Minotto,155.0,,,nicola da tolentino,Santa Croce,"(12.32169104076901, 45.43695608227033)"
,,,,biad.,Disecco,"Osvaldo,",,,,s. M. del Carmine,ramo Cappello,3345.0,,,maria dei carmini,Dorsoduro,"(12.324588054552635, 45.434275716527615)"
,,,,biad.,Dominici,"Gobezzo; Teresa,",,,,s. Felice,campo s. Sofia,4209.0,,,felice,Cannaregio,"(12.335046446661417, 45.44090363353633)"
,,,,biad.,Donaggio,"Girolamo,",,,,s. Felice,calle Priuli,3724.0,,,felice,Cannaregio,"(12.333974623181527, 45.44171902571522)"
,,,,biad.,Donaggio,"Luigi,",,,,s. M. Formosa,salizzada s. Lio,5674.0,,,maria formosa,Castello,"(12.338914981197844, 45.43739808563448)"
213,,,,,,,,,,,,,,,,,"(None, None)"
,,,,biad.,Duse,"Luigi,",,,,s. M. del Carmine,fondamenta del Soccorso,2609.0,,,maria dei carmini,Dorsoduro,"(12.321729527599894, 45.433810450525684)"
,,,,biad.,Duse,"Luigi,",,,,s. M. del Carmine,fondamenta Tolentini,180.0,,,maria dei carmini,Dorsoduro,"(12.333088844830032, 45.43093003616854)"
,,,,biad.,Facchetti,"Andrea,",,,,s. Canciano,salizz. s. Gio. Grisost.,5746.0,,,canciano,Cannaregio,"(12.336788979172997, 45.439056193178715)"
,,,,biad.,Faecchin,"Pietro,",,,,"s, Nicola da Tolentino",fond. s. Croce,531.0,,,nicola da tolentino,Santa Croce,"(None, None)"
,,,,‘commiss.,Fama,"Carlo,",,,,s. Luca,calle delle locande,4298.0,,,luca,San Marco,"(12.334393975459857, 45.43504083446068)"
,,,,biad.,Fano,"Lazzaro,",,,,s. Marziale,ghetto nuovo,2884.0,,,marziale,Cannaregio,"(12.326485714444118, 45.44537587358856)"
,,,,biad.,Fantuzzi.,"Andrianna,",,,,s. Cassiano,calle del campanil,1828.0,,,cassiano,Santa Croce,"(12.329057050034626, 45.440584343291626)"
,,,,negoz.,Fattutta,"Antonio,",,,,s. Gio. in Bragora,a s. Antonin,3403.0,,,giovanni in bragora,Castello,"(12.34488853079066, 45.43578459276319)"
,,,,biad.,Ferrari,"Giovanni,",,,,"s, Eufemia",fond. ponte piccolo,424.0,,,eufemia,Dorsoduro,"(12.330033277499885, 45.42866926206556)"
,,,,biad.,Ferrarese,"Giovanni,",,,,s. Stefano,calle delle botteghe,2974.0,,,stefano,San Marco,"(12.330070683916004, 45.434010862324605)"
,,,,negoz.,Finzi,"Abram,",,,,ss. Erm. e Fort.,rioterra due ponti,1402.0,,,ermargora e fortunato,NO MATCH,"(None, None)"
,,,,negoz. e commiss.,Finzi,"Giuseppe,",,,,ss. Ermagora e Fortunato,rioterra s. Leonardo,1362.0,,,ermargora e fortunato,NO MATCH,"(None, None)"
,,,,biad.,Finzi,"Ventura,",,,,ss. Apostoli,campo della chiesa,4506.0,,,apostoli,Cannaregio,"(12.337961029602308, 45.440579295864595)"
,,,,biad.,Franzi,"Turrio; Elisabetta,",,,,s. Cassiano,sottoportico della malvasia,2330.0,,,cassiano,Santa Croce,"(None, None)"
,,,,biad.,Furlan,"Giuseppe,",,,,s. Marziale,fondamenta sensa,3298.0,,,marziale,Cannaregio,"(12.329940824845965, 45.44600909320851)"
,,,,biad.,Gaggio,"Benedetto,",,,,s. Pantaleone,in campo,3697.0,,,pantalon,Dorsoduro,"(12.3242664694302, 45.435612140369976)"
,,,,biad. e negoz.,Gaggio,"Francesco,",,,,s. Salvatore,campo s. Bartolameo,5257.0,,,salvador,San Marco,"(12.336706532813238, 45.43740472035709)"
,,,,biad.,Gallina,"Anna,",,,,s. Pietro,fond. s. Giuseppe,925.0,,,pietro,Castello,"(12.356551079220528, 45.430635585833066)"
,,,,biad.,Gambillo; Stella," Elena,",,,,s. Pietro,calle Riello,137.0,,,pietro,Castello,"(12.356826535570043, 45.43394004542438)"
,,,,biad.,Gardazzo,"Antonio,",,,,ss. Apostoli,fond. s. Catterina,4944.0,,,apostoli,Cannaregio,"(12.335818328189966, 45.443433786765866)"
,,,,biad.,Garza,"Francesco,",,,,s. Canciano,calle Noris,5476.0,,,canciano,Cannaregio,"(12.339613759499441, 45.44094455315988)"
,,,,biad.,Garza,"Giacomo,",,,,ss. Gerv. e Protasio,fondam. Borgo,1128.0,,,gervasio e protasio,Cannaregio,"(None, None)"
,,,,biad.,Gasparini,"Antonio,",,,,Angelo Raffaele,arzere s. Nicold,2297.0,,,angelo raffaele,NO MATCH,"(None, None)"
,,,,biad.,Gasparini,"Giovanni,",,,,s. Pantaleone,calle Foscari,3864.0,,,pantalon,Dorsoduro,"(12.326176174167093, 45.43550409732813)"
,,,,biad.,Gastaldo,Pietro,,,"fu Vincenzo,",ss. Apostoli,ponte barba. fruttarol,4479.0,,,apostoli,Cannaregio,"(12.3374362762743, 45.440347331704245)"
,,,,biad.,Ghezzo,"Domenico,",,,,s. Gio. in Bragora,calle del pestrin,3924.0,,,giovanni in bragora,Castello,"(12.347664609596444, 45.434396242428605)"
,,,,negoz.,Gianniotti,Costantino; Teodoro,,,,s. Zaccaria,calle delle rasse,4611.0,,,zaccaria,Castello,"(12.341823975158599, 45.43471793298123)"
,,,,biad.,Girardi,Giuseppe,,,"di Giovanni,",s. M. Gloriosa dei Frari,calle del scaletter,2238.0,,,maria gloriosa dei frari,San Polo,"(12.328980192302188, 45.438961839736045)"
,,,,biad.,Girometta,"Michele,",,,,s. Zaccaria,rugagiuffa,4886.0,,,zaccaria,Castello,"(12.342144165644655, 45.43651845712811)"
,,,,biad.,Grego,"Domenico,",,,,s. Simeone Prof.,calle larga bari,973.0,,,simeon profeta,Santa Croce,"(12.324972498330247, 45.44044928649665)"
,,,,biad.,Grifalconi,"Giuseppe,",,,,s. Pietro,via nuova,1341.0,,,pietro,Castello,"(12.353871201514252, 45.43232121326152)"
,,,,biad.,Gris,"Antonio,",,,,s. Marziale,fondamenta Ormesini,2778.0,,,marziale,Cannaregio,"(12.328306820038343, 45.44560092395368)"
,,,,biad.,Gris,"Antonio,",,,,s.Geremia,fondamenta canareggio,1296.0,,,geremia,Cannaregio,"(12.32558951610998, 45.4438330486005)"
,,,,vend. farine,Hentz,"Rodolfo,",,,,s. Silvestro,ponte di Rialto,7.0,,,silvestro,San Polo,"(12.335887478425374, 45.438131033314896)"
214,,,,,,,,,,,,,,,,,"(None, None)"
,,,,biad.,Ivaldi,"Luigi,",,,,s. M. del Giglio,s. Fantino,1918.0,,,maria del giglio,San Marco,"(12.333822654530612, 45.43388867095898)"
,,,,biad.,Koschier,"Giovanni,",,,,s. M. del Rosario,fond. Bragadin,661.0,,,madonna del rosario,Dorsoduro,"(12.329813989668791, 45.430449075758624)"
,,,,biad.,Lando,"Nicold,",,,,s. M. Mater Domini,calle lunga,2135.0,,,maria mater domini,Santa Croce,"(12.329905665229836, 45.439362207064164)"
,,,,biad.,Lanfritto,Sebastiano’,,,"fu Clemente,",s. Marco,frezzeria,1182.0,,,marco,San Marco,"(12.336374661463385, 45.43398241708929)"
,,,,biad.,Lazzari,"Giovanni,",,,,s. Stefano,sotto i chiostri,3543.0,,,stefano,San Marco,"(None, None)"
,,,,biad.,Lazzari,"Giovanni,",,,,s. Silvestro,calle del Cristo,1734.0,,,silvestro,San Polo,"(12.332494724355861, 45.43937068929331)"
,,,,biad.,Lazzari,"Vincenzo,",,,,s. M. Glor. dei Frari,campo s. Toma,2831.0,,,maria gloriosa dei frari,San Polo,"(12.327346450986411, 45.43640673487123)"
,,,,"vend. riso,",Lazzaroni,"Giuseppe,",,,,s. Zaccaria,"campo ss, Filippo e Giacomo",4292.0,,,zaccaria,Castello,"(12.341181369390325, 45.435053783091746)"
,,,,commiss.,Levi,"Abramo,",,,,ss. Erm. e Fortunato,rioterra della Maddalena,2005.0,,,ermargora e fortunato,NO MATCH,"(None, None)"
,,,,biad.,Lipari,"Michele,",,,,s. Giacomo dall’ Orio,calle del tintor,1841.0,,,giacomo dall'orio,Santa Croce,"(12.329202170265647, 45.44068852181221)"
,,,,biad.,Lucatello,"Giacomo,",,,,s. Francesco,calle dei Furlani,3238.0,,,francesco,Castello,"(12.346664218391926, 45.436198067596386)"
,,,,biad.,Mayer,"Benvenisti; Aronne,",,,,s. Pietro,via nuova,1311.0,,,pietro,Castello,"(12.354240905891809, 45.4323410144109)"
,,,,biad.,Marchi,"Giacomo,",,,,s. M. Formosa,calle lunga,6230.0,,,maria formosa,Castello,"(12.341757791165636, 45.43770953139472)"
,,,,biad.,Marchi,"Teresa,",,,,s. Pietro,via nuova,1823.0,,,pietro,Castello,"(12.355362500002869, 45.432565205710205)"
,,,,biad.,Marchi,"Teresa,",,,,s. Pietro,via nuova,1824.0,,,pietro,Castello,"(12.355404987607162, 45.432568141204385)"
,,,,biad.,Marcon,"Vincenzo,",,,,s. Canciano,calle cordoni,5168.0,,,canciano,Cannaregio,"(12.3401487384346, 45.44182131622079)"
,,,,biad.,Marini,"Giacomo,",,,,ss. Gio. e Paolo,calle dell’ ospedaletto,6403.0,,,giovanni e paolo,Castello,"(12.342930837241552, 45.43867639998789)"
,,,,biad.,Marin,Vincenzo; Nicold,,,,s.Gio. in Bragora,calle del pestrin,3892.0,,,giovanni in bragora,Castello,"(12.347759933803033, 45.43471198609117)"
,,,,biad.,Martelli,"Agostino,",,,,"s, Luca",calle del carbon,4216.0,,,luca,San Marco,"(12.334993582603257, 45.43578011889829)"
,,,,biad.,Martini,"Felice,",,,,s. M. del Carmine,calle lunga,2627.0,,,maria dei carmini,Dorsoduro,"(12.322450758040484, 45.43247278973844)"
,,,,"vend. riso,",Marussi,"Pietro,",,,,s. Zaccaria,,4705.0,,,zaccaria,Castello,"(12.342252958104979, 45.435040303145385)"
,,,,negoz.,Masier,Giacomo,,,"di Angelo,",s. Eufemia,sottoportico,,,,eufemia,Dorsoduro,"(None, None)"
,,,,negoz.,Masier,Giacomo,,,,s. Eufemia,calle delle erbe,279.0,,,eufemia,Dorsoduro,"(12.332049592659489, 45.42894091471456)"
,,,,biad.,Masier,"Luigi,",,,,s. Eufemia,"fond, s. Croce",179.0,,,eufemia,Dorsoduro,"(12.33308615120911, 45.430961654571256)"
,,,,biad.,Mazzarolli,"Antonio,",,,,ss. Ger. e Protasio,calle della toletta,4210.0,,,gervasio e protasio,Cannaregio,"(12.335048286899738, 45.44090557088927)"
,,,,biad.,Mazzarolli,"Antonio,",,,,s. Gregorio,,164.0,,,gregorio,Dorsoduro,"(12.33317636713016, 45.43069041393552)"
,,,,biad.,Meneghetti,"Giovanni,",,,,s. M. del Rosario,calle del forno,538.0,,,madonna del rosario,Dorsoduro,"(12.330870262741435, 45.42960666812907)"
,,,,commiss.,Messulam,"Giovanni,",,,,s. Marco,spaderia,677.0,,,marco,San Marco,"(12.338717254378919, 45.435565084442715)"
,,,,comm. e neg.,"Messulam,","Raffaele,",,,,s. Luca,calle dei fuseri,1801.0,,,luca,San Marco,"(12.335510664645172, 45.434460049118734)"
,,,,"neg. farine,",Miglioranza,"Bartolomeo,",,,,s. Salvatore,merceria,4987.0,,,salvador,San Marco,"(12.337318012742974, 45.4366660671529)"
,,,,biad.,Milesi,"Giovanni,",,,,ss. Gerv. e Prot.,s. Gregorio,1459.0,,,gervasio e protasio,Cannaregio,"(12.327394605808268, 45.44481727271622)"
,,,,biad.,Miotto,"Rizzo; Giovanna,",,,,s. Nicola da Tolentino,fond.,214.0,,,nicola da tolentino,Santa Croce,"(12.321581343128967, 45.43834647907638)"
,,,,biad.,Miotto,Valentino; Angelo,,,,s. Luca,calle dei fabbri,4681.0,,,luca,San Marco,"(12.336399374242703, 45.43557711027811)"
,,,,negoz.,Mondolfo,"Giuseppe,",,,,s. Marco,calle del Cappello,181.0,,,marco,San Marco,"(12.338583544795638, 45.43477151841125)"
,,,,biad.,Monticelli,"Gerardo,",,,,s. Marziale,fond. Ormesini,2653.0,,,marziale,Cannaregio,"(12.329585415197746, 45.44526570690034)"
,,,,"vend. farine,",Morelli,"Carlo,",,,,s. Cassiano,salizz. s. Eustacchio,1911.0,,,cassiano,Santa Croce,"(12.329578901264197, 45.44056128193371)"
,,,,biad.,Moretto,"Girolamo,",,,,s. Stefano,in campo,2797.0,,,stefano,San Marco,"(12.330760548680606, 45.433267454819216)"
,,,,biad.,Moretto,"Girolamo,",,,,s. Maurizio,calle Zaguri,2630.0,,,maurizio,San Marco,"(12.332177337157288, 45.432740535245784)"
215,,,,,,,,,,,,,,,,,"(None, None)"
,,,,biad.,Moretto,"Lucia,",,,,s. Eufemia,fond. ponte piccolo,465.0,,,eufemia,Dorsoduro,"(12.331673490503205, 45.42996011298071)"
,,,,biad.,Moro,"Costante,",,,,ss. Erm. e Fort.,rioterra due ponti,1318.0,,,ermargora e fortunato,NO MATCH,"(None, None)"
,,,,negoz.,Moro,"Giuseppe,",,,,s. M. Formosa,salizz. s. Lio,5409.0,,,maria formosa,Castello,"(12.33977348488677, 45.4368660161075)"
,,,,biad.,Moroni,"Gio.; Antonio,",,,,s. Luca,calle delle Locande,4285.0,,,luca,San Marco,"(12.334729031301915, 45.435144026782744)"
,,,,biad.,Moschetto,"Creva; Maria,",,,,s. Marco,calle fiubera,713.0,,,marco,San Marco,"(None, None)"
,,,,biad.,Naceari,"Giovanni,",,,,s. Gio. in Bragora,calle Querini s. Antonin,3723.0,,,giovanni in bragora,Castello,"(12.346360214984692, 45.434629010429965)"
,,,,biad.,Nicolao,"Giovanni,",,,,s. Pietro,via nuova,1821.0,,,pietro,Castello,"(12.355259798430035, 45.43255946566144)"
,,,,biad.,Novello,"Angelo,",,,,s. Silvestro,sottop. del cappeller,1578.0,,,silvestro,San Polo,"(12.333002100366382, 45.439409118327234)"
,,,,negoz.,Oexle,"Federico,",,,,s. Stefano,corte Locatella,3460.0,,,stefano,San Marco,"(12.330398684717206, 45.433868526935406)"
,,,,biad.,Ongaro,"Vincenzo,",,,,s. Zaccaria,calle della sacrestia,4496.0,,,zaccaria,Castello,"(12.341742964570113, 45.43554083885417)"
,,,,biad.,Orefice,"Angelo; Vita,",,,,ss. Apostoli,campo,4434.0,,,apostoli,Cannaregio,"(12.336334920376679, 45.44061814928094)"
,,,,biad.,Orefice,"Lazzaro,",,,,s. Marziale,,2774.0,,,marziale,Cannaregio,"(12.328383225704865, 45.44571544331371)"
,,,,biad.,Orio,"Elisabetta,",,,,s. M. del Carmine,s. Barnaba,3187.0,,,maria dei carmini,Dorsoduro,"(12.32517922993533, 45.43370740769314)"
,,,,biad.,Orsini,"Elena,",,,,s. Marziale,calle della malvasia,2798.0,,,marziale,Cannaregio,"(12.32818324331152, 45.4456368191812)"
,,,,biad.,Orsini,"Francesco,",,,,s. Geremia,lista di Spagna,188.0,,,geremia,Cannaregio,"(12.324010205126509, 45.442553280725235)"
,,,,biad.,Orsini,"Girolamo,",,,,s. Geremia,fondamenta Scalzi,59.0,,,geremia,Cannaregio,"(12.322489660167092, 45.44148655910563)"
,,,,biad.,Padovan,"Angelo,",,,,s. Martino,calle pegola,2386.0,,,martino,Castello,"(12.349691586481505, 45.43449709400631)"
,,,,biad.,Padovan,"Domenico,",,,,all’ Ang. Raff.,calle larga stendardo,2183.0,,,angelo raffaele,NO MATCH,"(None, None)"
,,,,biad.,Pagani,"Eugenio,",,,,s. Martino,calle della pegola,2315.0,,,martino,Castello,"(12.34931794338035, 45.43404091562178)"
,,,,biad.,Panciera,Adolfo,,,fu Gio.Battista,s. Marco,in Canonica,349.0,,,marco,San Marco,"(12.339949407441384, 45.43516957387631)"
,,,,biad.,Pasquali,"Giovanni,",,,,s. M. del Giglio,calle delle ostriche,2433.0,,,maria del giglio,San Marco,"(12.333340307314854, 45.43249303145102)"
,,,,biad.,Pasquali,Giovanni,,,"fu Andrea,",s. M. del Giglio,calle lunga s.Moisè,2189.0,,,maria del giglio,San Marco,"(12.334756965834668, 45.432910976201505)"
,,,,biad.,Pasquali,"Lugo; Andrianna,",,,,s. M. del Carmine,campo s.Margherita,2943.0,,,maria dei carmini,Dorsoduro,"(12.323415773304118, 45.43430471017594)"
,,,,biad.,Pastega,"Antonio,",,,,"s, Giacomo dall’ Orio",in campo,1659.0,,,giacomo dall'orio,Santa Croce,"(12.32812900027613, 45.44063411991519)"
,,,,biad.,Pastega,"Antonio,",,,,"s, M. Mater Domini",in campo,2179.0,,,maria mater domini,Santa Croce,"(12.3304211287543, 45.43988972244101)"
,,,,commiss.,Patrese,"Sante,",,,,s. Zaccaria,calle dei Preti,4991.0,,,zaccaria,Castello,"(12.344265519228493, 45.43603675607768)"
,,,,biad.,Pennacchio,"Zago; Maria,",,,,s. Simeone Prof.,calle lunga,2189.0,,,simeon profeta,Santa Croce,"(12.331067851239018, 45.440461374173424)"
,,,,biad.,Penso,Maria; Domenica,,,,all’ Angelo Raffaele,fondamenta di pescaria,1767.0,,,angelo raffaele,NO MATCH,"(None, None)"
,,,,"biad,",Pesenti,"Francesca,",,,,s. Nicola da Tolentino,tre ponti,3495.0,,,nicola da tolentino,Santa Croce,"(None, None)"
,,,,biad.,Petrin,Angelo,,,"di Vincenzo,",s. M. del Carmine,campo s. Margherita,2964.0,,,maria dei carmini,Dorsoduro,"(12.323585995118927, 45.434583277629436)"
,,,,biad.,Petrin,Girolamo,,,"fu Pietro,",s. Canciano,salizz. s. Gio. Grisostomo,5782.0,,,canciano,Cannaregio,"(12.337015973262748, 45.43863252565188)"
,,,,biad.,Pincherle,"Samuele,",,,,s. Felice,a s. Sofia,4218.0,,,felice,Cannaregio,"(12.335093942066766, 45.44095363540947)"
,,,,biad.,Pitteri,"Angelo,",,,,all’ Angelo Raff.,"arzere s, Marta",2008.0,,,angelo raffaele,NO MATCH,"(None, None)"
,,,,biad.,Ponchia,"Antonio,",,,,s. M. Gloriosa dei Frari,calle della Chiesa s.Polo,2357.0,,,maria gloriosa dei frari,San Polo,"(12.327370874269267, 45.43841877370969)"
216,,,,,,,,,,,,,,,,,"(None, None)"
,,,,biad.,Ricchetti,"Mazzo,",,,,s. Geremia,ghetto vecchio,1131.0,,,geremia,Cannaregio,"(12.325276064420816, 45.44434398573437)"
,,,,biad.,Rietti,"Elia,",,,,s. Geremia,salizz.,321.0,,,geremia,Cannaregio,"(12.325227067034549, 45.4435874231251)"
,,,,biad.,Rinaldi,"Giovanni,",,,,s. Marziale,fond. dei Mori,3386.0,,,marziale,Cannaregio,"(12.332134335481856, 45.445378873712194)"
,,,,biad.,,Battista,,,di Bart.,s. Marziale,fond.,2542.0,,,marziale,Cannaregio,"(12.331895284803327, 45.44463418093125)"
,,,,"vend. farine,",Rizzardini,"Pacifico,",,,,s. Silvestro,ruga del ravano,1060.0,,,silvestro,San Polo,"(12.332841297362984, 45.43792168320277)"
,,,,biad.,Rizzi,"Lorenzo,",,,,s. Stefano,salizz.,3391.0,,,stefano,San Marco,"(12.329815225293922, 45.434431716959274)"
,,,,biad.,Rizzi,"Pitter; Luigia,",,,,all’Angelo Raff.,calle Cappello,2466.0,,,angelo raffaele,NO MATCH,"(None, None)"
,,,,biad.,Rizzo,"Anna,",,,,s. Gio. in Bragora,salizz. Antonin,3448.0,,,giovanni in bragora,Castello,"(12.345252191393513, 45.43563519412252)"
,,,,negoz.,Rocca,"Leone,",,,,s. Luca,calle dei fabbri,4691.0,,,luca,San Marco,"(12.336806590960368, 45.435742831013805)"
,,,,biad.,Roelli,"Giacomo,",,,,s. Pietro,calle riello,187.0,,,pietro,Castello,"(12.35719037590671, 45.433316564739236)"
,,,,biad.,Roelli,"Giacomo,",,,,s.Pietro,Via nuova,1808.0,,,pietro,Castello,"(12.35446205351004, 45.43253180576535)"
,,,,biad.,Roelli,"Giacomo,",,,,s. Silvestro,sottop. degli orefici,92.0,,,silvestro,San Polo,"(12.33467570464658, 45.43899582741593)"
,,,,commiss.,Romiti,Carlo; Massimiliano,,,,s. Silvestro,ruge vecchia,736.0,,,silvestro,San Polo,"(12.334795412763528, 45.437662567376485)"
,,,,negoz.,Rosada,Girelli,Comp.,,"rapp. da Angelo Rosada e Gio. Battista Girelli,",s. Marco,calle larga,363.0,,,marco,San Marco,"(12.3392465669881, 45.43513134160816)"
,,,,negoz.,Rosada,Giovanni,"figli,",,"rapp. da Giovanni ed Angelo Rosada,",s. Gio. in Bragora,ponte Lion,3394.0,,,giovanni in bragora,Castello,"(12.344481628222056, 45.43616530924941)"
,,,,biad.,Rossi,"Zaccaria,",,,,s. M. Formosa,calle Marcello,5892.0,,,maria formosa,Castello,"(12.339584024597665, 45.43827419091687)"
,,,,"vendit. di riso,",Sarto,"Luigi,",,,,s. Maria Gloriosa dei Frari,campo s.Stin,2516.0,,,maria gloriosa dei frari,San Polo,"(12.327587893786495, 45.438093675364485)"
,,,,commiss.,Sartori,"Stefano,",,,,s. Marco,sotto il campanile,29.0,,,marco,San Marco,"(None, None)"
,,,,biad.,Saviane,"Osvaldo,",,,,s. M. Gloriosa dei Frari,calle dei saoneri,2723.0,,,maria gloriosa dei frari,San Polo,"(12.32859135133461, 45.43671543046027)"
,,,,,Scarpa,,fratelli ,,fu Francesco,ss. Gervasio e Prot.,calle Barbaro sulle zattere,349.0,,,gervasio e protasio,Cannaregio,"(12.324284062056174, 45.44414138986958)"
,,,,biad.,Sella,"Giuseppe,",,,,s. Giac. dall’ Orio,calle del tintor,1578.0,,,giacomo dall'orio,Santa Croce,"(12.327822918296862, 45.43954193761743)"
,,,,biad.,Sella,"Giuseppe,",,,,s. Giac. dall’ Orio,calle del tintor,1579.0,,,giacomo dall'orio,Santa Croce,"(12.327799443267297, 45.43955923634444)"
,,,,biad.,Spada:,"Vittore,",,,,ss. Gervasio e Prot.,fond. Priuli,1016.0,,,gervasio e protasio,Cannaregio,"(12.322553021248437, 45.44536785578464)"
,,,,biad.,Spinetta,"Pietro,",,,,s. Pietro,calle saresina,1212.0,,,pietro,Castello,"(12.355528303451843, 45.431140294405246)"
,,,,biad.,Stefani,"Cristiano,",,,,s. Canciano,in campo,6051.0,,,canciano,Cannaregio,"(12.338648319190927, 45.4399874112944)"
,,,,biad.,Stefani,"Stefano,",,,,s. M. del Giglio,calle lunga s. Moisè,2355.0,,,maria del giglio,San Marco,"(12.333706026569802, 45.43252768605467)"
,,,,biad.,Stoccada,"Baffo; Maria,",,,,s. Eufemia,alla Giudecca,288.0,,,eufemia,Dorsoduro,"(12.332155007249744, 45.428956321367195)"
,,,,biad.,Tagliapietra,"Girolamo,",,,,s. Marco,‘all’Ascensione,1295.0,,,marco,San Marco,"(12.336907016385954, 45.43336739609365)"
,,,,biad,Talento,"Angelo,",,,,s. Pietro,fond. s. Anna,1977.0,,,pietro,Castello,"(12.353406807086653, 45.43315762740403)"
,,,,biad.,Tivan,"Antonio,",,,,s. Zaccaria,fond. s. Lorenzo,5029.0,,,zaccaria,Castello,"(12.344262562577507, 45.43610421683867)"
,,,,biad.,Tivan,"Valentino,",,,,ss. Apostoli,calle dell’oca,4430.0,,,apostoli,Cannaregio,"(12.336255543262793, 45.440731461609516)"
,,,,biad.,Tonini,"Tommasini; Maria,",,,,s: Geremia,fond. Savorg,467.0,,,geremia,Cannaregio,"(12.323220861911473, 45.444604936055704)"
,,,,commiss. negoz.,Tositti,"Gio.; Battista,",,,,s. M. Gloriosa dei Frari,campo s. Polo,2169.0,,,maria gloriosa dei frari,San Polo,"(12.33035905371361, 45.437707893886525)"
,,,,biad.,Tranni,"Giuseppe,",,,,s. Giacomo dall’Orio,in campo,1585.0,,,giacomo dall'orio,Santa Croce,"(12.32773334668143, 45.439857078720095)"
,,,,biad.,Trevisan,Antonio,,,,s. Marziale,fond.Ormesini,2839.0,,,marziale,Cannaregio,"(12.326980946077859, 45.44594153401837)"
217—,,,,,,,,,,,,,,,,,"(None, None)"
,,,,biad.,Trevisan,"Giacomo,",,,,s. Marco,calle dei specchieri,468.0,,,marco,San Marco,"(12.339115027769486, 45.43564598981371)"
,,,,biad.,Trevisanello,"Angelo,",,,,ss. Gio. e Paolo,salizz.,6359.0,,,giovanni e paolo,Castello,"(12.342696926212653, 45.43874534013695)"
,,,,negoz.,Turrini,"Onorio,",,,,"s, Silvestro",fond pasina,1112.0,,,silvestro,San Polo,"(12.33289264931901, 45.43687638603387)"
,,,,biad.,Valer,"Antonia,",,,,s. Marziale,fond. s. Girolamo,3044.0,,,marziale,Cannaregio,"(12.325262605197835, 45.44646611135505)"
,,,,biad.,Valier,"Girolamo,",,,,s. Canciano,in biri,5323.0,,,canciano,Cannaregio,"(12.340056974986224, 45.44124967216112)"
,,,,biad.,Valiera,"Angelo,",,,,s. Gio. in Brag.,riva degli Schiav.,4197.0,,,giovanni in bragora,Castello,"(12.342084326865864, 45.433895075414576)"
,,,,biad.,Valsecchi,Eredi,,,"rapp da Giardini Valsecchi Elena,",s. Felice,calle della Chiesa s. Sofia,4186.0,,,felice,Cannaregio,"(12.334754057175827, 45.44103659986205)"
,,,,biad.,Valsecchi,"Giovanni,",,,,ss. Apostoli,calle nuova,5289.0,,,apostoli,Cannaregio,"(12.339952715821765, 45.441751032868424)"
,,,,biad.,Vendramin,"Antonio,",,,,s. M. Gloriosa dei Frari,calle dei saoneri,2694.0,,,maria gloriosa dei frari,San Polo,"(12.328500676481413, 45.43682633338262)"
,,,,biad.,Venier,"Francesco,",,,,s. M. Formosa,in campo,5242.0,,,maria formosa,Castello,"(12.341239319619847, 45.43745395182285)"
,,,,biad.,Ventura,"Maria,",,,,s. Cassiano,calle dei botteri,1886.0,,,cassiano,Santa Croce,"(12.328771375982733, 45.43970002131848)"
,,,,biad.,Veronese,"Elisabetta,",,,,s. Pietro,in paludo,810.0,,,pietro,Castello,"(12.357903670706227, 45.43001587792389)"
,,,,biad.,Vian,"Andrea,",,,,"s, Gio. in Bragora",riva degli schiavoni,4154.0,,,giovanni in bragora,Castello,"(12.344543827896869, 45.43407780424014)"
,,,,biad.,Vian,Antonio,,,"di Pietro,",s. Zaccaria,ponte s. Provolo,4522.0,,,zaccaria,Castello,"(12.341635648232318, 45.43500657840388)"
,,,,biad,Vian,"Osvaldo,",,,,ss Apostoli,salizz. Sceriman,4871.0,,,apostoli,Cannaregio,"(12.338038725587896, 45.4423459143005)"
,,,,biad.,Vian,"Pietro,",,,,s. Gio. in Bragora,salizz. s. Antonin e s. Pietro Via nuova,1138.0,,,giovanni in bragora,Castello,"(12.355407688856927, 45.432375472795066)"
,,,,negoz.,Vianello,"Domenico,",,,,s. M. Formosa,casselleria,5306.0,,,maria formosa,Castello,"(12.339867137830884, 45.43610404061891)"
,,,,biad. e negoz.,Vianello,Giuseppe,,,"fu Giuseppe,",s. Zaccaria,camp. delVin,4624.0,,,zaccaria,Castello,"(12.342068273338729, 45.43497238192598)"
,,,,biad.,Vianello,"Gasparini; Rosa,",,,,"s, Marco",a s. Giuliano,527.0,,,marco,San Marco,"(12.338771059407412, 45.435977816667126)"
,,,,biad.,Vianello,Pietro,,,"fu Olivo,",s. Marco,calle larga,655.0,,,marco,San Marco,"(12.339366642528823, 45.43522957318415)"
,,,,biad.,Vio,Celeste,,,"detto Genova,",s. M. Gloriosa dei Frari,calle dell' olio,2429.0,,,maria gloriosa dei frari,San Polo,"(12.326254855714312, 45.438817097303236)"
,,,,biad.,Vio,Celeste,,,"detto Genova,",s. M. Gloriosa dei Frari,calle dell' olio,2430.0,,,maria gloriosa dei frari,San Polo,"(12.326265214303493, 45.438773332879954)"
,,,,biad.,Vio,Celeste,,,,s. Simeone Profeta ,fondamenta Gradenigo,772.0,,,simeon profeta,Santa Croce,"(12.324654942995503, 45.43971835075577)"
,,,,biad.,Vio,Federico,,,"detto Genova,",s. M. del Carmine,calle della Chiesa,3665.0,,,maria dei carmini,Dorsoduro,"(12.323902410209636, 45.43507513846655)"
,,,,biad.,Vio,Francesco,,,"detto Genova,",s: Eufemia,alla Giudecca,517.0,,,eufemia,Dorsoduro,"(12.33069015027164, 45.42992787960628)"
,,,,commiss.,Vio,Pietro,,,"fu Nicol,",s. M. Gloriosa dei Frari,campo s.Polo,2145.0,,,maria gloriosa dei frari,San Polo,"(12.32859225680648, 45.43797327340767)"
,,,,commiss.,Zago,"Angelo,",,,,s. Marco,procuratie vecchie,179.0,,,marco,San Marco,"(None, None)"
,,,,biad.,Zamparo,"Domenico,",,,,ss. Apostoli,,4625.0,,,apostoli,Cannaregio,"(12.3374960427109, 45.44114288974358)"
,,,,biad.,Zanardi,"Francesco,",,,,s. Francesco,campo s. Giustina,2841.0,,,francesco,Castello,"(12.346318058993628, 45.43793534515222)"
,,,,biad.,Zancani,"Gio.; Giacomo,",,,,s. M. del Giglio,calle lunga s. Moisé,2072.0,,,maria del giglio,San Marco,"(12.335251804019162, 45.43312019996466)"
,,,,biad.,Zane,"Luigia,",,,,Angelo Raff.,corte maggior,2324.0,,,angelo raffaele,NO MATCH,"(None, None)"
,,,,biad.,Zanga,"Gio. Battista,",,,,ss. Ermag. e Fortunato,campo s. Fosea,2213.0,,,ermargora e fortunato,NO MATCH,"(None, None)"
218,,,,,,,,,,,,,,,,,"(None, None)"
,,,,biad.,Zanotto,"Gio.Battista,",,,,s. Marziale,,2408.0,,,marziale,Cannaregio,"(12.332459879275843, 45.44323258331987)"
,,,,commiss.,Zängerle,"Alberto,",,,,s. Canciano,,5816.0,,,canciano,Cannaregio,"(12.337518353760172, 45.43861239320832)"
,,,,biad.,Ziliotto,"Sebastiano,",,,,s. Gio. in Bragora,calle crosera,3964.0,,,giovanni in bragora,Castello,"(12.347634190315397, 45.434296986522604)"
,,,,negoz.,Zinelli,"Mare’; Antonio,",,,,s. Silvestro,corte Barzizza,1172.0,,,silvestro,San Polo,"(12.332633762844297, 45.437068004793424)"
,,,,"biad,",Zuliani,"Giovanni,",,,,s. Maria del Carmine,campo s. Barnaba,2852.0,,,maria dei carmini,Dorsoduro,"(12.32479710832216, 45.432912185822865)"
,,,,biad.,Zuliani,"Gio.; Battista,",,,,s. Pantal.,campo Venier Balbi,3907.0,,,pantalon,Dorsoduro,"(12.326878582204255, 45.435295648688744)"
,,,,biad.,Zuliani,"Giuseppe,",,,,s. Martino,fond dell’Arsenal,2422.0,,,martino,Castello,"(12.34920365784378, 45.434825756799604)"
,,,,biad.,Zuppati,"Carlo,",,,,ss. Ermag. e Fort.,ealle dell’aseo,1909.0,,,ermargora e fortunato,NO MATCH,"(None, None)"
,,,GUANTI(fabbricatori e venditori di),,,,,,,,,,,,,,"(None, None)"
,,,,,Avoscan,"Antonio,",,,,s. Marco,merceria dell’ orelogio,258.0,,,marco,San Marco,"(None, None)"
,,,,,Barera,"Cesare,",,,,s. Salvatore,merceria,4850.0,,,salvador,San Marco,"(12.336970276602095, 45.43663475672456)"
,,,,,Brotto,"Giuseppe,",,,,s. Salvatore,merceria,4860.0,,,salvador,San Marco,"(12.337022480032314, 45.436471297327685)"
,,,,,Comirato,"Antonio,",,,,s. Marco,merceria dell’ orologio,215.0,,,marco,San Marco,"(12.338602860973655, 45.43512911838509)"
,,,,,Finzi,"Florio,",,,,s. Marco,merceria dall’ orologio,297.0,,,marco,San Marco,"(None, None)"
,,,,,Fulich,"Giovanni,",,,,s. Marco,merceria dell’ orologio,261.0,,,marco,San Marco,"(12.338546272109404, 45.43528417246097)"
,,,,,Mazzoleni,"Pietro,",,,,s. Marco,merceria s. Giuliano,741.0,,,marco,San Marco,"(12.338369915543991, 45.4356298095606)"
,,,,,Milani; Giacomuzzi," Elena,",,,,s. Marco,mherceria s. Giuliano,230.0,,,marco,San Marco,"(12.338333099033186, 45.43550535769554)"
,,,,,Pesamosca,"Paolina,",,,,s. Luca,calle dei fuseri,4372.0,,,luca,San Marco,"(12.335302721718142, 45.4350334976799)"
,,,,,Pesamosca,Pietro,,,"rapp. da Giovanni,",s. Salvatore,mercer.,4831.0,,,salvador,San Marco,"(12.336434292424943, 45.436930750376064)"
,,,,,Rinaldi,"Felice,",,,,s. Marco,merceria dell’ orologio,295.0,,,marco,San Marco,"(12.338876249418732, 45.43497384646758)"
,,,,,Scattaglia,"Gio.; Francesco,",,,,s. Salvatore,merceria,4846.0,,,salvador,San Marco,"(None, None)"
,,,,,Sabo,"Pietro,",,,,s. M. Formosa,salizzada s. Lio,5473.0,,,maria formosa,Castello,"(12.33914980815213, 45.43726158126568)"
,,,,,Sardi,Regina,,,,s. Marco,merceria dell’ ordlogio,194.0,,,marco,San Marco,"(12.338691919271819, 45.4350007695783)"
,,INTAGLIATORI ED INCISORI.,,,,,,,,,,,,,,,"(None, None)"
,,,,incisore.,Boghen,"Guglielmo,",,,,s. Marco,sotto le procur. vecc.,112.0,,,marco,San Marco,"(12.337767770605335, 45.43426232384869)"
,,,,intagliatore.,Bertolini,"Filippo,",,,,s. Silvestro,calle Tiepolo,953.0,,,silvestro,San Polo,"(12.333034645420696, 45.43859092960777)"
,,,,intag.,Borea,"Giovanni,",,,,s. Canciano,calle Dolfin,5669.0,,,canciano,Cannaregio,"(12.33676322241675, 45.43969929794808)"
,,,,intag.,D’ Orazi,"Francesco,",,,,s. Marco,calle larga,410.0,,,marco,San Marco,"(12.339932024473688, 45.43535122699363)"
,,,,intag.,Garbato,"Pietro,",,,,s. M. del Giglio,ponte in fianco della chiesa,2498.0,,,maria del giglio,San Marco,"(12.332662440200318, 45.432492491424306)"
,,,,integ.,Moretti,"Giorgio,",,,,s. M. Formosa,campo s. Lio,5657.0,,,maria formosa,Castello,"(12.338344380050989, 45.437806780939475)"
219,,,,,,,,,,,,,,,,,"(None, None)"
,,,,intag.,Stivanello,"Antonio,",,,,s. Zaccaria,campo s. Provolo,4700.0,,,zaccaria,Castello,"(12.342566009586758, 45.43500108824384)"
,,,,incisore.,Stecher,"Caliman,",,,,s. Marco,campo s. Moisé,1465.0,,,marco,San Marco,"(None, None)"
,,,,intag.,Zanchi,"Federico,",,,,s. Marco,calle fiubera,940.0,,,marco,San Marco,"(12.337461110413347, 45.43500970713239)"
,,ISTRUMENTI MATEMATICI E FISICI,,(fabbricatori di),,,,,,,,,,,,,"(None, None)"
,,,,,Donaggio,,frat.e Comp,,,s. Salvatore,sottoportico dell’ acque,5000.0,,,salvador,San Marco,"(None, None)"
,,,,,Tellarolli,Bertuccio,,,,s. Pietro,via nuova,1664.0,,,pietro,Castello,"(12.351121586282586, 45.43212270123453)"
,,ISTRUMENTI MUSICALI,,(fabbricatori e venditori di),,,,,,,,,,,,,"(None, None)"
,,,,"dep. pianoforti,",Apperle,Edoardo; Carlo,,,,s. Zaccaria,ponte Cavagnis.,,,,zaccaria,Castello,"(None, None)"
,,,,fabb. organi,Bazzani,Giacomo,"figlio,",,"rapp. da Giacomo, Alessandro e Pietro Bazzani,",ss. Apostoli,salizz. Sceriman,4875.0,,,apostoli,Cannaregio,"(12.338156830257917, 45.442545121184565)"
,,,,"dep. pianoforti,",Camploy,"Giuseppe,",,,,s. Luca,campo s. Paternian,4023.0,,,luca,San Marco,"(12.334142593425717, 45.435462490515405)"
,,,,,Dal Secco,"Angelo,",,,,s. Marco,ponte dei ferali,791.0,,,marco,San Marco,"(12.338098251369718, 45.43539182636747)"
,,,,,De Azzi,"Antonio,",,,,s. Stefano,campo s. Angelo,3593.0,,,stefano,San Marco,"(None, None)"
,,,,"premiata fabbrica di corde armoniche,",Indri,"Antonio,",,,,s. Salvatore,in merceria,4918.0,,,salvador,San Marco,"(12.337164478881457, 45.43640140195688)"
,,,,"dep. pianoforti,",Malipiero,"Francesco,",,,,ss. s..Apostoli,calle del traghetto,5630.0,,,apostoli,Cannaregio,"(12.33594081423557, 45.4399431486762)"
,,,,"deposito’ pianoforti,",Manin,"Arpalice,",,,ved. Fanna,s. Maria del Giglio,corte Michiel,2409.0,,,maria del giglio,San Marco,"(12.333552309895648, 45.43300121376356)"
,,,,noleggiat. cd accord.,Mariacher,"Giuseppe,",,,,s. M. del Giglio,calle della Verona,1901.0,,,maria del giglio,San Marco,"(12.333692147747655, 45.434184498453504)"
,,,,"restauratore ed accordatore pianoforti,",Mariacher,"Michiele,",,,,s. Luca,calle Redivo detta delle locande,4523.0,,,luca,San Marco,"(12.336099123235755, 45.43560534878779)"
,,LANA GREGGIA,,( Negozianti di ),,,,,,,,,,,,,"(None, None)"
,,,,,Cini Francesco,Ereda; Tarma,,,,s. Giacomo dall’ Orio,corte Giovanelli,1681.0,,,giacomo dall'orio,Santa Croce,"(12.327617869407394, 45.442008488069106)"
220,,,,,,,,,,,,,,,,,"(None, None)"
,,,,,Corona,"Giorgio,",,,,s. Cassiano,fond. dell’ agnello,2306.0,,,cassiano,Santa Croce,"(12.330445119058913, 45.438771687780566)"
,,,,,Lucresi,"Pietro,",,,,s. Cassiano,calle dei botteri,1543.0,,,cassiano,Santa Croce,"(None, None)"
,,,,,Mussani,"Antonio,",,,,s. Cassiano,calle dei botteri,1559.0,,,cassiano,Santa Croce,"(12.327816753120915, 45.43924774219197)"
,,,,,Mussani,"Pietro,",,,,s. Cassiano,calle dei botteri,1565.0,,,cassiano,Santa Croce,"(12.327981800039723, 45.439421925778106)"
,,"LATTA, STAGNO, ED OTTONE E RELATIVI, MANUFATTI",,"(fabbric. e vendit. di),",,,,,,,,,,,,,"(None, None)"
,,,,,Bacchi,"Emilio,",,,,s. Silvestro,ruga vecchia,77.0,,,silvestro,San Polo,"(12.335521412009236, 45.438424392517035)"
,,,,,Bottassini,"Giuseppe,",,,,s. M. Formosa,casselleria,5385.0,,,maria formosa,Castello,"(12.339910055289087, 45.43673183217487)"
,,,,,Cassetti,"Maddalena,",,,,s. Salvatore,calle dei stagneri,5246.0,,,salvador,San Marco,"(12.33711015842769, 45.4372468774373)"
,,,,,Cattaneo,"Andrea,",,,,s. Salvatore,calle della Bissa,5435.0,,,salvador,San Marco,"(12.337045852851796, 45.43763986856265)"
,,,,,Cincotto,"Michele,",,,,s. Salvatore,calle stretta s. Bartolomeo,5389.0,,,salvador,San Marco,"(None, None)"
,,,,,Decluch,"Osvaldo,",,,,s. Zaccaria,calle delle rasse,4553.0,,,zaccaria,Castello,"(12.341809624069658, 45.43407969621026)"
,,,,,Diluccio,"Lodovico,",,,,s. Zaccaria,rugagiuffa,4863.0,,,zaccaria,Castello,"(12.341947680666992, 45.43670210993112)"
,,,,,Ferrari,"Gaetano,",,,,s. Canciano,salizz. s. Gio. Grisostomo,5775.0,,,canciano,Cannaregio,"(12.336837057601306, 45.43880201897941)"
,,,,,Ferruzzi,"Aniceto,",,,,s. Salvatore,calle dei stagneri,5252.0,,,salvador,San Marco,"(12.336953873953506, 45.43729297814617)"
,,,,,Feruzzi,"Pietro,",,,,s. Marco,calle del ponte dell’ Angelo,402.0,,,marco,San Marco,"(None, None)"
,,,,,Ferruzzi,"Pietro; Stefano,",,,,s. Salvatore,calle dei stagneri,5229.0,,,salvador,San Marco,"(12.337024528999553, 45.437050041523584)"
,,,,,Fortunati,"Antonio,",,,,"s, Silvestro",campo s. Aponal,1237.0,,,silvestro,San Polo,"(12.33185772431965, 45.4374764071264)"
,,,,,Fusello,"Carlo,",,,,s. Gio. in Bragora,ponte della Ca di Dio,4098.0,,,giovanni in bragora,Castello,"(12.347877990968959, 45.4336582699761)"
,,,,,Fusello,"Luigi,",,,,s. M. del Giglio,calle lunga s. Moisé,2289.0,,,maria del giglio,San Marco,"(None, None)"
,,,,,Fusello,"Teresa,",,,,s. M. del Giglio,calle lunga s. Moisé,2101.0,,,maria del giglio,San Marco,"(12.335130284844093, 45.43297048856661)"
,,,,,Grisonovich,"Nicold,",,,,s. Canciano,calle Dolfin,5680.0,,,canciano,Cannaregio,"(None, None)"
,,,,,Milonopulo,"Spiridione,",,,,s. Pietro,via nuova,1696.0,,,pietro,Castello,"(12.35138781408441, 45.432154159824215)"
,,,,,Montan,Domenico,,,"rapp. da Barzaghi Antonio,",s. Zaccaria,calle delle .rasse,4609.0,,,zaccaria,Castello,"(12.341819801701659, 45.434633327372985)"
,,,,,Montan,Domenico,,,"rapp. da Barzaghi Antonio,",s. Zaccaria,calle delle .rasse,4610.0,,,zaccaria,Castello,"(12.341821702538287, 45.434676434278856)"
,,,,,Mordo,"Sabato,",,,,s. Salvatore,merceria,5037.0,,,salvador,San Marco,"(12.336531336734245, 45.43715509394151)"
,,,,,Pellizzato,"Giuseppe,",,,,s. M. Formosa,calle lunga,6250.0,,,maria formosa,Castello,"(12.342074223887149, 45.43780974031434)"
,,,,,Ravaglio,"Gio.; Battista,",,,,s. Cassiano,sott. del cappeller,1579.0,,,cassiano,Santa Croce,"(12.327799443267297, 45.43955923634444)"
,,,,,Romanelli,"Aronne,",,,,s. Geremia,ghetto vecchio,1217.0,,,geremia,Cannaregio,"(12.32611315580235, 45.44513137186079)"
,,,,,Sanson,Nicold.,,,,s. Marco,calle dei specchieri,467.0,,,marco,San Marco,"(12.339133505821623, 45.435632542633435)"
,,,,,Stefani,"Paolo,",,,,s. Marco,calle larga,368.0,,,marco,San Marco,"(12.339486758717927, 45.435210811311876)"
,,,,,Storch,"Federico,",,,,s. M. Formosa,salizzada s. Lio,5543.0,,,maria formosa,Castello,"(12.338887605800549, 45.437348222674274)"
,,,,,Turriani,"Ferdido,",,,,ss. Ermag. e Fortunato,riolerre della Maddalena,2085.0,,,ermargora e fortunato,NO MATCH,"(None, None)"
,,,,,Vecchiato,"Giovanni,",,,,s. Marco,calle dei specchieri,424.0,,,marco,San Marco,"(12.339359017824712, 45.43537336493976)"
,,,,,Vecchiato,"Tommaso,",,,,"s. Felice,",calle del forno,3886.0,,,felice,Cannaregio,"(None, None)"
221,,,,,,,,,,,,,,,,,"(None, None)"
,,,,,Vettori,"Eugenio,",,,,s. Canciano,ponte dell’ olio,5787.0,,,canciano,Cannaregio,"(12.33705658103368, 45.43852194619946)"
,,,,,Zorzi,"Luigi,",,,,s. M. Formosa,calle delle bande,5275.0,,,maria formosa,Castello,"(12.339947629569947, 45.43664517987663)"
,,,,,Zuecca,"Giovanni,",,,,s. Francesco,calle fontico,2917.0,,,francesco,Castello,"(12.346612423402057, 45.43740354965525)"
,,LATTIVENDOLI.,,,,,,,,,,,,,,,"(None, None)"
,,,,,Andreotta,"Giacinto,",,,,s. Luca,calle del spezier,3633.0,,,luca,San Marco,"(12.332536536332752, 45.4346540603182)"
,,,,,Andreotta,"Orsola,",,,,s. Salvatore,calle della bissa,5413.0,,,salvador,San Marco,"(12.337225152423269, 45.43780473775179)"
,,,,,Ardit,"Antonio,",,,,s. Cassiano,calle del tintor,1807.0,,,cassiano,Santa Croce,"(12.32898993724039, 45.440774505259085)"
,,,,con mandre.,Ardit,"Gio.; Battista,",,,,s. Nicola da Tolentino,fond. della Croce,89.0,,,nicola da tolentino,Santa Croce,"(12.323791010851103, 45.43699305000524)"
,,,,,Ballarin,"Giovanni,",,,,s. Silvestro,ruga degli orefici,85.0,,,silvestro,San Polo,"(12.334832076635909, 45.43882620013057)"
,,,,,Barato,"Eustachio,",,,,ss..Ermagora e Fortunato,camp. dell’ anconetta,1979.0,,,ermargora e fortunato,NO MATCH,"(None, None)"
,,,,,Bastianon,"Margherita,",,,,s. Canciano,salizz. ,5939.0,,,canciano,Cannaregio,"(None, None)"
,,,,,Bassanello,"Cecilia,",,,,"s, Pietro",fond. s. Anna,1134.0,,,pietro,Castello,"(12.355608559689125, 45.43244397075207)"
,,,,,Beccari,Elena,,,"ved. Claut,-s.",Luca,calle del pistor,4580.0,,,luca,San Marco,"(12.335449534664068, 45.43605430847007)"
,,,,con mandre.,Benvenuti,"Rovella; Carlotta,",,,,s. Nicola da Tolentino,al traghetto,3788.0,,,nicola da tolentino,Santa Croce,"(None, None)"
,,,,,Bertapelle,"Giuseppe,",,,,ss. Gervasio e Prot.,fond. Toffetti,1081.0,,,gervasio e protasio,Cannaregio,"(12.323826544933302, 45.444715879584905)"
,,,,,Bertapelle,"Giuseppe,",,,,s M. del Carmine,calle dell’ olio,2139.0,,,maria dei carmini,Dorsoduro,"(None, None)"
,,,,con mandre.,Bortuzzo,"Pietro,",,,,s. M. del Carmine,calle dell’ orsoline,1978.0,,,maria dei carmini,Dorsoduro,"(None, None)"
,,,,,Branchini,"Augelo,",,,,s. Francesco,campo della Celestia,2727.0,,,francesco,Castello,"(12.349318545154192, 45.437625277077046)"
,,,,,Brussa,"Giuseppe,",,,,s. Zaccaria,calle Zorzi,4928.0,,,zaccaria,Castello,"(12.342707082310225, 45.436100715391284)"
,,,,,Bugamonte,"Felice,",,,,s. Pantaleone,calle larga Bari,1162.0,,,pantalon,Dorsoduro,"(12.324753678860004, 45.43183101445329)"
,,,,,Bugno,"Luigi,",,,,s. Felice,calle delle ca doro,3991.0,,,felice,Cannaregio,"(12.334659586015189, 45.4410849238372)"
,,,,,Bugno,"Vincenzo,",,,,s. Silvestro,ruga del ravano,1061.0,,,silvestro,San Polo,"(12.332797966590507, 45.437899875731276)"
,,,,,Bullo,"Giuseppe,",,,,s. Geremia,calle della Misertcordia,367.0,,,geremia,Cannaregio,"(12.322896566987994, 45.44231200699635)"
,,,,con mandre.,Busetto,Sante,,,"d. Fisola,",s. Nicola da Tolent.,fond. delGaffaro,3539.0,,,nicola da tolentino,Santa Croce,"(None, None)"
,,,,,Busetto,Sante,,,"d. Mello,",s. Canciano,ponte s. Gio. Grisost.,5689.0,,,canciano,Cannaregio,"(12.33702357078849, 45.43952195570779)"
,,,,con mandre,Cadorin,"Fornes; Santa,",,,,s. Maria del Carmine,calle lunga,2636.0,,,maria dei carmini,Dorsoduro,"(12.322249923950663, 45.431987673614024)"
,,,,con mandre.,Caenazzo,"Schiibeler; Teresa,",,,,s. Nicola da Tolent.,fond. del squero,3077.0,,,nicola da tolentino,Santa Croce,"(None, None)"
,,,,,Candido,"Osvaldo,",,,,s. Geremia,calle del spezier,199.0,,,geremia,Cannaregio,"(12.32425519144875, 45.442173314738675)"
,,,,,Carlesso,"Gio.; Battista,",,,,s. Zaccaria,calle della sacrestia,4431.0,,,zaccaria,Castello,"(12.34128698874565, 45.435775839351045)"
222,,,,,,,,,,,,,,,,,"(None, None)"
,,,,,Carlon,"Matteo,",,,,s. M. Formosa,salizz. s. Lio,5705.0,,,maria formosa,Castello,"(12.339161068876916, 45.437317550254484)"
,,,,,Cervellin,"Giovanni,",,,,s. Francesco,salizz. delle gatte,3191.0,,,francesco,Castello,"(12.347552943273605, 45.43668524723737)"
,,,,,Chiereghin,"Vincenzo,",,,,s. Pietro,calle Carrara,558.0,,,pietro,Castello,"(None, None)"
,,,,,Chiribirj,"Antonio,",,,,s. M. Formosa,salizz. s. Lio,5767.0,,,maria formosa,Castello,"(12.339541032604485, 45.43709536439518)"
,,,,,Ciampi,"Giovanni,",,,,s. M. del Carmine,calle delle botteghe s. Barnaba,3186.0,,,maria dei carmini,Dorsoduro,"(12.325188363589717, 45.433660368666494)"
,,,,,Colferai,"Giovanni,",,,,s. Marziale,fond. della Misericordia,2578.0,,,marziale,Cannaregio,"(12.331483077936683, 45.44477416386662)"
,,,,,Cremese,"Francesco,",,,,s. M. del Rosario,calle della Chiesa,673.0,,,madonna del rosario,Dorsoduro,"(None, None)"
,,,,con mandre.,Cucito,"Giuseppe,",,,,s. Pantaleone,Corte Marcona,3878.0,,,pantalon,Dorsoduro,"(12.32640301081139, 45.4350595815056)"
,,,,con mandre.,Dalla Bella; Bacinello," Irene,",,,,s. Nicola da Tolentino,arzere,2273.0,,,nicola da tolentino,Santa Croce,"(12.330568547574323, 45.43941128291675)"
,,,,,Dalla Zana,"Angelo,",,,,s. Canciano,sottop. del cappeller,1595.0,,,canciano,Cannaregio,"(12.32725821558376, 45.44370745552661)"
,,,,,Dalla Zana,"Pietro,",,,,s. Salvatore,caile del lovo,4820.0,,,salvador,San Marco,"(12.33593481408006, 45.43666275490332)"
,,,,,Dal Moro,"Giuseppe,",,,,s. M. Gloriosa dei Frari,calle Bernardo s.Polo,2189.0,,,maria gloriosa dei frari,San Polo,"(12.329855677308434, 45.43834887242435)"
,,,,,Dal Negro,"Andrea,",,,,s. Cassiano,calle della Chiesa,2098.0,,,cassiano,Santa Croce,"(12.330612321137687, 45.44010764262543)"
,,,,,Dea,"Antonio,",,,,s. Pietro,Via nuova,1477.0,,,pietro,Castello,"(12.353500510166977, 45.43215037713503)"
,,,,,De Bei,"Francesco,",,,,s. M. Formosa,salizz. s. Lio,5577.0,,,maria formosa,Castello,"(12.338310559048157, 45.43749496246651)"
,,,,,De Martin,"Giuseppe,",,,,s. Marco,calle del ponte dell’Angelo,406.0,,,marco,San Marco,"(12.340044303947565, 45.43544829871368)"
,,,,,De Nardi,"Pasquali; Elisabetta,",,,,s. Silvestro,calle della sicurta,110.0,,,silvestro,San Polo,"(12.334798084664161, 45.43910434968863)"
,,,,,De Paoli,"Antonio,",,,,s. Canciano,salizz. s. Gio. Grisostomo.,5795.0,,,canciano,Cannaregio,"(None, None)"
,,,,,De Set,"Forner; Vittoria,",,,,s. Pietro,via nuova,1779.0,,,pietro,Castello,"(12.352936936025712, 45.432337442099794)"
,,,,con mandre.,Facchina,"Francesco,",,,,s. Maria Formosa,calle del pestrin,6141.0,,,maria formosa,Castello,"(12.34114347135745, 45.437992196700634)"
,,,,,Facco,"Angelo,",,,,s. Luca,calle dei fuseri,4357.0,,,luca,San Marco,"(12.335269322948504, 45.43495146682449)"
,,,,,Favero,"Bartolammeo,",,,,s. Marco,calle del teatro s. Moisé,1945.0,,,marco,San Marco,"(12.33332104545717, 45.43373203528712)"
,,,,,Favero,"Girolamo,",,,,s. Zaccaria,campo ss. Filippo'e Giac.,4294.0,,,zaccaria,Castello,"(12.341024555185887, 45.435054865903986)"
,,,,,Favero,"Pietro,",,,,s. Canciano,calle Dolfin,5675.0,,,canciano,Cannaregio,"(12.336990649872286, 45.439711629241415)"
,,,,,Favretto,"Vincenzo,",,,,s. Zaccaria,calle delle rasse,4582.0,,,zaccaria,Castello,"(12.341828643263089, 45.43434580936058)"
,,,,,Finotto,Giosué,,,"di Ant.,",ss. Gio. e Paolo,campo s. Giustina,6505.0,,,giovanni e paolo,Castello,"(12.345276715850492, 45.438288478253895)"
,,,,,Fiorese,"Nicold,",,,,s. Pantaleone,fond. Minotto,161.0,,,pantalon,Dorsoduro,"(12.333158933762997, 45.430591299738815)"
,,,,,Fiorese,"Rosa,",,,,"s, Eufemia",ponte piccolo,459.0,,,eufemia,Dorsoduro,"(12.331408884594358, 45.429370413624376)"
,,,,,Franciosi,"Antonio,",,,,s. Marco,calle larga,378.0,,,marco,San Marco,"(12.33999584940609, 45.43531902587266)"
,,,,,Frollo,Luigi,,,"fu Giuseppe,",s. Nicola da Tolentino,fondamenta della Croce,50.0,,,nicola da tolentino,Santa Croce,"(12.322763839393645, 45.43657329319199)"
,,,,,Galviani,"Lorenzo,",,,,s. Marziale,fond. s. Girolamo,3014.0,,,marziale,Cannaregio,"(12.323574155978383, 45.44678888676674)"
,,,,,Ghezzo,"Chiereghin; Carolina,",,,,s. Pietro,fond. s. Gioachino,519.0,,,pietro,Castello,"(12.356754516664358, 45.432406212415465)"
,,,,,Giacompol,"Pietro,",,,,ss. Ermagora e Fort.,rio terra due ponti,1649.0,,,ermargora e fortunato,NO MATCH,"(None, None)"
,,,,,Giovi,"Maria,",,,,ss. Ermagora e Fort.,calle del calderer,2236.0,,,ermargora e fortunato,NO MATCH,"(None, None)"
,,,,,Goattin,"Ferro; Angela,",,,,s. Pietro,via nuova,1830.0,,,pietro,Castello,"(12.355698475458661, 45.43259305944263)"
223,,,,,,,,,,,,,,,,,"(None, None)"
,,,,,Golin,"Giacomo,",,,,s. Geremia,lista di Spagna,232.0,,,geremia,Cannaregio,"(12.32443815995956, 45.44280908687168)"
,,,,,Lanza,"Giovanni,",,,,s. Marco,in frezzeria,1503.0,,,marco,San Marco,"(12.336481376383675, 45.43363913610388)"
,,,,,Lanza,"Luigi,",,,,s. M. del Giglio,calle lunga s. Moisé,2290.0,,,maria del giglio,San Marco,"(None, None)"
,,,,,Lucchini,"Giuseppe,",,,,s. M. del Carmine,corte Fermo.,,,,maria dei carmini,Dorsoduro,"(None, None)"
,,,,,Manzutti,"Giacomo,",,,,s. Geremia,fond. Savorg,539.0,,,geremia,Cannaregio,"(None, None)"
,,,,,Montin,"Marco,",,,,s. M. del Carmine,corte del forno,1617.0,,,maria dei carmini,Dorsoduro,"(12.321166867747863, 45.432335144258246)"
,,,,,Negro,"Angelo,",,,,s. M. Formosa,"campo, s. Marina",5902.0,,,maria formosa,Castello,"(12.339467240379808, 45.43829377012523)"
,,,,,Ongaro,"Domenico,",,,,s. Geremia,calle della Misericordia,387.0,,,geremia,Cannaregio,"(12.321901336343302, 45.44305934281445)"
,,,,,Padella,"Maria,",,,,s. M. del Carmine,calle del spezier,3737.0,,,maria dei carmini,Dorsoduro,"(12.324987070262154, 45.43553377032097)"
,,,,,Paolin,"Pietro,",,,,s. Geremia,ruga due pozzi,460.0,,,geremia,Cannaregio,"(12.323722824524214, 45.44441757412339)"
,,,,,Paolini,"Antonio,",,,,ss. Apostoli,calle dell’oca,4367.0,,,apostoli,Cannaregio,"(12.335937119413035, 45.4408087217189)"
,,,,,Paveggio,"Angelo,",,,,s. Pantaleone,salizz.,26.0,,,pantalon,Dorsoduro,"(None, None)"
,,,,,Pellegrin,"Giuseppe,",,,,s. Eufemia,fond.,206.0,,,eufemia,Dorsoduro,"(12.332705293486535, 45.43030821475882)"
,,,,,Petrin,"Girolamo,",,,,s. M. Formosa,calle lunga,6135.0,,,maria formosa,Castello,"(12.341365504691556, 45.43754609927926)"
,,,,,Piovesan,"Angelo,",,,,s. Silvestro,ruga vecchia,785.0,,,silvestro,San Polo,"(12.333760608878546, 45.43831580897879)"
,,,,,Possagno,"Giovanni,",,,,s. Marco,frezzeria,1694.0,,,marco,San Marco,"(None, None)"
,,,,,Prevedello,"Andrea,",,,,s. Stefano,campo della chiesa,3471.0,,,stefano,San Marco,"(12.33085562266251, 45.43399443763447)"
,,,,,Pugnalin,"Domenico,",,,,s. Pantaleone,calle Zambelli,740.0,,,pantalon,Dorsoduro,"(12.329321687640133, 45.43009909656731)"
,,,,,Raimondo,"Pietro,",,,,ss. Gervasio e Prot.,calle toletta,1224.0,,,gervasio e protasio,Cannaregio,"(12.325926168580018, 45.444979595318394)"
,,,,,Recco,"Sebastiano,",,,,s. M. Gloriosa dei Frari,calle dell’olio,2407.0,,,maria gloriosa dei frari,San Polo,"(12.326420300284108, 45.438232921839266)"
,,,,,Rossi; Palman," Elisabetta,",,,,s. Pietro,via nuova,1312.0,,,pietro,Castello,"(12.354184484221877, 45.43233871566836)"
,,,,,Scorla,"Domenico,",,,,s. Marziale,calle delle muneghe,3283.0,,,marziale,Cannaregio,"(12.329274844244264, 45.446839403759036)"
,,,,,Serena,"Maria,",,,,s. Gio. in Bragora,salizz s. Antonin,3490.0,,,giovanni in bragora,Castello,"(12.346828215920853, 45.43506706871083)"
,,,,,Siera,"Giuseppe,",,,,s. Marziale,fendamenta,2799.0,,,marziale,Cannaregio,"(12.328093573455082, 45.44565912244955)"
,,,,,Soffietti,"Carlesso; Clotilde,",,,,s. Marco,calle larga,283.0,,,marco,San Marco,"(12.339002292192992, 45.43509851719956)"
,,,,,Tommasini,Luigi,,,"fu Pietro,",s. Maria Glor. dei Frari,campo,3028.0,,,maria gloriosa dei frari,San Polo,"(12.326346663003967, 45.43642756797815)"
,,,,,Tonin,"Angelo,",,,,ss. Apostoli,calle del spezier,4789.0,,,apostoli,Cannaregio,"(12.337726280836717, 45.441837608443244)"
,,,,,Tosini,"Antonio,",,,,s. Pantaleone,fondamenta Bernardo,280.0,,,pantalon,Dorsoduro,"(12.33212876222209, 45.42898881838172)"
,,,,,Torresan,"Maria,",,,,s. Gio. in Bragora,calle del Pestrin,3879.0,,,giovanni in bragora,Castello,"(12.348139540384242, 45.43495271927727)"
,,,,,Valiera,"Giovanni,",,,,s. Luca,salizzada s. Paternian,4029.0,,,luca,San Marco,"(12.334429130648404, 45.435608813609626)"
,,,,,Vardanega,"Antonio,",,,,s. M. Gloriosa dei Frari,calle dei saoneri,2726.0,,,maria gloriosa dei frari,San Polo,"(None, None)"
,,,,,Vardanega,"Giovanni,",,,,s. M. del Carmine,calle della scuola,2899.0,,,maria dei carmini,Dorsoduro,"(12.322559601279206, 45.4336223788645)"
,,,,,Vio,"Domenico,",,,detto Condizion,s. Salvatore,ponte jdi Rialto,5168.0,,,salvador,San Marco,"(12.336433462166468, 45.43769034900365)"
,,,,,Vio,"Giovanni; Angelo,",,,detto Condizion,s. Silvestro,panateria,355.0,,,silvestro,San Polo,"(None, None)"
,,,,,Visinada,"Maria,",,,,s. Salvatore,calle stretta s. Bartolomeo,5388.0,,,salvador,San Marco,"(None, None)"
,,,,,Zago,Angela,,,"vedova Recco,",,calle specchieri,478.0,,,,,"(None, None)"
,,,,,Zago,"Angela,",,,,s. Pietro,via nuova,1740.0,,,pietro,Castello,"(12.352028565342668, 45.43225302656258)"
,,,,,Zago dalla Zana,"Maria,",,,,s Marco,calle dei fabbri,915.0,,,marco,San Marco,"(12.337177354858415, 45.43491272147856)"
,,,,,Zago,"Domenico,",,,,s. Gio. in Bragora,salizzada s. Antonin,3468.0,,,giovanni in bragora,Castello,"(12.345817782536283, 45.43559322652665)"
224,,,,,,,,,,,,,,,,,"(None, None)"
,,,,,Zago,"Catterina,",,,,s. Giacomo dall’ Orio,calle del megio,1773.0,,,giacomo dall'orio,Santa Croce,"(12.328683058577754, 45.44086182623513)"
,,,,,Zago,"Giuseppe,",,,,s. Francesco,salizzada,3154.0,,,francesco,Castello,"(12.347305157985957, 45.4372282072349)"
,,,,,Zago,Giuseppe,,,"rapp. da Catterina Zago Zanin,",s. Stefano,calle delle botteghe,2968.0,,,stefano,San Marco,"(12.330343471445705, 45.43386517002577)"
,,,,,Zemolin,"Giuseppe,",,,,s. Pietro,ruga stretta,120.0,,,pietro,Castello,"(12.356819347840181, 45.43417763393549)"
,,LEGATORI DI LIBRI.,,,,,,,,,,,,,,,"(None, None)"
,,,,,Baeni,"Antonio,",,,,s. M. del Giglio,calle lunga s. Moisé,2365.0,,,maria del giglio,San Marco,"(12.33379493771942, 45.43272761206168)"
,,,,,Brotto,"Marco,",,,,s. Marco,calle dei specchieri,469.0,,,marco,San Marco,"(12.339089807693371, 45.435664343420875)"
,,,,,Caldura,"Lorenzo,",,,,ss. Gio. e Paolo,fond. s. Gio. Laterano,6384.0,,,giovanni e paolo,Castello,"(12.34274050506465, 45.43828587887433)"
,,,,,Castagnari,"Pier; Antonio,",,,,s. Salvatore,sottop. dell’ acque,4936.0,,,salvador,San Marco,"(12.337752071205747, 45.43637643821985)"
,,,,,Dal Pedro,"Gio.; Antonio,",,,,s. M. Gloriosa dei Frari,fond.,2561.0,,,maria gloriosa dei frari,San Polo,"(12.327184586253379, 45.437410943349676)"
,,,,,Dorigo,"Leonardo,",,,,s. M. Glor. dei Frari,fond. ponte s. Toma,2805.0,,,maria gloriosa dei frari,San Polo,"(12.327993575557818, 45.43617547729444)"
,,,,,Fabris,"Giovanni,",,,,s. Marco,calle. fiubera,826.0,,,marco,San Marco,"(12.337414027822845, 45.43495086747687)"
,,,,,Ferrari,"Ereole,",,,,s. Salvatore,in eampo,5060.0,,,salvador,San Marco,"(12.335988130242468, 45.437166410148436)"
,,,,,Fornasier,"Francesco,",,,,s. Marco,calle fiubera,956.0,,,marco,San Marco,"(12.338090051129601, 45.43542568715735)"
,,,,,Lucatello,"Domenico,",,,,s. Zaccaria,calle del rimedio,4406.0,,,zaccaria,Castello,"(12.340789074025317, 45.436116196864006)"
,,,,,Milani,"Pietro,",,,,s. Felice,calle della Cx Doro,3917.0,,,felice,Cannaregio,"(12.334475632140903, 45.441300395499816)"
,,,,,Montan,Camillo,,,"fu Francesco,",s. Zaccaria,ponte s. Provolo,4519.0,,,zaccaria,Castello,"(12.342050077340788, 45.43502689985208)"
,,,,,Pedretti,"Gio.; Antonio,",,,,s. Salvatore,calle dei stagneri,5206.0,,,salvador,San Marco,"(12.336964479292842, 45.43699086532824)"
,,,,,Puntar,"Antonio,",,,,"s, Marco",spaderia,684.0,,,marco,San Marco,"(12.339059905862872, 45.43518915866011)"
,,,,,Semoletta,"Antonia,",,,ved. Moro,s. Marco,sottop. dei pignoli,764.0,,,marco,San Marco,"(None, None)"
,,LEGNA DA FUOCO.,,(negosianti e venditori di),,,,,,,,,,,,,"(None, None)"
,,,,,Alzetta,"Gioachino,",,,,s. M. Formosa,casselleria,5300.0,,,maria formosa,Castello,"(12.339952219227396, 45.43626513411414)"
,,,,,Amadi,"Massenti; Maria,",,,,s. M. del Carm.,fond. dello squero,3094.0,,,maria dei carmini,Dorsoduro,"(12.323680552290066, 45.433177630656616)"
,,,,,Angeli,"Stefano,",,,,s. M. Formosa,calle del Paradiso,5749.0,,,maria formosa,Castello,"(None, None)"
,,,,,Avanzo,"Anna,",,,,s. Salvatore,ealle dei bombaseri,5082.0,,,salvador,San Marco,"(12.33616111622169, 45.437304405625945)"
,,,,,Baldo,"Francesco,",,,,s. Gio. in Bragora,calle del Dose,3728.0,,,giovanni in bragora,Castello,"(12.346338320816697, 45.43438312090348)"
,,,,,Baldrocco.,"Francesco,",,,,s. Francesco,calle dell'olio,3134.0,,,francesco,Castello,"(12.347648666228634, 45.43699469834752)"
,,,,,Begotti,"Maria,",,,,s. Luca,calle Pesaro,3938.0,,,luca,San Marco,"(12.332028006557017, 45.43546147229401)"
,,,,,Bernardelli,"Santa,",,,,s. Giac.,dall’Orio salizz. fondaeo Turchi,1662.0,,,giacomo,Santa Croce,"(12.328224371088826, 45.440757771726624)"
,,,,negoz.,Berti,Giuseppe,,,"fa Girolamo,",ss. Gerv. e Protasio,fondadamenta Nani,950.0,,,gervasio e protasio,Cannaregio,"(12.32111983451092, 45.44558898612218)"
,,,,,Bertoli,"Giulia,",,,,s. Silvestro,in campo,1090.0,,,silvestro,San Polo,"(12.333054214518551, 45.43760242321863)"
225,,,,,,,,,,,,,,,,,"(None, None)"
,,,,negoz.,Berti,Giuseppe,,,"del fu Girolamo,",ss. Gervasio e Prot.,fond. Nani,950.0,,,gervasio e protasio,Cannaregio,"(12.32111983451092, 45.44558898612218)"
,,,,,Bertoli,"Giulia,",,,,s. Silvestro,in campo,1090.0,,,silvestro,San Polo,"(12.333054214518551, 45.43760242321863)"
,,,,,Bertoli,"Maddalena,",,,,s. Marziale,fond. della Misericerdia,2519.0,,,marziale,Cannaregio,"(12.332608194495755, 45.444303754996604)"
,,,,,Bevilacqua,"Nicolo,",,,,all’Angelo Raff.,camp. del spezier,1915.0,,,angelo raffaele,NO MATCH,"(None, None)"
,,,,,Bonetti,"Sebastiano,",,,,s. Zaccaria,calle delle rasse,4618.0,,,zaccaria,Castello,"(12.341841683741844, 45.43490112254326)"
,,,,,Boreali,"Angelo,",,,,s. Geremia,calle Priuli detta dei Cavaletti,108.0,,,geremia,Cannaregio,"(12.322231206035896, 45.441751051820106)"
,,,,,Breda,"Giuseppe,",,,,s. M. del Giglio,calle della Madonna,3594.0,,,maria del giglio,San Marco,"(None, None)"
,,,,,Bucella,"Carlo,",,,,s. Zaccaria,ponté s. Severo,4931.0,,,zaccaria,Castello,"(12.343108163454998, 45.436170009955106)"
,,,,,Busello,"Giuseppe,",,,,ss. Gervasio e Prot.,fond. s. Baseggio,1634.0,,,gervasio e protasio,Cannaregio,"(12.327368599256623, 45.443026699156135)"
,,,,,Campelli,"Giovanni,",,,,s. Felice,calle del pistor,3882.0,,,felice,Cannaregio,"(12.33435857576053, 45.44146482682113)"
,,,,,Capitanio,"Lisetta,",,,,s. Pietro,camp. dell’áncore,1129.0,,,pietro,Castello,"(12.355839915826813, 45.4324224515125)"
,,,,,Cappello,"Sante,",,,,ss. Ermagora e Fort.,calleselle,1464.0,,,ermargora e fortunato,NO MATCH,"(None, None)"
,,,,,Castellani,"Elisabetta,",,,,s. Luca,ramo del Clero,4225.0,,,luca,San Marco,"(None, None)"
,,,,,Celegato,"Rosa,",,,,ss. Apostoli,rio terra,4657.0,,,apostoli,Cannaregio,"(12.337586459313846, 45.44144433502873)"
,,,,,Ceselin,"Giuseppe,",,,,s.Silvestro,fond. Molin,942.0,,,silvestro,San Polo,"(12.332057714592965, 45.438284641748915)"
,,,,,Cicogna,"Maria,",,,,s. Luca,calle della Malvasia,4529.0,,,luca,San Marco,"(12.335869596594053, 45.435723083945405)"
,,,,,Colle,"Silvestrini; Maria,",,,,ss. Gervasio e Prot.,fond. Toffetti,1082.0,,,gervasio e protasio,Cannaregio,"(12.323945521353982, 45.444664011078935)"
,,,,,Coppani,"Maddalena,",,,,all’Angelo Raff.,calle procuratie,2414.0,,,angelo raffaele,NO MATCH,"(None, None)"
,,,,,Copano,"Marina,",,,,s. M. del Rosario,corte delle mende,522.0,,,madonna del rosario,Dorsoduro,"(12.330846073485304, 45.43032580539733)"
,,,,negoziante.,Cortese,"Domenico,",,,,s. Maria del Rosario,fond. della fornace,244.0,,,madonna del rosario,Dorsoduro,"(12.332826637343954, 45.42945799615878)"
,,,,,Dall’ Acqua,"Giuseppe,",,,,s. M. del Rosario,calle della scuola,58.0,,,madonna del rosario,Dorsoduro,"(12.334268309720429, 45.429391377213456)"
,,,,,Dalla Zena,"Giovanni,",,,,s. Silvestro,calle del bo,826.0,,,silvestro,San Polo,"(12.333895495318249, 45.43914515514673)"
,,,,,De Col,"Teresa,",,,,all’Angelo Raff.,calle larga dei volti,2415.0,,,angelo raffaele,NO MATCH,"(None, None)"
,,,,,Donnaggio,"Domenico,",,,,s. Eufemia,corte grande II.,538.0,,,eufemia,Dorsoduro,"(12.330870262741435, 45.42960666812907)"
,,,,,Doria,"Teresa,",,,,s. Cassiano,calle dei dotteri,1618.0,,,cassiano,Santa Croce,"(None, None)"
,,,,,Duse,"Gio.; Maria,",,,,s. Pietro,via huova,1802.0,,,pietro,Castello,"(None, None)"
,,,,,Fabris,"Francesco,",,,,s. Silvestro,cae dei sansoni,935.0,,,silvestro,San Polo,"(12.332146646575987, 45.43843974223318)"
,,,,,Fantini,"Luigia,",,,,ss. Apostoli,calle dell’oca,4307.0,,,apostoli,Cannaregio,"(12.335597614998674, 45.440746847542805)"
,,,,,Forantoni,"Antonio,",,,,s. Simeone Prof. ,lista vecchia bari,1177.0,,,simeon profeta,Santa Croce,"(None, None)"
,,,,,Forti,"Abramo,",,,,s. Geremia,corte scalamata,1154.0,,,geremia,Cannaregio,"(12.325613250117838, 45.44488737790874)"
,,,,,Gabrieli,"Vincenzo,",,,,s. Martino,piscina,2499.0,,,martino,Castello,"(12.348673371224294, 45.43569716875534)"
,,,,,Gavagnin,"Vianello; Rosa,",,,,s. M. del Rosario,calle della Chiesa,684.0,,,madonna del rosario,Dorsoduro,"(12.330689018389005, 45.430474045414385)"
,,,,,Lena,"Maria,",,,,s. M. Gloriosa dei Frari,calle Dona,2508.0,,,maria gloriosa dei frari,San Polo,"(12.327346546192924, 45.43805561721025)"
,,,,,Locatello,"Giuseppe,",,,detto Molosso,s. Maria del Giglio,calle delle veste,2021.0,,,maria del giglio,San Marco,"(12.334462664374094, 45.433024415679235)"
,,,,,Maldura,"Giuseppe,",,,,s. M. del Giglio,calle lunga s. Moisé,2403.0,,,maria del giglio,San Marco,"(12.333983827283468, 45.43285921497128)"
,,,,,Manfré,"Elena,",,,,ss. Ermagora e Fort.,rio terra,2083.0,,,ermargora e fortunato,NO MATCH,"(None, None)"
,,,,,Medici,"Lucia,",,,,s. Canciano,calle del fabbro,6144.0,,,canciano,Cannaregio,"(12.340293686296729, 45.43976712505976)"
226,,,,,,,,,,,,,,,,,"(None, None)"
,,,,,Menegazzi,"Lorenzo,",,,,s. Pietro,salizz. stretta,117.0,,,pietro,Castello,"(12.35715093353597, 45.43422206330073)"
,,,,,Morsio,"Luigi,",,,,s. Marco,calle del ponte dell’angelo,387.0,,,marco,San Marco,"(12.340046529592664, 45.435497939872505)"
,,,,,Ongarato,"Pietro,",,,,all’Angelo. Raff.,fond. Cereri,2488.0,,,angelo raffaele,NO MATCH,"(None, None)"
,,,,,Orsini,"Fortunato,",,,,s. Geremia,ford. riello,124.0,,,geremia,Cannaregio,"(12.322880006775508, 45.441821851675854)"
,,,,,Patrese,"Rosa,",,,,s. Zaccaria,fondamenta dell’ osmarin,4966.0,,,zaccaria,Castello,"(12.343153909185435, 45.43553612334324)"
,,,,,Piasenti,"Anna,",,,,ss. Apostoli,calle dei preti,4528.0,,,apostoli,Cannaregio,"(12.336895675841927, 45.440843830576995)"
,,,,,Popelli,"Domenico,",,,,s. Luca,calle del magazzen,4539.0,,,luca,San Marco,"(None, None)"
,,,,,Porvi,"Giacomelli; Margherjta,",,,,s. Marco,sottop. colonne,1793.0,,,marco,San Marco,"(12.33558575102844, 45.43451573503903)"
,,,,,Rampicini,"Gio.; Battista,",,,,s. Salvatore,calle della bissa,5437.0,,,salvador,San Marco,"(12.337112007870662, 45.43762207924629)"
,,,,,Rossi,"Lucia,",,,,s. Martino,calle dei forni,2222.0,,,martino,Castello,"(12.349122462927268, 45.43378670641014)"
,,,,,Sambo,"Margherita,",,,,s. M. del Rosario,fond. Soranzo,345.0,,,madonna del rosario,Dorsoduro,"(12.332547147827539, 45.43062677107741)"
,,,,,Scarpa,"Luigi,",,,,s. M. del Giglio,fond. delle ostriche,2344.0,,,maria del giglio,San Marco,"(12.333616461324786, 45.43214902795847)"
,,,,,Scattola,"Antonio,",,,,s. Giacomo dall’ Orio,ruga vecchia,1448.0,,,giacomo dall'orio,Santa Croce,"(12.326152660170937, 45.44026235923897)"
,,,,,Scattola,"Giuseppe,",,,,s. Giacomo dall’Orio,in campo,1517.0,,,giacomo dall'orio,Santa Croce,"(12.327490842233424, 45.43976371945634)"
,,,,,Schizzi,"Giuseppe,",,,,s. Silvestro,calle del paradiso,764.0,,,silvestro,San Polo,"(12.333791766969409, 45.43746369994089)"
,,,,,Serena,"Vio; Maria,",,,,s. Giacomo,dall’Orio camp. dell’Orsette,1415.0,,,giacomo,Santa Croce,"(12.326036242819338, 45.440703435994)"
,,,,,Signoretti,"Melchiorre,",,,,s. M. del Carmine,fond. Foscarini,3460.0,,,maria dei carmini,Dorsoduro,"(12.322214004004383, 45.43415261253595)"
,,,,,Tagliapietra,"Sante,",,,,s. M. del Giglio,sottop. Barozzi,2117.0,,,maria del giglio,San Marco,"(12.335216802973045, 45.43252603194371)"
,,,,,Todesco,Jacob.,,,,s. Geremia,ghetto vecchio,1235.0,,,geremia,Cannaregio,"(12.325599593606276, 45.44454178529627)"
,,,,,Tomat,"Stefano,",,,,"ss, Gio. e Paolo",calle della testa,6218.0,,,giovanni e paolo,Castello,"(12.341557295944039, 45.43819356609687)"
,,,,,Tommaselli,"Simeone,",,,,s. Simeone Prof.,riello terra,1285.0,,,simeon profeta,Santa Croce,"(12.326667359047397, 45.441523596744716)"
,,,,,Torri,"Vincenzo,",,,,s. Nicola da Tolent.,fond s. Andrea,463.0,,,nicola da tolentino,Santa Croce,"(12.318890653775766, 45.43723010686712)"
,,,,,Traversi,"Carati; Lucia,",,,,s. Simeone Profeta,fond. rio Marin,891.0,,,simeon profeta,Santa Croce,"(12.324810545164212, 45.439789249822866)"
,,,,,Vettori,"Angelica,",,,,s. M. del Giglio,calle delle ostriche,2436.0,,,maria del giglio,San Marco,"(12.333199958306412, 45.43248543879622)"
,,,,,Vianello,"Angela,",,,,s. Canciano,calle dell’acquavita,5248.0,,,canciano,Cannaregio,"(12.339246763015646, 45.44217102698928)"
,,,,,Vianello,"Giovanni,",,,,s. M. del Rosario,calle del forno,537.0,,,madonna del rosario,Dorsoduro,"(12.330883832756124, 45.429662930776864)"
,,,,,Vianello,"Maria,",,,,s. Canciano,calle nuova,5260.0,,,canciano,Cannaregio,"(12.339289660167012, 45.44181081615871)"
,,,,,Vianello,"Natale,",,,,s. Marco,calle del selvatico,1215.0,,,marco,San Marco,"(None, None)"
,,,,,Zanchi,"Elena,",,,,"s, Pantaleone",salizzada,29.0,,,pantalon,Dorsoduro,"(None, None)"
,,,,,Zennaro,"Francesco,",,,,s. Giacomo dall’ Orio,calle larga,1651.0,,,giacomo dall'orio,Santa Croce,"(12.3282484993485, 45.4406311289827)"
,,,,,Zennaro,"Giuseppe,",,,,s. Cassiano,in campo,1862.0,,,cassiano,Santa Croce,"(12.329338602211644, 45.440738365649274)"
,,,,,Zini,"Giacomo,",,,,s. Marco,sottop. calle Balbi,537.0,,,marco,San Marco,"(12.338575170614893, 45.43622025568001)"
,,LEGNAME DA OPERA E DA COSTRUZIONE.,,(negosianti di),,,,,,,,,,,,,"(None, None)"
,,,,,Alvisi,"Girolamo,",,,,ss. Gio. e Paolo,cavallerizza,6721.0,,,giovanni e paolo,Castello,"(None, None)"
,,,,,Cadorin,"Gio.; Battista,",,,,ss. Apostoli,fond. nuove ai Gesuili,5030.0,,,apostoli,Cannaregio,"(12.338175465988597, 45.44435331247946)"
227,,,,,,,,,,,,,,,,,"(None, None)"
,,,,,Colle,"Isidoro,",,,,s. Marziale,all’ Abazia,3547.0,,,marziale,Cannaregio,"(12.335713781281592, 45.44416035284674)"
,,,,,Coletti,"Massimo,",,,,s. Marziale,fond. della Madonna dell Orto,3512.0,,,marziale,Cannaregio,"(12.331953772060183, 45.4462478188628)"
,,,,,Coletti,Luigi,,,"rapp. da Coletti Agostino,",s. Marziale,fond. della Madonna dell’Orto,3525.0,,,marziale,Cannaregio,"(12.332680209308837, 45.44603075734547)"
,,,,,De Zuliani,"Giovanni,",,,,s. Geremia,fond. Penitenli,968.0,,,geremia,Cannaregio,"(12.321525724049142, 45.44544655317237)"
,,,,,Fabbro,"Giuseppe,",,,,ss. Gio. e Paolo,barbaria delle tavole,6664.0,,,giovanni e paolo,Castello,"(12.344219388937095, 45.438603363721924)"
,,,,,Gei,"Francesco,",,,,s. M. Formosa,calle dei orbi,5204.0,,,maria formosa,Castello,"(12.341680379626615, 45.437301387996555)"
,,,,,Girardini,"Luigi,",,,,s. Nicola da Tolentino,fond. della Croce,544.0,,,nicola da tolentino,Santa Croce,"(None, None)"
,,,,,Lazzaris,"Bartolammeo,",,,,"s, Marziale","fond, Madonna deli’Orto",3502.0,,,marziale,Cannaregio,"(12.331648481204928, 45.44680868451877)"
,,,,,Levi,"Laudadio,",,,,ss. Apostoli,calle lunga s. Catterina,5046.0,,,apostoli,Cannaregio,"(12.341626829500912, 45.4424207780902)"
,,,,,Malvezzi,Giuseppe,Comp.,,"rapp. da Giuseppe Malvezzi,",ss. Gio. e Paolo,barbaria delle tavole,6672.0,,,giovanni e paolo,Castello,"(12.343516694059861, 45.43867747728793)"
,,,,,Manzoni,"Gio.; Antonio,",,,,s. Francesco,calte Sagredo,2732.0,,,francesco,Castello,"(12.349343189613409, 45.43773775428777)"
,,,,,Pascoli,"Giacomo,",,,,ss. Gervasio e Protasio.,,1262.0,,,gervasio e protasio,Cannaregio,"(12.32551283228429, 45.44418039938998)"
,,,,,Pozzati,Angelo,,,"rapp. la Ditta Tonello Giuseppe,",s. M. Formosa,campo s. Marina,6065.0,,,maria formosa,Castello,"(12.339049095297419, 45.438636023375075)"
,,,,,Probati,"Giusto,",,,,ss.Gio. e Paolo,barbaria delle tavole,6573.0,,,giovanni e paolo,Castello,"(12.345392273724917, 45.439206782113956)"
,,,,,Scarpa,"Francesco,",,,,s. M. del Rosario,calle s. Cristoforo,700.0,,,madonna del rosario,Dorsoduro,"(12.331773101353367, 45.430594413145975)"
,,,,,Vianello,"Lorenzo,",,,detto Bazzara,s. M. del Rosario,fond. zattere,403.0,,,madonna del rosario,Dorsoduro,"(None, None)"
,,,,,Wiel,Gioachino,,,"di Taddeo,",ss. Gervasio e Protasio,fond. zattere ponte lungo,1392.0,,,gervasio e protasio,Cannaregio,"(12.327368983715369, 45.44431310554956)"
,,"LEGNO, ATTREZZI ED UTENSILI.",,(fabbricatori e venditeri di),,,,,,,,,,,,,"(None, None)"
,,,,,Astolfoni,"Giovanni,",,,,s. Silvestro,camp. delle scoazze,951.0,,,silvestro,San Polo,"(12.332887873088751, 45.438483458556)"
,,,,,Bonato,"Giuseppe,",,,,s. M. Formosa,salizz. s. Lio,5545.0,,,maria formosa,Castello,"(12.338812510776194, 45.437370160661054)"
,,,,,Chitarin,"Angelo,",,,,s. Salvatore,calle della bissa,5403.0,,,salvador,San Marco,"(12.3371073989302, 45.43798205796365)"
,,,,,Dall’Auro,"Giustiniano,",,,,s.Salvatore,calle della bissa,5441.0,,,salvador,San Marco,"(12.33721972373506, 45.43759258566367)"
,,,,,Fonda,Antonio,,,,s. Silvestro,pente di rialto,5.0,,,silvestro,San Polo,"(12.335819669399212, 45.438170840168034)"
,,,,,Pighini,"Nicolo,",,,,s. Salvatore,calle dei stagneri,5213.0,,,salvador,San Marco,"(None, None)"
,,LIBRAI.,,,,,,,,,,,,,,,"(None, None)"
,,,,,Antonelli,"Giuseppe,",,,,s.Marco,procuratie vecchie,138.0,,,marco,San Marco,"(12.338607410655891, 45.43462532288894)"
,,,,,Baglioni,Eredi,,,"rapp. da Sebastiano Curti,",s. Cassiano,calle Baglioni,1865.0,,,cassiano,Santa Croce,"(12.329289241819074, 45.44063783506691)"
228,,,,,,,,,,,,,,,,,"(None, None)"
,,,,,Bonvecchiato,"Leone,",,,,s. Salvatore,merceria,4854.0,,,salvador,San Marco,"(12.336849310975612, 45.43655161287891)"
,,,,,Brigola,"Gaetano; Soci,",,,,s. Marco,merceria s. Giuliano,705.0,,,marco,San Marco,"(None, None)"
,,,,,Brizeghel,"Giovanni,",,,,s. Marco,procuratie vecchie,137.0,,,marco,San Marco,"(12.338575975365325, 45.434611914346135)"
,,,,,Callegari,"Giacinto,",,,,s. Zaccaria,calle s. Provolo,4713.0,,,zaccaria,Castello,"(12.34271821756267, 45.43534640367142)"
,,,,,Caneiani,Gaetano,,,"fu Antonio,s.",Salvatore,merceria,4983.0,,,salvador,San Marco,"(12.337026367844542, 45.43668725591877)"
,,,,,Cordella,"Antonio,",,,,s. Zaccaria,fond. s. Severo,5000.0,,,zaccaria,Castello,"(12.343385836328508, 45.43597530385651)"
,,,,,"De,.Lorenzi","Giacomo,",,,,s. Marco,calle del Selvadego,1217.0,,,marco,San Marco,"(None, None)"
,,,,,Favai,Gennaro,,,"rapp. la Ditta Occhi Simeone,",s. Marco,merceria dell’ orologio,193.0,,,marco,San Marco,"(12.338710386037503, 45.43497491240948)"
,,,,,Ferrari,"Ercole,",,,,s. Salvatore,merceria,5060.0,,,salvador,San Marco,"(12.335988130242468, 45.437166410148436)"
,,,,,Fulich,"Nicolo,",,,,s. Silvestro,calle di mezzo.,1242.0,,,silvestro,San Polo,"(12.331838612614014, 45.43755540758883)"
,,,,,Gabotti,"Pietro,",,,,s. Salvatore,sottop. delle acque.,,,,salvador,San Marco,"(None, None)"
,,,,,Milesi,"Pietro,",,,,s. Marco,calle lunga s. Moisé,2089.0,,,marco,San Marco,"(12.335410235380532, 45.433093878736585)"
,,,,,Montina,"Francesco,",,,,s. Luca,calle dei fabbri,4740.0,,,luca,San Marco,"(12.335663080826567, 45.4362431136086)"
,,,,,Minster,"Ermanno; Federico,",,,,s. Marco,procuratie nuove,72.0,,,marco,San Marco,"(12.33710293533707, 45.43355274896968)"
,,,,,Minster,"Ermanno; Federico,",,,,s. Marco,procuratie nuove,73.0,,,marco,San Marco,"(None, None)"
,,,,,Minster,"Ermanno; Federico,",,,,s. Marco,procuratie nuove,74.0,,,marco,San Marco,"(None, None)"
,,,,,Paoletti,"Giovanni,",,,,s. Marco,calle dei fabbri,1037.0,,,marco,San Marco,"(12.336701210425243, 45.435332748813785)"
,,,,,Penzo,"Giovanni,",,,,s. Marco,frezzeria,1501.0,,,marco,San Marco,"(12.336519513177493, 45.43352262728404)"
,,,,,Zabeo,"Domenico,",,,,s. Marco,calle di. canonica,347.0,,,marco,San Marco,"(12.340022186442738, 45.43518829523432)"
,,"LIQUORI, ACQUAVITE, SPIRITI E VINI NAVIGATI.",,"( Negos. vend, e fabb.)",,,,,,,,,,,,,"(None, None)"
,,,,,Adolfo,"Lorenzo,",,,,ss. Ermagora e Fort.,calle dell’Anconetta,1817.0,,,ermargora e fortunato,NO MATCH,"(None, None)"
,,,,,Angelini,"Graziosa,",,,,s. Eufemia,fondamenta s. Giacomo,199.0,,,eufemia,Dorsoduro,"(12.332672007659944, 45.43058192751946)"
,,,,,Argentini,"Luigi,",,,,s. M. Gloriosa dei Frari,rio terra,2307.0,,,maria gloriosa dei frari,San Polo,"(12.32892290704708, 45.43893937960473)"
,,,,,Babelli,"Anna,",,,,ss. Gio. e Paolo,calle della testa,6326.0,,,giovanni e paolo,Castello,"(12.341740324719543, 45.438716481806985)"
,,,,,Baccinello,"Giovanni,",,,,s. Stefano,calle del spezier s. Angelo,3629.0,,,stefano,San Marco,"(12.332374252867474, 45.434568957031615)"
,,,,fabb. e negoz.,Baicuzzi,"Demetrio,",,,,s. M. Gloriosa dei Frari,campo s. Polo,2007.0,,,maria gloriosa dei frari,San Polo,"(12.33029323331475, 45.43720311323114)"
,,,,,Barbieri,"Pietro,",,,,s. Francesco,,2816.0,,,francesco,Castello,"(None, None)"
,,,,,Barbieri,"Galliutti; Rosa,",,,,s. Gio. in Bragora,riva dei schiavoni,4114.0,,,giovanni in bragora,Castello,"(12.34759558333741, 45.43373968919032)"
,,,,,Bardellin,"Pietro,",,,,s. Silvestro,panateria,345.0,,,silvestro,San Polo,"(12.333565418103593, 45.439613974477346)"
,,,,,Barozzi,"Girolamo,",,,,s. Stefano,campo della Chiesa,3468.0,,,stefano,San Marco,"(12.33075670170163, 45.433917814657555)"
,,,,,Bassaglia,"Antonio,",,,,s. Felice,in campo,3706.0,,,felice,Cannaregio,"(None, None)"
,,,,,Battelan,"Gio.; Battista,",,,,s. Martino,calle dei scudi,3191.0,,,martino,Castello,"(12.347552943273605, 45.43668524723737)"
,,,,,Beccari,"Angelo,",,,,s. M. Formosa,salizz. s. Lio,3766.0,,,maria formosa,Castello,"(12.347127338341027, 45.433885094706376)"
,,,,,Bellaudi,"Antonia,",,,,s. Canciano,calle cordoni,5151.0,,,canciano,Cannaregio,"(12.340378356703658, 45.44168601303154)"
229,,,,,,,,,,,,,,,,,"(None, None)"
,,,,negoz.,Benfatto,"Valentino,",,,,s. Luca,calle delle ballotte,4697.0,,,luca,San Marco,"(12.336269731669514, 45.43569492696697)"
,,,,,Bertolla,"Luigi,",,,,s. Felice,calle Noal,2298.0,,,felice,Cannaregio,"(None, None)"
,,,,,Bertotti,"Scandella; Fortunata,",,,,s. Pietro,via nuova,1787.0,,,pietro,Castello,"(12.353278539189215, 45.43237957399504)"
,,,,,Biasini,"Carnielli; Maria,",,,,s. Simeone Profeta ,salizz. Zusto.,,,,simeon profeta,Santa Croce,"(None, None)"
,,,,,Bonesi,"Pietro,",,,,ss. Ermagora e Fort.,rioterra due ponti,1368.0,,,ermargora e fortunato,NO MATCH,"(None, None)"
,,,,,Bolla,"Vincenzo,",,,,s. Felice,camp. del pistor,3850.0,,,felice,Cannaregio,"(12.33411028498926, 45.441627676365)"
,,,,,Bottacini,"Paolina,",,,,s. Gio. in Bragora,calle del Dose,3824.0,,,giovanni in bragora,Castello,"(12.347423656003723, 45.434623150704326)"
,,,,,Bozzon,"Giovanni,",,,,"s. Luca,",salizz. s.Paternian,4027.0,,,luca,San Marco,"(12.334400047678901, 45.43554677106261)"
,,,,,Bragadin; .,Vittore,,,,Gio. in Bragora,,3734.0,,,giovanni in bragora,Castello,"(12.346310558872682, 45.43407216098804)"
,,,,fabb. e. negoz. all',Brocchi,"Aganippo,",,,,Angelo Raff,fond. Barbarigo,2360.0,,,angelo raffaele,NO MATCH,"(None, None)"
,,,,fabb. e. negoz. all',Brocchi,"Aganippo,",,,,s. Salvatore,merceria,5055.0,,,salvador,San Marco,"(12.336428351637714, 45.437156152148766)"
,,,,,Brunello,"Domenico,",,,,s. Simeone Prof.,calle larga bari,968.0,,,simeon profeta,Santa Croce,"(12.324924580638367, 45.44066287861706)"
,,,,,Bugoni,"Luigia,",,,,"s, Stefano",calle del spezier,3632.0,,,stefano,San Marco,"(12.33248960347385, 45.4346296172011)"
,,,,,Bullo,"Giacomo,",,,,s. Gio. in. Bragora,riva degli Schiavoni,4132.0,,,giovanni in bragora,Castello,"(12.34668036592866, 45.43388816768581)"
,,,,,Cadenella,"Antonio,",,,,s. Giacomo dall Orio,calle della Chiesa,2118.0,,,giacomo dall'orio,Santa Croce,"(12.330374339372634, 45.43989316835122)"
,,,,fabb. e negoz.,Cagnetto,"Giovanni,",,,,s. M. del Carmine,,2750.0,,,maria dei carmini,Dorsoduro,"(12.32452683016798, 45.4326174554329)"
,,,,,Candiani,"Pietro,",,,,ss. Gervasio e Prot.,calle dell’avogaria.,1612.0,,,gervasio e protasio,Cannaregio,"(12.327360475597157, 45.44337670727843)"
,,,,,Canella,"Antonio,",,,,Angelo Raff.,fond. dei Gereri,2507.0,,,angelo raffaele,NO MATCH,"(None, None)"
,,,,,Canova,"Pietro,",,,,Stefano,salizz. s. Samuele,3158.0,,,stefano,San Marco,"(12.32919286840642, 45.434034770979025)"
,,,,,Cantoni,"Villani; Giovanna,",,,,s. Eufemia.,ramo campitzzo,648.0,,,eufemia,Dorsoduro,"(12.330055313302898, 45.43018820756437)"
,,,,,Capolin,"Angelo,",,,,s. Nicola de Tolent.,corte del luganegher,229.0,,,nicola da tolentino,Santa Croce,"(12.321385687369059, 45.438867359977976)"
,,,,,Capra,"Enrico,",,,,s. M. del. Rosario,calle del bastion,196.0,,,madonna del rosario,Dorsoduro,"(12.332670649344328, 45.43069639474907)"
,,,,negoz.,Checchia,"Domenico,",,,,s. Marco,calle dei pignoli,771.0,,,marco,San Marco,"(None, None)"
,,,,,Ciampo,"Antonio,",,,,s. Francesco,alla Celestia,2725.0,,,francesco,Castello,"(None, None)"
,,,,fabb. e negoz.,Clerle,"Isacco,",,,,s.Zaccaria,borgoloceo,5121.0,,,zaccaria,Castello,"(12.343507314095158, 45.43725049929138)"
,,,,,Cocal,"Giuseppe,",,,,ss. Apostoli,calle del spezier,4801.0,,,apostoli,Cannaregio,"(12.337795025279423, 45.441989538783375)"
,,,,,Cotlauti,"Bagzulti; Maria,",,,,s. Geremia,"campo,",312.0,,,geremia,Cannaregio,"(12.324853940311398, 45.44338457025435)"
,,,,,Colombo,"Giuseppe,",,,,s. Pietro,via nuova,1826.0,,,pietro,Castello,"(12.35549306002199, 45.43257447362358)"
,,,,,Colorio,"Bernardino,",,,,s. Marco,campo s. Moisè,1467.0,,,marco,San Marco,"(None, None)"
,,,,,Comin,"Francesca,",,,,s. Marziale,fond; s. Girolamo,3040.0,,,marziale,Cannaregio,"(12.324969630296222, 45.44644680285759)"
,,,,,Corner,"Pietro,",,,,s. Silvestro,riva del via,724.0,,,silvestro,San Polo,"(12.335331409786773, 45.437988388016244)"
,,,,negoz.,Console,"Florio,",,,,s. Stefano,campo s. Angelo,3584.0,,,stefano,San Marco,"(12.332318627921415, 45.4342493570213)"
,,,,,Conti,"Francesco,",,,,s. Canciano,corte morosina,5864.0,,,canciano,Cannaregio,"(12.337410219214306, 45.43908240487849)"
,,,,,Costantini,"Marco,",,,,s. Felice,calle della pegola,4295.0,,,felice,Cannaregio,"(None, None)"
,,,,,Coz,"Pietro,",,,,ss. Apostoli,campo dei Gesuiti,4920.0,,,apostoli,Cannaregio,"(12.338220571786183, 45.442980077042115)"
,,,,,Dall’ Asta,"Bartolammeo,",,,,"s, M del Carm.",calle delle botteghe,3173.0,,,maria dei carmini,Dorsoduro,"(12.325216964907257, 45.43347792258731)"
,,,,,Dall Asta,"Pietro,",,,,s. Luca,salizz. s. Pateraian,4266.0,,,luca,San Marco,"(12.334498750340634, 45.43556817937649)"
,,,,,Dal Fabbro,"Giovanni,",,,,s. M. del Giglio,calle dei. barcaroli,1851.0,,,maria del giglio,San Marco,"(12.334350310913297, 45.43409412164893)"
,,,,,Dall Igna,"Pietro,",,,,s. Giacomo,dall’Orio salizz. s. Eustachio,1908.0,,,giacomo,Santa Croce,"(12.329590956929982, 45.44050705513759)"
,,,,,Dalla Mistra,"Terchzio,",,,,s. Pietro,"fond. s, Auna",1003.0,,,pietro,Castello,"(12.355930412257162, 45.43245225308988)"
230,,,,,,,,,,,,,,,,,"(None, None)"
,,,,,Dalla Vedova,"Antonio,",,,,ss. Gio. e Paolo,calle dell’ osped.,6401.0,,,giovanni e paolo,Castello,"(12.342893952479482, 45.43860793604751)"
,,,,,Dal Piero,Eredi,,,"rapp. da Gio. Battista Dal Piero,",s. M. Gloriosa dei Frari,calle del sealetter,2199.0,,,maria gloriosa dei frari,San Polo,"(12.329324898484941, 45.43870140125886)"
,,,,,Dal Savio,"Agostino,",,,,s. Silvestro,calle della donzella,297.0,,,silvestro,San Polo,"(12.334031804717972, 45.43927768073002)"
,,,,,Danieli,"Francesco,",,,,s. Simeone Prof.,calle Zen,1271.0,,,simeon profeta,Santa Croce,"(12.32621683503864, 45.44132315211911)"
,,,,,De Adami,"Giuseppe,",,,,s. Canciano,calle cordoni,5211.0,,,canciano,Cannaregio,"(12.339673289342729, 45.44195650468364)"
,,,,,De Ghetto,"Baldassare,",,,,s. M. del Giglio,calle lunga s. Moisé,2252.0,,,maria del giglio,San Marco,"(12.334470760222283, 45.43286484975212)"
,,,,,Delise,"Antonio,",,,,s. Eufemia,campo Croce,125.0,,,eufemia,Dorsoduro,"(12.333537620209333, 45.430547674909505)"
,,,,,De Martinis,"Gio.; Battista,",,,,ss. Gio. e Paolo,calle della testa,6371.0,,,giovanni e paolo,Castello,"(12.342854265803409, 45.43861722444297)"
,,,,,De Michiel,"Rosa,",,,,s. Giacomo dall’ Orio,ramo del megio,1764.0,,,giacomo dall'orio,Santa Croce,"(12.328629553981523, 45.44084301159558)"
,,,,,De Michiell,Giovanni,,,,ss. Ermagora e Fort.,camp. s. Fosca,2206.0,,,ermargora e fortunato,NO MATCH,"(None, None)"
,,,,,De Reatti,"Boncio; Celeste,",,,,s. Cassiano,ponte rioda,1994.0,,,cassiano,Santa Croce,"(12.329681911366896, 45.44056206513927)"
,,,,,De Reatti,"Giuseppe,",,,,s. M. del Rosario,rioterra Catecumeni,128.0,,,madonna del rosario,Dorsoduro,"(12.333533399227871, 45.430228540490994)"
,,,,,De Stalles,"Giovanni,",,,,s. Felice,cd doro,3920.0,,,felice,Cannaregio,"(None, None)"
,,,,,De Valentini,"Angelo,",,,,s. Salvatore,fond. dei tedeschi,5552.0,,,salvador,San Marco,"(12.336934305726976, 45.438139168671675)"
,,,,fabbric. e negoz.,Dorigo,Antonio,,,"fu Paolo,",s. Marco,in canonica,345.0,,,marco,San Marco,"(12.34007694120939, 45.435202164835594)"
,,,,,Dotta,"Giorgio,",,,,s.. M. Formosa,calle del mondo nuovo n.,5790.0,,,maria formosa,Castello,"(12.340130991059034, 45.4370898469138)"
,,,,,Fabris,"Daniele,",,,,s. Marziale,fond. s. Girolamo,2570.0,,,marziale,Cannaregio,"(12.331811663904897, 45.44500841230229)"
,,,,,Fabris,"Rosa,",,,,s. M. Gloriosa dei Frari,salizs. s. Rocco,3017.0,,,maria gloriosa dei frari,San Polo,"(12.326490594587352, 45.43650586260433)"
,,,,,Fanesco,"Giovanni,",,,,s. Marco,calle dei specchieri,630.0,,,marco,San Marco,"(None, None)"
,,,,,Fava,"Scarabelle; Santina,",,,,s. Stefano,s. Maurizio,2764.0,,,stefano,San Marco,"(12.331289755467555, 45.43309314987982)"
,,,,,Favero,"Luigi,",,,,s. Cassiano,calle del tintor,1524.0,,,cassiano,Santa Croce,"(12.327620724429888, 45.43964746199611)"
,,,,,Ferrarese; Zango," Orsolina,",,,,s. Eufemia,fond.,597.0,,,eufemia,Dorsoduro,"(12.329771687227762, 45.42958314229932)"
,,,,,Filippo,"Angelo,",,,,s. M. Gloriosa dei Frari,Calle Bernardo,2203.0,,,maria gloriosa dei frari,San Polo,"(12.329161500783162, 45.4388247286957)"
,,,,,Folin,"Anna,",,,,s. Geremia,rio terra,151.0,,,geremia,Cannaregio,"(12.323287264236257, 45.44212434390263)"
,,,,,Fornesso,"Furlan; Angela,",,,,ss. Ermagora e Fort.,rio terra della Maddalena,2345.0,,,ermargora e fortunato,NO MATCH,"(None, None)"
,,,,,Fornoni,"Giovanni,",,,,s. Canciano,salizz. s. Gio. Grisost.,5780.0,,,canciano,Cannaregio,"(12.337032005381968, 45.43869994340008)"
,,,,,Franceschini,"Anna,",,,,s. Pietro,via nuova,1766.0,,,pietro,Castello,"(12.352374170202, 45.43228366039929)"
,,,,,Galli,"Vincenzo,",,,,s. M. del Rosario,piscina del forner,868.0,,,madonna del rosario,Dorsoduro,"(12.32945584569799, 45.43072297591754)"
,,,,fabb. e vend.,Gamba,"Carlo,",,,,s. Pietro,via nuova,1809.0,,,pietro,Castello,"(12.354692577264968, 45.432525781390666)"
,,,,,Gamba,Catterina,,,,s. Canciano,calle Dolfin.,5642.0,,,canciano,Cannaregio,"(12.336445429209038, 45.43998490116038)"
,,,,,Gasparotto,"Antonio,",,,,s. Geremia,fond. Canareggio,1296.0,,,geremia,Cannaregio,"(12.32558951610998, 45.4438330486005)"
,,,,,Gazzo,"Barbara,",,,,ss. Gio. e Paolo,calle del caffettier,6641.0,,,giovanni e paolo,Castello,"(12.345139334102884, 45.43849330976268)"
,,,,fabb. e negoz.,Giacomuzzi,Antonio,,,fu Angelo,s. Marco,calle del ridotto,1339.0,,,marco,San Marco,"(12.336851397323542, 45.43298808591035)"
,,,,,Gianolla,"Giuseppe,",,,,s. Nicola da Tolent.,fond.,183.0,,,nicola da tolentino,Santa Croce,"(12.32133759240478, 45.437571445890406)"
,,,,,Gionchetti,"Giovanni,",,,,"s, Pietro",fond. s. Giochino,510.0,,,pietro,Castello,"(12.357481974955878, 45.43255061501162)"
,,,,,Giorgio,"Giuseppe,",,,,s. M. Formosa,campo s. Marina,6083.0,,,maria formosa,Castello,"(12.339657409698244, 45.438528457311)"
231,,,,,,,,,,,,,,,,,"(None, None)"
,,,,,Giuris,"Antonio,",,,,s. M. Glor. dei Frari,calle dell’ olio,2412.0,,,maria gloriosa dei frari,San Polo,"(None, None)"
,,,,,Grassetti; Purisiol," Antonia,",,,,s. Eufemia,fond. ponte piccolo,423.0,,,eufemia,Dorsoduro,"(12.330235126130308, 45.42863925053375)"
,,,,,Graziotto,"Teresa,",,,,s. Pietro,Cao Marina,616.0,,,pietro,Castello,"(12.357187816227844, 45.43134477604494)"
,,,,,Griggio,Luigi,,,,s. M. del Rosario,calle del bastion,175.0,,,madonna del rosario,Dorsoduro,"(12.333381356981219, 45.43073361815647)"
,,,,,Gutta,"Anastasio,",,,,s. Gio. in Bragora,salizz. s. Antonin,3315.0,,,giovanni in bragora,Castello,"(12.345291470809086, 45.435669765736904)"
,,,,fabb.,Karrer,"Giacomo; Comp.,",,,,s.Marziale,fondamenta Ormesini.,2687.0,,,marziale,Cannaregio,"(12.329124966429076, 45.44538859882673)"
,,,,,Kriscka,"Spiridione,",,,,s. Zaccaria,ponte s. Provolo,4623.0,,,zaccaria,Castello,"(12.342001857661106, 45.43497686450382)"
,,,,,Lanza,"Antonio,",,,,ss. Apostoli,calle del: spezier:,4788.0,,,apostoli,Cannaregio,"(12.337738240447191, 45.44179818504897)"
,,,,,Lanza,"Giovanni,",,,,s. Eufemia,fond.ponte piccolo,462.0,,,eufemia,Dorsoduro,"(12.331676929103043, 45.429587300800364)"
,,,,,Lanza; Mazzoli," Rosa,",,,,s. Marco,calle campane,1035.0,,,marco,San Marco,"(12.336657482102021, 45.43537920240402)"
,,,,,Lenoti,"Maria,",,,,s. Zaccaria,rugagiufla,4900.0,,,zaccaria,Castello,"(12.34228285343771, 45.43637557229773)"
,,,,,Liassidi,"Antonachi,",,,,s. Gio. in Brag.,ponte dei Greci,3413.0,,,giovanni in bragora,Castello,"(12.344545132260983, 45.43578488953459)"
,,,,,Longo,"Giuseppe,",,,,s. Giacomo dall’ Orio,ruga vecchia,1445.0,,,giacomo dall'orio,Santa Croce,"(12.32668090869962, 45.44027890622544)"
,,,,,Malatesta,"Pietro,",,,,s. Francesco,,3211.0,,,francesco,Castello,"(12.347436187556774, 45.43632354335737)"
,,,,,Malghera,"Antonio,",,,,s. Zaccaria,rugagiufla,4831.0,,,zaccaria,Castello,"(None, None)"
,,,,,Malossi,"Elisabetta,",,,ved. Combatti,s. Silvestro,ramo IL. Gallion,1134.0,,,silvestro,San Polo,"(12.332494727870857, 45.43780819943388)"
,,,,neg.,Marchesi,"Alessandro,",,,,s. Marco,all’ Ascensione,1255.0,,,marco,San Marco,"(12.337077286097509, 45.43342652562229)"
,,,,,Marchiori,"Angelo,",,,,"s. M. del Rosario,",piscina del forner,865.0,,,madonna del rosario,Dorsoduro,"(12.329664406838637, 45.43069009956984)"
,,,,,Mardegan,"Luigi,",,,,s. M. Formosa,salizz. s. Lio,5647.0,,,maria formosa,Castello,"(None, None)"
,,,,,Marinoni,"Maria,",,,,s. Gio. in Bragora,calle del pestrin,3876.0,,,giovanni in bragora,Castello,"(12.348219233477208, 45.43498038568179)"
,,,,,Massari,"Antonio,",,,,s. Cassiano,calle dei botteri,1719.0,,,cassiano,Santa Croce,"(12.328173420249191, 45.44158789551846)"
,,,,neg.,Meneghini,"Antonio,",,,,s. Marco,frezzeria,1133.0,,,marco,San Marco,"(12.336049056659153, 45.434407529449565)"
,,,,neg.,"Meneghini;Giudica,",,,,"rapp. da Meneghini Antonio, e Giudica. Bartolommeo,",s. Marco,frezzeria,1676.0,,,marco,San Marco,"(12.336132419888026, 45.43428057427818)"
,,,,,Miotto,"Matteo,",,,,s. Salvatore,calle delle acque,5018.0,,,salvador,San Marco,"(12.337015419278412, 45.43689432001242)"
,,,,fabb. e negoz.,Missaglia,"Antonio,",,,"rapp. anche p. p. da Biliotti Vincenzo,",s. Marco,calle del nuovo commercio s. Giuliano,517.0,,,marco,San Marco,"(None, None)"
,,,,,Missiarelli,"Angelo,",,,,Pietro,corte Salamona,273.0,,,pietro,Castello,"(12.35744636476124, 45.433365679657435)"
,,,,,Monaco,"Pietro,",,,,s. M. Formosa,campo s. Lio,5606.0,,,maria formosa,Castello,"(12.33812449690094, 45.43757184681188)"
,,,,,Mondini,"Elisabetta,",,,,s. Marziale,fond. Ormesini,2682.0,,,marziale,Cannaregio,"(12.329294013642839, 45.44534532055829)"
,,,,,Mugnol,"Trevisan; Antonia,",,,,s. Simeon,Prof. campo,699.0,,,simeon,Santa Croce,"(12.322597217088463, 45.44032228065315)"
,,,,,Nichetto,"Giovanni,",,,,s. Zaccaria,calle della sacrestia,4449.0,,,zaccaria,Castello,"(12.341981294947164, 45.43555377789659)"
,,,,,Nicolassa,"Teresa,",,,,s. Geremia,rioterra s. Leonardo,3738.0,,,geremia,Cannaregio,"(12.334624377210622, 45.442560438697)"
,,,,,Olivo,"Catterina,",,,,s. Gio. in Bragora,campo,3738.0,,,giovanni in bragora,Castello,"(12.346338622023808, 45.434184334753894)"
,,,,fabb. e neg.,Olivo,"Gio.Battista,",,,,s. M. Gloriosa dei Frari,calle. dei Saoneri,2672.0,,,maria gloriosa dei frari,San Polo,"(12.328448202805916, 45.43693052588085)"
,,,,,Orlandini,"Giuseppe,",,,,s. Maria Gloriosa dei Frari,campo s. Roceo,3121.0,,,maria gloriosa dei frari,San Polo,"(12.325730844512341, 45.43652438517724)"
232,,,,,,,,,,,,,,,,,"(None, None)"
,,,,,Padovan,"Pietro,",,,,s. M. del Rosario,calle Barbaro,359.0,,,madonna del rosario,Dorsoduro,"(None, None)"
,,,,"fabb. spirito di Melissa,",Padri,"Scalzi; Carmelitani,",,,,s. Geremia,fondamenta s. Lucia,55.0,,,geremia,Cannaregio,"(12.322326834317598, 45.44138783308091)"
,,,,,Pagnon,Prossede,,,"ved. Martini,",s. Francesco,campo santo,2743.0,,,francesco,Castello,"(12.348928881782115, 45.43831189758632)"
,,,,,Pasetto,"Lorenzo,",,,,s. Simeone Prof.,fond. s. Simeon picc.,579.0,,,simeon profeta,Santa Croce,"(12.321917323874729, 45.440163211055676)"
,,,,,Pasetto,"Lorenzo,",,,,s. Simeone,fond. s. Simeon picc.,580.0,,,simeon,Santa Croce,"(12.322100574647994, 45.44011246527514)"
,,,,,Penzo,"Luigia,",,,,s. M. Formosa,calle malvasia,5986.0,,,maria formosa,Castello,"(12.338639086224848, 45.438179840102954)"
,,,,,Peresin,"Giuseppe,",,,,s. Nicola da Tolentino,fond. Bernardo,271.0,,,nicola da tolentino,Santa Croce,"(12.319887034192671, 45.43695237522232)"
,,,,,Pertei; Gantz," Catterina,",,,,"s, Francesco",calle fontico,2920.0,,,francesco,Castello,"(12.346709066128266, 45.43739203678013)"
,,,,,Piccotti,"Giuseppe,",,,,s. M. Formosa,calle lunga,5184.0,,,maria formosa,Castello,"(12.34204458461604, 45.4377771102326)"
,,,,,Pilato,"Catterina,",,,,s. Gio. in Bragora,salizz. s. Antonin,3313.0,,,giovanni in bragora,Castello,"(12.345408764969742, 45.435640110859)"
,,,,,Pitteri,"Angelo,",,,,Angelo Raff.,arzere s. Marta,2008.0,,,angelo raffaele,NO MATCH,"(None, None)"
,,,,,Pokorn,"Michicle,",,,,s. Canciano,salizz. s. Gio. ce,5802.0,,,canciano,Cannaregio,"(12.33712807545864, 45.43903838965493)"
,,,,,Ponga,"Teresa,",,,,s. Pietro,quintavalle,10.0,,,pietro,Castello,"(12.361290659018778, 45.43363505124209)"
,,,,,Possenti,"Giovanni,",,,,s. Gio. in Bragora,salizz. s. Antonin,3486.0,,,giovanni in bragora,Castello,"(12.346761144358458, 45.43524927074902)"
,,,,,Prosdocimi,"Antenio,",,,,s. M. del Carmine,calle del traghetto s.Barnaba,2774.0,,,maria dei carmini,Dorsoduro,"(12.325428472136, 45.432976857556255)"
,,,,,Puppato,"Giuseppe,",,,,Angelo Raff.,fond. Riati.,2383.0,,,angelo raffaele,NO MATCH,"(None, None)"
,,,,,Puppi,"Luigi,",,,,s. Marco,merceria,263.0,,,marco,San Marco,"(12.338575343663145, 45.43523886655287)"
,,,,,Pusinich,"Marianna,",,,,s. Silvestro,calle Saresina,1298.0,,,silvestro,San Polo,"(12.332063744242399, 45.43780656258028)"
,,,,,Rampazzo,Lodovico,,,,s. Simeone Prof.,calle lunga,752.0,,,simeon profeta,Santa Croce,"(12.323402239843308, 45.440455909521965)"
,,,,,Ravagnin,"Francesco,",,,,s. Geremia,rioterri,157.0,,,geremia,Cannaregio,"(12.3233651972522, 45.44217997934945)"
,,,,,Righetti,"Anna,'",,,,Stefano,calle dei frati'n.,3537.0,,,stefano,San Marco,"(12.33138771402039, 45.43416752422926)"
,,,,fabb.,Righetti,"Ciriaco,",,,,s. Canciano,calle stellaa,5356.0,,,canciano,Cannaregio,"(12.341124982018826, 45.442023050398994)"
,,,,,Rinaldi,"Matteo,",,,,s. Stefano,calle delle botteghe,3462.0,,,stefano,San Marco,"(12.330493939574088, 45.43382507677088)"
,,,,"‘Antonio,",Riva,Antonio,,,,s. M. del Rosario,campo degli Incurabili,560.0,,,madonna del rosario,Dorsoduro,"(12.329888860421736, 45.42870641946221)"
,,,,,Rizzardi,"Giuseppe,",,,,s. Apostoli,rioterra,4660.0,,,apostoli,Cannaregio,"(12.337609364955016, 45.44158245424703)"
,,,,,Rizzo,"Angelo,",,,,s. Marco,calle dei fabbri,912.0,,,marco,San Marco,"(12.33726094434866, 45.434846564678864)"
,,,,,‘Ronean.,"Glovatini,",,,,s. Francesco,calle fontico,2844.0,,,francesco,Castello,"(12.346253669709926, 45.437693402685476)"
,,,,,Rosa,"Angelo,",,,,s. Marziale,fondamenta,2601.0,,,marziale,Cannaregio,"(12.330831131279034, 45.444953141485314)"
,,,,,Alberghetti,"Gasparina,",,,,s. Pietro,ruga stretta,84.0,,,pietro,Castello,"(None, None)"
,,,,,Rosson,"Francesco,",,,,s. Luca,‘salizz. s. Paternian,4027.0,,,luca,San Marco,"(12.334400047678901, 45.43554677106261)"
,,,,,Sabbo,"Leonarde,",,,,s. Marziale,fondamenta Ormesini,2828.0,,,marziale,Cannaregio,"(12.327500395153946, 45.445810498343995)"
,,,,,Sartori,"Anni,",,,,s. M. del Carmine,calle lunga,2748.0,,,maria dei carmini,Dorsoduro,"(12.324407119923249, 45.432769555524004)"
,,,,,Sbrignadello,Giovanni,,,,s. Luca,,4359.0,,,luca,San Marco,"(12.335268856094192, 45.43491249595659)"
,,,,,Scarpa,"Alvise,",,,,s. Salvatore,riva del ferro,5160.0,,,salvador,San Marco,"(12.336134546413849, 45.43788154954462)"
,,,,,Scarpa,"Maria,",,,,ss. Gerv. e Protasio,fond. s. Basilio,1636.0,,,gervasio e protasio,Cannaregio,"(12.327406033073387, 45.44313890820667)"
,,,,,Scattparo,"Girolatito,",,,,s. Canciano,calle del botter,5105.0,,,canciano,Cannaregio,"(12.339912375112986, 45.442727486670975)"
,,,,,Serena,"Giacomo,",,,,"s Canciano,",salizzada,5988.0,,,canciano,Cannaregio,"(12.338410835262977, 45.439923949733675)"
,,,,,Silvestri,Domenico;,,,,s. M. del Carmine,fond. Foscarini,3474.0,,,maria dei carmini,Dorsoduro,"(12.321415855013758, 45.43390449081108)"
,,,,,Solesin,"Benedetto,",,,,s. Eufemia,ponte piccolo,320.0,,,eufemia,Dorsoduro,"(12.332395494073724, 45.429402932170525)"
233,,,,,,,,,,,,,,,,,"(None, None)"
,,,,,Tagliapietra,"Ferdido,",,,,s. Pietro,via nuova,1515.0,,,pietro,Castello,"(12.353153446606372, 45.432216663085995)"
,,,,negoz. vini navigati.,Tarreghetta,"Giuseppe,",,,,s. Marco,frezzeria,1645.0,,,marco,San Marco,"(12.336204409887415, 45.434187836152034)"
,,,,negoz. vini navigati.,Tarreghetta,"Giuseppe,",,,,s. Marco,frezzeria,1176.0,,,marco,San Marco,"(12.336385398766062, 45.43415390039264)"
,,,,,Toscan,"Vincenzo,",,,,s. Eufemia,ponte lingo,432.0,,,eufemia,Dorsoduro,"(12.330896774323826, 45.42949451257256)"
,,,,neg.,Thomas,"Pietro,",,,,s. Salvatore,s. Bartolomeo,5096.0,,,salvador,San Marco,"(12.33633382756329, 45.43770539819567)"
,,,,neg.,Thomas,"Pietro,",,,,s. Salvatore,s. Bartolomeo,5153.0,,,salvador,San Marco,"(12.336186482189229, 45.437776505465564)"
,,,,neg.,Thomas,"Pietro,",,,,s. Salvatore,s. Bartolomeo,5154.0,,,salvador,San Marco,"(12.336225829806276, 45.43776366270985)"
,,,,neg.,Thomas,"Pietro,",,,,s. Salvatore,s. Bartolomeo,5155.0,,,salvador,San Marco,"(12.336304366699432, 45.43773909019088)"
,,,,,Tiozzo,"Giovanni,",,,,s. M. del Carmine,campo s. Barnaba,2864.0,,,maria dei carmini,Dorsoduro,"(12.324052817638083, 45.432722971734385)"
,,,,"negoz. vini navigati,",Trauner,"Antonio,",,,,s. Marco,merceria s. Giuliano,724.0,,,marco,San Marco,"(12.33772155150395, 45.43603451295528)"
,,,,"negoz. vini navigati,",Trauner,"Antonio,",,,,s. Marco,merceria s. Giuliano,725.0,,,marco,San Marco,"(12.337747599706331, 45.43602153421624)"
,,,,,Trevisan,"Angelo,",,,,"ss. Gerv. e Prot,",ponte lungo sulle zatteren.,1387.0,,,gervasio e protasio,Cannaregio,"(12.327879129313084, 45.44424112628355)"
,,,,,Valier,"Pietro,",,,,s. Salvatore,merceria,5055.0,,,salvador,San Marco,"(12.336428351637714, 45.437156152148766)"
,,,,,Valier,"Pietro,",,,,s. Canciano,campo,5548.0,,,canciano,Cannaregio,"(12.33818465756998, 45.4398723384346)"
,,,,,Veronese,"Angelo,",,,,s. Zaccaria,calle rughetta,4323.0,,,zaccaria,Castello,"(12.34103372008446, 45.43508326995672)"
,,,,negoz. vini navig.,Wallnöfner,"Luigi,",,,"rapp. anche p. p. dal fratello Francesco,",s. Marco,frezzeria,1583.0,,,marco,San Marco,"(12.33625479620662, 45.43380788459912)"
,,,,,Weis,"Teresa,",,,,s. Nicola da Tolentino,fond. Pagan,289.0,,,nicola da tolentino,Santa Croce,"(12.320131176051213, 45.43612646376013)"
,,,,,Zabeo,"Michiele,",,,,ss. Erm. e Fort.,camp. dell’ anconetta,1817.0,,,ermargora e fortunato,NO MATCH,"(None, None)"
,,,,,Zabotto,"Giacomo,",,,,s. M. Glor. dei Frari,campo s. Toma,2868.0,,,maria gloriosa dei frari,San Polo,"(12.327357784826106, 45.43597083995615)"
,,,,,Zambelli,"Maria,",,,,s. Martino,campo dei due pozzi,2679.0,,,martino,Castello,"(12.348398370571521, 45.436141123698626)"
,,,,,Zanetti,"Bartolomeo,",,,,s. Luca,camp. della Chiesa,3538.0,,,luca,San Marco,"(12.331522130661028, 45.434127788916236)"
,,,,,Zaninelli,"Domenico,",,,,Martino,calle Corrazzeri,3835.0,,,martino,Castello,"(12.347648577268345, 45.43488635554889)"
,,,,,Zanini,"Maria,",,,,s. Felice,calle corrente,4041.0,,,felice,Cannaregio,"(12.3358417572671, 45.4423071076921)"
,,,,,Zanon,"Pier; Bernardo,",,,,s: Marziale,calle del forno,3850.0,,,marziale,Cannaregio,"(12.33411028498926, 45.441627676365)"
,,,,,Zanoni,"Antonio,",,,,s. Nicola da Tolentino,campo,189.0,,,nicola da tolentino,Santa Croce,"(12.32141284169455, 45.43790888957531)"
,,,,,Zennaro,"Luigi,",,,,s. Giacomo dall’ Orio,calle larga,1656.0,,,giacomo dall'orio,Santa Croce,"(12.328014636676404, 45.44049489800831)"
,,,,,Zennocchio,"Teresa,",,,,s. Martino,campo dei due pozzi,2618.0,,,martino,Castello,"(12.348609922166904, 45.4358614532671)"
,,,,,Zoccolari,"Antonio,",,,,ss. Apostoli,rioterra,4622.0,,,apostoli,Cannaregio,"(12.337389270772904, 45.44095539410603)"
,,,,,Zorzi,"Maria,",,,,s. Canciano,calle dei Miracoli,6013.0,,,canciano,Cannaregio,"(12.338758597053367, 45.439416138461866)"
,,,,,Zanelli,"Vincenzo,",,,,s. Silvestro,calle dell’ olio,1070.0,,,silvestro,San Polo,"(12.332825995975947, 45.437942484993485)"
,,,,,Zuliani,"Giuseppe,",,,,s. Martino,ramo dell’ Arsenale,2408.0,,,martino,Castello,"(12.34964555791651, 45.43477393631129)"
,,,,,Zuliani,"Giuseppe,",,,,s. Martino,ramo dell’ Arsenale,2410.0,,,martino,Castello,"(12.349624093056137, 45.43481654843542)"
,,LITOGRAFI.,,,,,,,,,,,,,,,"(None, None)"
,,,,,Borozzi,"Giovanni,",,,,s. M. Formosa,calle ‘al ponte della guerra,5376.0,,,maria formosa,Castello,"(12.339617719394553, 45.43651570087268)"
,,,,,Brizeghel,"Giovanni,",,,,s. Geremia,fond. Canareggio,1062.0,,,geremia,Cannaregio,"(12.32331490406857, 45.444918240775124)"
,,,,,Draghi,"Giuseppe,",,,,s. Luca,calle della Mandola,4001.0,,,luca,San Marco,"(12.333104614424174, 45.43507760807833)"
,,,,,Fontana,"Melchiore,",,,,s. Giacomo dall'Orio ,ramo Isola,1481.0,,,giacomo dall'orio,Santa Croce,"(12.32732952000085, 45.44087132000897)"
234,,,,,,,,,,,,,,,,,"(None, None)"
,,,,,Gaspari,"Angelo,",,,,s. M. del Giglio,calle della Verona,1912.0,,,maria del giglio,San Marco,"(12.333578313501674, 45.43409475407429)"
,,,,,Kier,"Giuseppe,",,,,s. M. Formosa,calle del Console,6240.0,,,maria formosa,Castello,"(12.341860220726398, 45.43806529641523)"
,,,,,Kirckmayer,"Giacomo,",,,,"s, Stefano",calle del piovan s. Maurizio,2762.0,,,stefano,San Marco,"(12.331378868082629, 45.43306773418304)"
,,,,,Lefevre,"Luigi; Maria,",,,,s. Luca,in campo,4571.0,,,luca,San Marco,"(12.335488244352199, 45.435916970254354)"
,,,,,Pellegrini,Teresa,,,"rapp. da Colleoni Luigi,",ss. Apostoli,ramo del traghetto,4574.0,,,apostoli,Cannaregio,"(12.337753070820053, 45.44089002825901)"
,,,,,Ripamonti;Carpano,"Paolo,",,,rapp. p.p. da Carlo Bianchi,s. M. del Giglio,calle del caffettier,2003.0,,,maria del giglio,San Marco,"(12.33427038628514, 45.43365403733012)"
,,MACCHINISTI.,,,,,,,,,,,,,,,"(None, None)"
,,,,,Donaggio,,fratelli,,,s.Salvat.,sottop. dell’acque,5000.0,,,salvador,San Marco,"(None, None)"
,,,,,Donaggio,,fratelli,,,s.Salvat.,sottop. dell’acque,5002.0,,,salvador,San Marco,"(None, None)"
,,,,,Donaggio,,fratelli,,,s.Salvat.,sottop. dell’acque,5003.0,,,salvador,San Marco,"(None, None)"
,,,,,Kaiser,"Spiridione,",,,,s. M. Formosa,calle delle bande,5838.0,,,maria formosa,Castello,"(None, None)"
,,,,,Meloncini,"Sante,",,,,s. Canciano,calle dei Miracoli,6087.0,,,canciano,Cannaregio,"(12.33921368902525, 45.439212899949496)"
,,MACELLAI.,,,,,,,,,,,,,,,"(None, None)"
,,,,,Armani,"Vincenzo,",,,,s. Canciano,in campo,5544.0,,,canciano,Cannaregio,"(12.338330002835008, 45.43992679095295)"
,,,,,Barbieri,"Giuseppe,",,,,s. Silvestro,ruga dei spezieri,232.0,,,silvestro,San Polo,"(12.334498940403824, 45.43905602005485)"
,,,,,Bassi,"Abramo,",,,,s. Geremia,glietto vecchio,1239.0,,,geremia,Cannaregio,"(12.325462124237157, 45.44443762176679)"
,,,,,Bassi,"Isaia,",,,,s. Geremia,ghetto vecchio,1192.0,,,geremia,Cannaregio,"(12.326178103649312, 45.44518775304688)"
,,,,,Benvenisti,"Aronne,",,,,s. Geremia,ghetto vecchio,1181.0,,,geremia,Cannaregio,"(12.325896149079046, 45.44503731239652)"
,,,,,Benyenisti,"Lazzaro,",,,,s. Geremia,ghetto vecchio,1248.0,,,geremia,Cannaregio,"(12.325220458570234, 45.444228232823356)"
,,,,,Benvenuti,Daniele,,,"fu Pietro,",s..Marco,spaderia,678.0,,,marco,San Marco,"(12.338692882085079, 45.43558695947664)"
,,,,,Bini,"Angelo,",,,,s. Luca,calle della mandola,3654.0,,,luca,San Marco,"(12.332904014009411, 45.434821248607555)"
,,,,,Bonfadini,"Domenico,",,,,s. M. Gloriosa dei Frari,calle del forno a s.Toma,2935.0,,,maria gloriosa dei frari,San Polo,"(12.326356138125348, 45.435927391038945)"
,,,,,Bonfin,"Giovanni,",,,,s. Marco,calle del strazzarol,479.0,,,marco,San Marco,"(12.338789397809483, 45.43589678538899)"
,,,,,Bonfin,"Giovanni,",,,,ss. Ermag. e Fort.,rio terra due ponti,1409.0,,,ermargora e fortunato,NO MATCH,"(None, None)"
,,,,,Botazzo,"Giuseppe,",,,,s. Stefano,calle delle botteghe,3130.0,,,stefano,San Marco,"(12.329867433690348, 45.43420318051794)"
,,,,,Bramessa,"Giacomo,",,,,s. Canciano,calle Dolfin,5612.0,,,canciano,Cannaregio,"(12.336874058664026, 45.43978821792048)"
,,,,,Calderan,"Gio.; Battista,",,,,s. Silvestro,ruga del ravano,1033.0,,,silvestro,San Polo,"(12.333189942298807, 45.438047412409496)"
,,,,,Catullo,"Paolo,",,,,s. Zaccaria,rugagiuffa,4919.0,,,zaccaria,Castello,"(12.342386032195005, 45.43625740939516)"
,,,,,Cavagnis,"Angelo,",,,,s. Gio. in Bragora,pescaria,3974.0,,,giovanni in bragora,Castello,"(12.347466158848544, 45.43385488677342)"
,,,,,Cavagnis,"Angelo,",,,,s. Silvestro,calle del Paradiso,774.0,,,silvestro,San Polo,"(12.334112215329563, 45.43863792199833)"
,,,,,Cavagnis,"Gio.; Battista,",,,,s. M. Gloriosa dei Frari,calle del tagliapietra,2583.0,,,maria gloriosa dei frari,San Polo,"(12.327666145244617, 45.43721487489621)"
235,,,,,,,,,,,,,,,,,"(None, None)"
,,,,,Cavagnis,"Tosato; Santa,",,,,s. M. del Carmine,campo s. Barn.,2762.0,,,maria dei carmini,Dorsoduro,"(12.324963282878581, 45.43288962257694)"
,,,,,Centenin,"Gio.; Maria,",,,,s. Silvestro,ruga dei spezieri,270.0,,,silvestro,San Polo,"(12.334087003780906, 45.43923782501693)"
,,,,,Chichisiola,"Giacomo,",,,,s. M. del Rosario,calle del bastion,181.0,,,madonna del rosario,Dorsoduro,"(12.333088573004938, 45.430702575715294)"
,,,,,Cicogna,"Vincenzo,",,,,s. Silvestro,calle del perdon,1338.0,,,silvestro,San Polo,"(12.331602258106996, 45.43755263156548)"
,,,,,Clerle,"Angelo,",,,,s. Geremia,ghetto vecchio,1130.0,,,geremia,Cannaregio,"(12.325220906115577, 45.4443020127718)"
,,,,,Colleoni,Domenico,,,"detto Testa di Secchio,",s. Luca,calle dei fabbri,4661.0,,,luca,San Marco,"(None, None)"
,,,,,Costantini,"Gio.; Battista,",,,,s. Canciano,salizz. s. Gio. Grisostomo,5755.0,,,canciano,Cannaregio,"(12.337069115104013, 45.43896343468472)"
,,,,,Costantini,"Gio.; Battista,",,,,s. M. del Carmine,calle della Chiesa,3685.0,,,maria dei carmini,Dorsoduro,"(12.323987488539673, 45.43530573594503)"
,,,,,Dal Fabbro,"Domenico,",,,,s. Luca,calle del spezier- s. Angelo,3630.0,,,luca,San Marco,"(12.332434798023451, 45.43460083512232)"
,,,,,Dal Gallo,"Abbondanti; Fabia,",,,,s. Pietro,fond. s. Anna,1133.0,,,pietro,Castello,"(12.355710745004403, 45.432451145795106)"
,,,,,Dalla Pace,"Pietro,",,,,s. M. Formosa,calle lunga,5237.0,,,maria formosa,Castello,"(12.341430594734689, 45.43755008393025)"
,,,,,Dall'Olivio,"Gio.Battista,",,,,s. Silvestro,ruga dei spezieri,381.0,,,silvestro,San Polo,"(None, None)"
,,,,,De Chiara,"Lorenzo,",,,,s. Felice,calle Ca doro,3989.0,,,felice,Cannaregio,"(12.334541087212108, 45.44114518251554)"
,,,,,De Chiara,"Paolo,",,,,s. Luca,in campo,4475.0,,,luca,San Marco,"(12.335337897681196, 45.435805287945655)"
,,,,,De Chiara,"Pietro,",,,,s. M. del Carmine,calle della scuola,2897.0,,,maria dei carmini,Dorsoduro,"(12.322466341875332, 45.43358807156763)"
,,,,,De Pita,"Giovanni,",,,,s. M. Glor. dei Frari,campo s. Polo,2097.0,,,maria gloriosa dei frari,San Polo,"(12.329268951926824, 45.43694958819472)"
,,,,,De Poli,"Gio.; Battista,",,,,s. Stefano,calle Zaguri,2623.0,,,stefano,San Marco,"(12.331963471945981, 45.432801169341474)"
,,,,,Diana,"Carlo,",,,,s. Luca,riva dal ferro,5126.0,,,luca,San Marco,"(12.335735371082974, 45.43754938756771)"
,,,,,Fabris,"Giovanni,",,,,s. Marco,calle larga,420.0,,,marco,San Marco,"(12.339514207349474, 45.43525869959392)"
,,,,,Fabris,"Simeone; Antonio,",,,,s. Silvestro,calle della donzella,317.0,,,silvestro,San Polo,"(12.333755704509436, 45.439401263648186)"
,,,,,Favero,"Francesco,",,,,s. Silvestro,calle rughetta,4322.0,,,silvestro,San Polo,"(None, None)"
,,,,,Frollo,"Giuseppe,",,,,s. Eufemia,ponte piccolo,445.0,,,eufemia,Dorsoduro,"(12.330777728839458, 45.429559233547366)"
,,,,,Gabboti,"Nicold,",,,,all’Angelo Raff.,fond. di pescaria,1748.0,,,angelo raffaele,NO MATCH,"(None, None)"
,,,,,Galizzi,"Francesco,",,,,s. Silvestro,ruga dei spezieri,380.0,,,silvestro,San Polo,"(12.334274630326792, 45.439118156876276)"
,,,,,Galli,Angelo,,,,s. Silvestro,ruga degli orefici,36.0,,,silvestro,San Polo,"(12.334984751336378, 45.43867056119119)"
,,,,,Girardini,"Angelo,",,,,s. Luca,calle dei fuseri,4356.0,,,luca,San Marco,"(12.33526966240269, 45.43496125188424)"
,,,,,Girardini,"Giovanni,",,,,"s, Felice",calle della Ca doro,3915.0,,,felice,Cannaregio,"(12.334484049791074, 45.441340963403746)"
,,,,,Girardini,"Giuseppe,",,,,ss. Ermagora e Fort ,rioterra dué pontit,1409.0,,,ermargora e fortunato,NO MATCH,"(None, None)"
,,,,,Granziera,"Sante,",,,,ss. Gio. e Paolo,salizz.,6366.0,,,giovanni e paolo,Castello,"(12.342475095483186, 45.43882733717703)"
,,,,,Locadello,"Bernardo,",,,,s. Zaccaria,calle s. Provolo,4719.0,,,zaccaria,Castello,"(12.342921806550414, 45.43546217806527)"
,,,,,Loria,"Giuseppe,",,,,s. Gio. in Bragora,salizz. s. Antonin,3536.0,,,giovanni in bragora,Castello,"(12.346809849500652, 45.43535815534953)"
,,,,,Marcello,"Giovanni,",,,,s. Salvatore,campo s. Bortolammeo,5171.0,,,salvador,San Marco,"(12.336649655784841, 45.43761305292869)"
,,,,,Massaro,"Teresa,",,,,ss. Apostoli,calle dell’oca,4329.0,,,apostoli,Cannaregio,"(12.335772254827209, 45.440875554271706)"
,,,,,Mazzarol,"Daniele,",,,,s. M. del Rosario,piscina del forner,854.0,,,madonna del rosario,Dorsoduro,"(12.329226249303325, 45.4307168996028)"
,,,,,Mazzarol,"Giovanni,",,,,s. M. Gloriosa dei Frari,ponte della Madonneta,1991.0,,,maria gloriosa dei frari,San Polo,"(12.330414728444396, 45.43719112963364)"
,,,,,Mazzucato,"Marco,",,,,s. Pietro,fond. s. Anna,997.0,,,pietro,Castello,"(12.356263755869623, 45.432482656885504)"
,,,,,Mazzuco,"Antonio,",,,,s. M. Glor. dei Frari,campo s. Rocco,3123.0,,,maria gloriosa dei frari,San Polo,"(12.32569864478181, 45.436470877521344)"
,,,,,Meneguzzi,"Carlo,",,,,s. M. del Giglio,calle lunga s. Moisé,2394.0,,,maria del giglio,San Marco,"(None, None)"
236,,,,,,,,,,,,,,,,,"(None, None)"
,,,,,Milani,"Francesco,",,,,s. Luca,calle della mandola,3712.0,,,luca,San Marco,"(12.333222459660247, 45.43494446292343)"
,,,,,Miotto,"Antonio,",,,,s. Marco,salizz. s. Moisé,1346.0,,,marco,San Marco,"(12.336473139215794, 45.433289908887964)"
,,,,,Monti,"Francesco,",,,,s. Pietro,fond. s. Anna,1801.0,,,pietro,Castello,"(None, None)"
,,,,,Morosini,"Antonio,",,,,s. Salvatore,calle dei stagneri,5255.0,,,salvador,San Marco,"(12.336840406888534, 45.43732905710812)"
,,,,,Mozzotto,"Laura,",,,,s. Luca,calle dei fuseri,4468.0,,,luca,San Marco,"(12.335301769398436, 45.43552961050449)"
,,,,,Nani,"Giuseppe,",,,,s. Marco,frezzeria,1284.0,,,marco,San Marco,"(12.336550327565819, 45.43354357395271)"
,,,,,Navaro,"Abramo,",,,,s. Geremia,ghetto vecchio,1233.0,,,geremia,Cannaregio,"(12.325672516457315, 45.44459735446142)"
,,,,,Orefice,"Angelo,",,,,s. Marziale,ghetto nuovo,2881.0,,,marziale,Cannaregio,"(12.326411719587334, 45.44544654831967)"
,,,,,Orefice,"Sara,",,,,s. Luca,calle dei fuseri,4275.0,,,luca,San Marco,"(12.335272438402376, 45.435509578155255)"
,,,,,Orlandi,"Tommaso,",,,,s. Marco,frezzeria,1816.0,,,marco,San Marco,"(None, None)"
,,,,,Panciera,"Giovanni,",,,,s. Salvatore,calle della bissa,5469.0,,,salvador,San Marco,"(12.337530421610984, 45.4377577468664)"
,,,,,Panighetti,"Giuseppe,",,,,s. Geremia,salizzada,316.0,,,geremia,Cannaregio,"(12.325055264188823, 45.44349429556526)"
,,,,,Panizzon,"Angelo,",,,,s. Salvatore,ponte rialto,5166.0,,,salvador,San Marco,"(12.336371067072308, 45.43777144577328)"
,,,,,Panizzon,"Antonio,",,,,s. Silvestro,ruga dei spezieri,378.0,,,silvestro,San Polo,"(12.334137455958967, 45.439179111166624)"
,,,,,Pasini,"Gio.Battista,",,,,s. Giacomo,dall’Orio ramo del megio,1762.0,,,giacomo,Santa Croce,"(12.328513380074194, 45.440891479970865)"
,,,,,Pazienti,"Giovanni,",,,,all’Angelo Raff.,fond. Briati,2379.0,,,angelo raffaele,NO MATCH,"(None, None)"
,,,,,Peltrera,"Andrea,",,,,s. M. del Carmine,calle lunga s. Barnaba,2736.0,,,maria dei carmini,Dorsoduro,"(12.324328691378348, 45.4327511143491)"
,,,,,Peltrera,"Andrea,",,,"rapp. da Peltrera detto Scala Antonio,",s. Canciano,salizzada s. Gio. Grisostomo,5719.0,,,canciano,Cannaregio,"(12.33703640874911, 45.439324036449186)"
,,,,,Penzo,"Anna,",,,,s. Silvestro,ruga vecchia,783.0,,,silvestro,San Polo,"(12.333831386303304, 45.438354475073986)"
,,,,,Piasentini; Zemello," Giorgio,",,,d.,s. Marco,frezzeria,1229.0,,,marco,San Marco,"(12.336427466111127, 45.43389418670736)"
,,,,,Piasentini; Zemello," Giorgio,",,,,s. Stefano,campo della Chiesa,3467.0,,,stefano,San Marco,"(12.330726509078366, 45.43388895892808)"
,,,,,Zemello,Giorgio,,,"fu Antonio,","s, M. Formosa",salizzada s. Lio,5662.0,,,maria formosa,Castello,"(12.33873244307791, 45.437437982259006)"
,,,,,Piasentini,Pietro,,,,s. Pantaleone,campo,3694.0,,,pantalon,Dorsoduro,"(None, None)"
,,,,,Pinghelli,"Maddalena,",,,,s. Salvatore,salizz. dei Tedeschi,5554.0,,,salvador,San Marco,"(12.336959054192148, 45.438205658419434)"
,,,,,Pisa,"Antonio,",,,,s. Pietro,via nuova,1240.0,,,pietro,Castello,"(12.35534027622367, 45.432426790208254)"
,,,,,Pisa,"Antonio,",,,,s. M. Formosa,calle lunga,5223.0,,,maria formosa,Castello,"(12.341838458633557, 45.43771113314515)"
,,,,,Radi,"Giovanni,",,,,s. Marziale,fondamenta,2535.0,,,marziale,Cannaregio,"(12.332296472277244, 45.44445665541593)"
,,,,,Baduzzi,"Antonio,",,,,s. Gio. in Bragora,salizz. s. Antonin,3542.0,,,giovanni in bragora,Castello,"(12.346900975811678, 45.43511071288588)"
,,,,,Ravaglio; Fabris," Elisabetta,",,,,s. Marco,,342.0,,,marco,San Marco,"(12.340117825130074, 45.43532184030913)"
,,,,,Ravagnin,"Antonio,",,,,s. Martino,ramo dell’Arsenale,2418.0,,,martino,Castello,"(12.349277670677061, 45.43482492459741)"
,,,,,Rizioli,"Pietro,",,,,s. M. del Carmine,a s. Margherita,2932.0,,,maria dei carmini,Dorsoduro,"(12.323295834358584, 45.43417485169912)"
,,,,,Rossi,"Giuseppe,",,,,s. Silvestro,ruga Rialto,86.0,,,silvestro,San Polo,"(12.334800807524466, 45.43884985902879)"
,,,,,Rota,"Giuseppe,",,,,ss. Erm. e Fort.,calle dell’ aseo,1897.0,,,ermargora e fortunato,NO MATCH,"(None, None)"
,,,,,Sartori,"Antonio,",,,,s. Simeone Prof.,calle larga Bari,1158.0,,,simeon profeta,Santa Croce,"(12.32498852521103, 45.440658045534526)"
,,,,,Scarabellin,"Rietro,",,,,s. Pietro,via nuova,1496.0,,,pietro,Castello,"(12.353367590248064, 45.43224724308841)"
,,,,,Scarpa,"Sebastiano,",,,,s. Pietro,via nuova,1812.0,,,pietro,Castello,"(12.354813700673901, 45.432534661913486)"
,,,,,Stiffoni,"Giovanni,",,,,s. Zaccaria,campo ss. Filippo e Giac.,4509.0,,,zaccaria,Castello,"(12.341686413653834, 45.435172399418676)"
,,,,,Tonelli,"Angelo,",,,,s. M. Formosa,salizzada s. Lio,5467.0,,,maria formosa,Castello,"(12.339476529588456, 45.43710144637112)"
237,,,,,,,,,,,,,,,,,"(None, None)"
,,,,,Tonello,Eredi,,,"di Francesco,",ss. Apostoli,,4449.0,,,apostoli,Cannaregio,"(12.336406482982442, 45.4402160741294)"
,,,,,Tonizzi,"Giacomo,",,,,s. M. Glor. dei Frari,salizz. s. Rocco,3044.0,,,maria gloriosa dei frari,San Polo,"(12.326010110184686, 45.43652617994277)"
,,,,,Torcellini,"Antonio,",,,,s. M. Glor. dei Frari,calle def saoneri,2724.0,,,maria gloriosa dei frari,San Polo,"(12.32865470343085, 45.436743500914275)"
,,,,,Trevisan,"Gio.Battista,",,,,s. Salvatore,ponte Rialto,5330.0,,,salvador,San Marco,"(12.336032054026823, 45.43804641026463)"
,,,,,Truzzardi,"Giacomo,",,,,s. Pantaleone,calle del spezier,3749.0,,,pantalon,Dorsoduro,"(12.325166783744939, 45.435826099493454)"
,,,,,Vollo,"Antonio,",,,,s. Gio in Bragora,salizz. s. Antonin,3309.0,,,giovanni in bragora,Castello,"(12.345622739667242, 45.43562916842054)"
,,,,,Zacutti,"David,",,,,"s, Geremia",ghetto vecchio,1152.0,,,geremia,Cannaregio,"(12.32562140455015, 45.444801285399734)"
,,,,,Zambotto,"Audrea,.s.",,,,Francesco,salizz.,3169.0,,,francesco,Castello,"(12.347283139633806, 45.43695135489048)"
,,,,,Zanenghi,"‘Teresa; Anna,",,,,s. Luca,calle dei fabbri,4676.0,,,luca,San Marco,"(12.336152597273564, 45.43573965609739)"
,,,,,Zardinoni,"Giacomo,",,,,s. Silvestro,ruga dei spezieri,235.0,,,silvestro,San Polo,"(12.334383214595698, 45.43912511594241)"
,,,,,Zardinoni,"Marco,",,,,s. Silvestro,campo della bella Vienna,217.0,,,silvestro,San Polo,"(12.334909262289207, 45.439072102964914)"
,,,,,Zerbetto,"Giovanni,",,,,s. Giac. dall’ Orio,calle larga,1657.0,,,giacomo dall'orio,Santa Croce,"(12.328047734865608, 45.440527685737)"
,,,,,Zorzi,Diana,,,,s. Silvestro,ruga degli orefici,44.0,,,silvestro,San Polo,"(12.334706837049657, 45.4388582842072)"
,,,,,Zuanier,"Angelo,",,,,ss. Ermag: e Fort.,rioterra della Maddalena,2100.0,,,ermargora e fortunato,NO MATCH,"(None, None)"
,,,,,Zuanier,"Antonio,",,,,ss. Erm. e Fort.,rioterra due ponti,1303.0,,,ermargora e fortunato,NO MATCH,"(None, None)"
,,,,,Zanier,"Giovanni,",,,,"s, Salvatore",in campo s. Bartolomeo,5322.0,,,salvador,San Marco,"(12.336222241139755, 45.43793368685813)"
,,"MANGANATORI, ED APPARECCHIATORI DI PANNI.",,,,,,,,,,,,,,,"(None, None)"
,,,,,Bagato,"Giovanni,",,,,s. M. Formosa,salizzada s. Lio,5689.0,,,maria formosa,Castello,"(12.339022633260505, 45.437369302101395)"
,,,,,Jungwirth,"Alberto,",,,,s. Zaccaria,campo,4684.0,,,zaccaria,Castello,"(12.342910925235344, 45.43454111224292)"
,,,,,Michieli,Gio.Battista,,," di Lorenzo,",s. Luca,campiello dalla Cortesia,3047.0,,,luca,San Marco,"(12.328344373022583, 45.43280097828119)"
,,,,,Michieli,"Lorenzo,",,,,s. Luca,calle del carbon,4190.0,,,luca,San Marco,"(12.334852707805926, 45.436007267055174)"
,,,,,Violin,"Marco,",,,,s. Silvestro,ramo dell’ Angelo,847.0,,,silvestro,San Polo,"(12.333407518691244, 45.43882096728779)"
,,,,,Zanoni,"Gio.; Battista,",,,,"s, Luca",calle dei fabbri,4718.0,,,luca,San Marco,"(12.335887799906489, 45.4360211434228)"
,,"MANIFATTURE DI SETA, DI LANA, DI LINO, DI COTONE,E MODE.(",,negozianti di ),,,,,,,,,,,,,"(None, None)"
,,,,,Agnino,Gio. Battista,,,,s. Salvatore,campo s. Bartolomeo,5045.0,,,salvador,San Marco,"(None, None)"
,,,,,Agostini,"Antonio,",,,,s. Salvatore,campo s. Bartolomeo,5177.0,,,salvador,San Marco,"(12.336650059182656, 45.43745947530483)"
,,,,mod.,Agustinis,"Vincenzo,",,,,s. Marco,merceria dell’ orol.,220.0,,,marco,San Marco,"(12.338505198265858, 45.435275606876324)"
238,,,,,,,,,,,,,,,,,"(None, None)"
,,,,,Ajo,"Giacomo,",,,,s. Marco,merceria s. Giuliano,606.0,,,marco,San Marco,"(None, None)"
,,,,,Albanese,"Marco,",,,,s. Zaccaria,in campo,4681.0,,,zaccaria,Castello,"(12.34263251160992, 45.4349246681012)"
,,,,,Alberti,Luigi,,,"fu Giuseppe,",.s. Salvatore,merceria,4834.0,,,salvador,San Marco,"(12.336577240916561, 45.436886707977656)"
,,,,mod.,Allouez,"Randon; Augustdé,",,,,s. Marco,frezzeria,1828.0,,,marco,San Marco,"(12.33491459497747, 45.43427207944506)"
,,,,,Amadio,,"fratelli,",,"rapp. da Federico e Carlo Amadio,",s. Salvatore,merceria,4844.0,,,salvador,San Marco,"(12.337012781956476, 45.43676107557445)"
,,,,,Aubin,"Barriera,",,,"rapp. da Carlo Bernardo Aubin, e Urbano Barriera e p. p. da Edoardo Milert,",ss. Gio. e Paolo,calle della testa,6125.0,,,giovanni e paolo,Castello,"(12.34101275093482, 45.43761996406227)"
,,,,,Bachmann,"Isidoro,",,,,s. M. del Giglio,calle dei barcaroli s. Fantino,1857.0,,,maria del giglio,San Marco,"(12.334575438743563, 45.43417553866903)"
,,,,,Barbarani,Giovanni,,,"di Natale,",s. Canciano,calle dei Miracoli,6097.0,,,canciano,Cannaregio,"(12.339557214729382, 45.43914238918203)"
,,,,mod.,Barbi,"Elisa,",,,,s. Marco,merceria s. Giuliano,738.0,,,marco,San Marco,"(12.338212858068857, 45.4357638420967)"
,,,,,Battaggia; Alessio,Carlo,,,,s. Marco,canonica,338.0,,,marco,San Marco,"(12.340349373258597, 45.435272028791616)"
,,,,,Bellatin,Maria; Giovanni,"fratelli,",,rapp. da Bellattin Giovanni,s.Marco,calle larga,657.0,,,marco,San Marco,"(None, None)"
,,,,,Bernheimer,"Gabriele,",,,,s. Luca,calle dei fuseri,1801.0,,,luca,San Marco,"(12.335510664645172, 45.434460049118734)"
,,,,,Bistort,Lorenzo,,,"di Carlo,",s. Zaccaria,calle dei preti s. Loren.,5047.0,,,zaccaria,Castello,"(12.344226389390236, 45.43646506931739)"
,,,,,Boch,Bertrando,Comp.,,"rapp. da Bertrando Boch,",ss. Gio. e Paolo,calle dell’ Erbe,6415.0,,,giovanni e paolo,Castello,"(12.343111549214212, 45.43867712008932)"
,,,,,Bonetti,"Giovanni,",,,,ss. Apostoli,calle dell’ oca,4426.0,,,apostoli,Cannaregio,"(12.336135864712428, 45.44074767049068)"
,,,,,Bortolotti,"Antonio,",,,,s. Marco,bocca di piazza,1239.0,,,marco,San Marco,"(12.33672587519156, 45.43377954382331)"
,,,,,Canali,"Pietro,",,,,s. Marco,all’ Ascensione,1300.0,,,marco,San Marco,"(12.33692133682944, 45.433339087781626)"
,,,,,Carminiani,"Francesco,",,,,s. Canciano,campo s. Gio. Grisostomo,5.0,,,canciano,Cannaregio,"(None, None)"
,,,,,Casarini,Gio.; Battista.,,,,s. Marco,mereeria s. Giuliano,702.0,,,marco,San Marco,"(12.3383281827205, 45.43573137840379)"
,,,,,"Casolo; Cattaneo,",,,,,s.Marco,calle dei balloni,210.0,,,marco,San Marco,"(12.338391138195481, 45.43514363577896)"
,,,,,Casonato,"Luigi,",,,,s. Salvatore,merceria,5030.0,,,salvador,San Marco,"(12.336569418175012, 45.43691890263133)"
,,,,,Cecconello,"Antonio,",,,,s. Marco,merceria dell’ orologio,216.0,,,marco,San Marco,"(12.338593847450257, 45.4351416561749)"
,,,,,Chielin,"Giovanni,.s.",,,,Zaccaria,riva degli schiavoni,4183.0,,,zaccaria,Castello,"(12.343050373060633, 45.43405996453678)"
,,,,,Cogo,"Angelo,",,,,s. Zaccaria,calle delle rasse,4538.0,,,zaccaria,Castello,"(12.34176939396622, 45.43452727930441)"
,,,,"deposito panni della Privilegiata fabbrica della Folina,",Colles,"Costanzo,",,,"rapp. p.p. da Francesco Girolami,",s. Luca,campo,4267.0,,,luca,San Marco,"(12.335011801994472, 45.435664467970916)"
,,,,,Contento,Petronio,,,"rapp. da Lorenzo Contento, e Michele Rocco Petronio,",s. Marco,ai Leoni,302.0,,,marco,San Marco,"(12.339007739832857, 45.434753371025714)"
,,,,,Cosulich,"Vincenzo,",,,,"s, Silvestro",ponte di Rialto,2.0,,,silvestro,San Polo,"(12.335728444098258, 45.43822439339484)"
,,,,,Cosulich,"Vincenzo,",,,,"s, Silvestro",ponte di Rialto,3.0,,,silvestro,San Polo,"(12.335756949707145, 45.438207659360295)"
,,,,,Colbertaldo,"Pietro,",,,,s. Salvatore,in campo,4828.0,,,salvador,San Marco,"(12.336305763921303, 45.43694940181148)"
,,,,,Colbertaldo,"Pietro,",,,,s. Salvatore,in campo,4829.0,,,salvador,San Marco,"(12.336355054321988, 45.4369666738108)"
,,,,,Colbertaldo,"Pietro,",,,,s. Salvatore,ponte dei berretteri,4929.0,,,salvador,San Marco,"(12.337552367938855, 45.43619069612502)"
,,,,,Colbertaldo,"Pietro,",,,,s. Salvatore,ponte dei berretteri,4930.0,,,salvador,San Marco,"(12.337533386649646, 45.4361086663733)"
,,,,,De Angelo,"Gio.; Francesco,",,,,s. Salvatore,merceria,4950.0,,,salvador,San Marco,"(12.337129334564581, 45.43645489678222)"
,,,,,De Col,"Luigi,",,,,s. Marco,merceria dell’ orologio,195.0,,,marco,San Marco,"(12.338653119834103, 45.43505392166985)"
239,,,,,,,,,,,,,,,,,"(None, None)"
,,,,,Decoppet,"Enrico,",,,,s. M. Formosa,fond. del Dose,5880.0,,,maria formosa,Castello,"(12.340031551590435, 45.43762055115699)"
,,,,,Doria,"Giovanni,",,,"fu Angelo,",s. Marco,merceria dell’ ordlogio,267.0,,,marco,San Marco,"(12.338658357564317, 45.43510053973591)"
,,,,,Fabiani,"Angelo,",,,,s. Marco,merceria s. Giuliano,730.0,,,marco,San Marco,"(12.33791180238293, 45.43593519783336)"
,,,,,Fasoli,"Angelo,",,,,s. Marco,merceria s. Giuliano,732.0,,,marco,San Marco,"(12.338019900426678, 45.435874162752135)"
,,,,,Finzi; Sabato," Vita,",,,,s. Salvatore,merceria,4859.0,,,salvador,San Marco,"(12.336989384961267, 45.436486882855895)"
,,,,,Fovel; Dolfin," Maria,",,,,s. Marco,merceria,229.0,,,marco,San Marco,"(12.3383613937743, 45.435484344453776)"
,,,,,Franceschetti,"Luigi,",,,,s. Marco,merceria,786.0,,,marco,San Marco,"(12.338436508003422, 45.43565544561425)"
,,,,,Franzoja,"Girolamo,",,,,s. Marco,ponte  di Pietra privato ,4934.0,,,marco,San Marco,"(12.337874959793725, 45.43634218361872)"
,,,,,Franzoja,"Girolamo,",,,,s. Marco,ai Leoni,304.0,,,marco,San Marco,"(12.339060939023998, 45.434792586451316)"
,,,,,Gaggio,"Giorgio,",,,,s. Salvatore,merceria stretta,5044.0,,,salvador,San Marco,"(None, None)"
,,,,,Gallata,"Giuseppe,",,,,s. Felice,campo del pistor,3849.0,,,felice,Cannaregio,"(12.334066176638176, 45.44165887593034)"
,,,,,Gamba,"Andrea,",,,,s. Marco,procuratie vecchie,99.0,,,marco,San Marco,"(None, None)"
,,,,,Gamba,"Antonio,",,,,s. Marco,merceria s. Giuliano.,716.0,,,marco,San Marco,"(12.337772445242441, 45.43605032657176)"
,,,,,Benvenuti,Anna,,,"rapp. da Gamba Salvatore,",s. Zaccaria,ponte di canonica,4306.0,,,zaccaria,Castello,"(12.340706935973556, 45.43499811473868)"
,,,,,Gamba,"Luigi,",,,,s. Salvatore,merceria stretta,5049.0,,,salvador,San Marco,"(None, None)"
,,,,,Garbura,Triboulet,"Comp.,",,"rapp. da Angelo Garbura e Giovanni Triboulet,",s. M. Formosa,in campo,5254.0,,,maria formosa,Castello,"(12.341200460936426, 45.436827687727806)"
,,,,mod.,Gatte,"Augusto,",,,,s. Zaccaria,in canonica,4328.0,,,zaccaria,Castello,"(12.340502337762118, 45.43528153984076)"
,,,,,Goldschmiedt,,"fratelli,",,"rapp. da Enrico Goldschmiedt,",s. Luea,calle dalle locande,4296.0,,,luca,San Marco,"(12.334360086905576, 45.43510885613095)"
,,,,,Jesurum,"Giuseppe,",,,,s. Salvatore,merceria,4940.0,,,salvador,San Marco,"(None, None)"
,,,,,Jesurum,,sorelle,,"rapp. da Sara Jesurum,",s. Marco,ponte dei berretteri,720.0,,,marco,San Marco,"(12.337676546578436, 45.436154228916735)"
,,,,,Lattes,Abramo; Aronne,,,,s. Salvatore,in merc.,4946.0,,,salvador,San Marco,"(12.337277311127817, 45.43637748804789)"
,,,,,Lattes,Abramo; Aronne,,,,s. Salvatore,in merc.,4947.0,,,salvador,San Marco,"(12.337233743161185, 45.4364014688868)"
,,,,,Lippari,"Luigi,",,,,s. Marco,merceria dell’ orologio,269.0,,,marco,San Marco,"(12.338695076157238, 45.43504932222825)"
,,,,,Lupi,"Giuseppe,",,,,s. Salvatore,campo s. Bartolomeo,5315.0,,,salvador,San Marco,"(None, None)"
,,,,,Manenti,,"Fratelli,",,"rapp. da Bartolomeo Manenti,",s. M. Gloriosa dei Frari,calle Cavalli s. Polo,1952.0,,,maria gloriosa dei frari,San Polo,"(12.330909361409782, 45.43761324409374)"
,,,,,Mayrarguez,Nipoti,,,di A:,s. M. del Giglio,calle del Cristo,2060.0,,,maria del giglio,San Marco,"(12.334909210655065, 45.4332674926822)"
,,,,,Mazzorin,"Giacomo,",,,,"s, Geremia",salizzada,230.0,,,geremia,Cannaregio,"(12.324333527604622, 45.442749573003915)"
,,,,mod.,Medaille,"Felicita,",,,,s. Marco.,calle del Ridotto,1325.0,,,marco,San Marco,"(12.337113095942563, 45.432432682409356)"
,,,,mod.,Michieletti,"Giacomo,",,,,s. Marco,frezzeria,1177.0,,,marco,San Marco,"(12.336318865121738, 45.43407089719166)"
,,,,,Minola,Matteo,,,di Giovanni,s. Luca,cae Loredan,4124.0,,,luca,San Marco,"(12.334578812104429, 45.43586419444759)"
,,,,,Montan,"Gio.; Maria,",,,,s. M. Formosa,campo della fava,5525.0,,,maria formosa,Castello,"(12.337858570992378, 45.43693779917347)"
,,,,,Moretti,"Gio.; Battista,",,,,s.M. Glor. dei Frari,campo s. Agostin,2311.0,,,maria gloriosa dei frari,San Polo,"(12.328800314914208, 45.43883649800541)"
,,,,,Mortier,"Maurizio,",,,,s. Marco,calle dell’ Angelo,405.0,,,marco,San Marco,"(12.34004145721437, 45.435455748063546)"
,,,,,Olivieri,"Pietro,",,,,s. Marco,corte Locatella,583.0,,,marco,San Marco,"(12.338075540466109, 45.43604022175505)"
,,,,,Olivieri,"Pietro,",,,,s. Marco,corte Locatella,584.0,,,marco,San Marco,"(12.338156631228808, 45.43603909274038)"
240,,,,,,,,,,,,,,,,,"(None, None)"
,,,,,Opocher,"Giuseppe,",,,,s. Stefano,calle delle botteghe,3464.0,,,stefano,San Marco,"(12.330592100014567, 45.43378090536401)"
,,,,,Oreffice,,fratelli,,"rapp. da Moisé, Abramo, e Giacomo Oreffice,",s. Salvatore,in merceria,5019.0,,,salvador,San Marco,"(12.337039107350519, 45.43678336326038)"
,,,,,Padella,"Domenico;Antonio,",,,,s. Salvatore,fondaco Tedeschi,5535.0,,,salvador,San Marco,"(12.336916885369885, 45.43800096219149)"
,,,,,Padenghe,"Bertolla; Francesco,",,,,s. Zaccaria,campo ss. Filippo e Giacomo,4275.0,,,zaccaria,Castello,"(12.341324338626263, 45.43505309018724)"
,,,,,Panizza; Chitarin’," Teresa,",,,,s. Salvatore,merceria,4837.0,,,salvador,San Marco,"(12.336679847389163, 45.436842019948784)"
,,,,,Parpinelli,"Francesco,",,,,s. Marco,frezzeria,1782.0,,,marco,San Marco,"(None, None)"
,,,,,Pazienti,"Francesco,",,,,s. Marco,frezzeria,1584.0,,,marco,San Marco,"(12.336388536332594, 45.43388398007218)"
,,,,,Pazienti,"Gaetano,",,,,s. M. Gloriosa dei Frari,fond.,2587.0,,,maria gloriosa dei frari,San Polo,"(12.327702159200575, 45.43714625008611)"
,,,,,Pazienti,"Lorenzo,",,,,s. M: Formosa,salizz. s. Lio,5470.0,,,maria formosa,Castello,"(12.339342872146831, 45.43719306293544)"
,,,,,Pazienti,"Pietro,",,,,s. M. Glor. dei Frari,s. Polo,2743.0,,,maria gloriosa dei frari,San Polo,"(12.328827804896134, 45.43679972457875)"
,,,,mod.,Petitfils,"Hippolyte,",,,,s. Marco,sottep. del cappello,153.0,,,marco,San Marco,"(12.338522254862303, 45.434718575696756)"
,,,,,Pignatel et Meunier,,,,,s. Zaccaria,canon.,4328.0,,,zaccaria,Castello,"(12.340502337762118, 45.43528153984076)"
,,,,,Pigozzi,,,,ved. Moro,s.Marco,merceria s. Giuliano,739.0,,,marco,San Marco,"(12.338238162628489, 45.43574887675963)"
,,,,,Piloni,"Luigi,",,,,s. Marco,merceria s. Giuliano,729.0,,,marco,San Marco,"(12.337860344819655, 45.435964393944815)"
,,,,,Pinottolo,"Paolo,",,,,s. Stefano,eampo della Chiesa,3466.0,,,stefano,San Marco,"(12.33069779028589, 45.43385804783304)"
,,,,,Ricco,"Gio.; Domenico,",,,,s. Salv.,campo,5059.0,,,salvador,San Marco,"(12.33629121875481, 45.43703872485755)"
,,,,,Ridottolo,"Enrico,",,,,s. Salvatore,ponte di Rialto,5334.0,,,salvador,San Marco,"(12.33616376229779, 45.43796969223058)"
,,,,,Roberti,"Gaétano,",,,,ss. Apostoli,ponte dei sartori,4798.0,,,apostoli,Cannaregio,"(12.337809580071266, 45.44195846279117)"
,,,,,Ropletz,"Edoardo,",,,,s. Zaccaria,fond. del diavolo,4982.0,,,zaccaria,Castello,"(12.343822959019484, 45.435767740110236)"
,,,,,Rosenthal,"Lodovico,",,,,s. Marco,piscina s. Moisé,1363.0,,,marco,San Marco,"(12.336710707364588, 45.432271923009644)"
,,,,,Rossetti,Giuseppe,,,"fu Angelo,",s. Luca,salizz.,4153.0,,,luca,San Marco,"(12.334837110665266, 45.43582690591526)"
,,,,,Rossetti,Giuseppe,,,"fu Angelo,",s. Luca,salizz.,4041.0,,,luca,San Marco,"(12.333414297424012, 45.435831294300456)"
,,,,,Rossi,Unfer,,,"rapp. da Domenico Rossi e Pietro Unfer,",s. Marco.,camp. del piovan s. Giuliano,602.0,,,marco,San Marco,"(12.338403343279461, 45.43589891680912)"
,,,,,Secretant,,fratelli,,,s. Salvatore,calle delle ballotte,4868.0,,,salvador,San Marco,"(12.336890425886654, 45.436192326584624)"
,,,,,Settimo,"Giuseppe,",,,,s. Marco,mercerfa dell’ orologio',256.0,,,marco,San Marco,"(12.33840848415951, 45.43548725145559)"
,,,,,Speziali,"Giovanni,",,,,s. Salvatore,campo s. Bartolomeo,5049.0,,,salvador,San Marco,"(None, None)"
,,,,,Stellon,"Francesco,",,,,s. Salvatore,ponte di Rialto,5163.0,,,salvador,San Marco,"(12.33623966213823, 45.43784785102339)"
,,,,,Svenzer,"Luigi,",,,,s. Marco,calle dei speechieri,477.0,,,marco,San Marco,"(12.338842629315087, 45.43584462888081)"
,,,,,"Tagliapietra; Spinetta,",,,,,s. Marco,campo s. Moisé,1469.0,,,marco,San Marco,"(12.335912963701885, 45.43325956404613)"
,,,,,Tirabosco,"Luigi,",,,,s. Salvatore,ponte di Rialto,5161.0,,,salvador,San Marco,"(12.336179929196003, 45.4378827825197)"
,,,,,Trebaldi,"Francesco,",,,,s. Marco,frezzeria corte I s. Giorgio.,,,,marco,San Marco,"(None, None)"
,,,,,Trinker,"Carlo,",,,,s. M. Formosa,borgoloco,6118.0,,,maria formosa,Castello,"(12.34051374444494, 45.43822113261161)"
,,,,,Tropeani,Ginseppe,"Comp.,",,"rapp. da Giuseppe Tropeani,",s. Marco,campo s. Moisé,1462.0,,,marco,San Marco,"(12.335665480488323, 45.433220133172156)"
,,,,,"Weiss,",Norsa,Comp.,,"rapp. da Demetrio Premoli,",s. M. del Giglio,camp. della Feltrina,2511.0,,,maria del giglio,San Marco,"(12.332452989891262, 45.43252839096738)"
241,,,,,,,,,,,,,,,,,"(None, None)"
,,,,,Vigevano,"Samuele,",,,,s. Salvatore,campo s. Bortolomeo,5320.0,,,salvador,San Marco,"(12.33628962046375, 45.437894338304076)"
,,,,,Zane,"Carlo,",,,"rapp. da Giuseppina Morosini yedova Zane,",s. Silvestro,camp. dei Meloni,1342.0,,,silvestro,San Polo,"(12.331706811803222, 45.437452326812576)"
,,,,,Zanier,"Valentino,",,,,s. Silvestro,sottop. di Rialto,57.0,,,silvestro,San Polo,"(12.334863380771804, 45.43868615114335)"
,,,,,Zanier,"Valentino,",,,,s. Silvestro,sottop. di Rialto,58.0,,,silvestro,San Polo,"(12.33488108009448, 45.43867409853786)"
,,,,,Zause,"Zenobio,",,,,s. Marco,calle del pellegrin,290.0,,,marco,San Marco,"(12.338990040528248, 45.43480385220649)"
,,,,,Zona,Achille; Giuseppe,,,,s. Marco,merceria dell’ orologio,192.0,,,marco,San Marco,"(None, None)"
,,,,,Zoppetti,"Giuseppe,",,,,s. Felice,calle dell’ Oca,4231.0,,,felice,Cannaregio,"(12.335132337755766, 45.44098967937562)"
,,"MANIFATTURE AD AGO E MAGLIA, NASTRI, REFE, FETTUCCIE ED ALTRI ARTICOLI.(venditori di)",,,,,,,,,,,,,,,"(None, None)"
,,,,,Barbon,"Giuseppe,",,,,s. Salvatore,merceria,4956.0,,,salvador,San Marco,"(12.336953216018056, 45.43655352588469)"
,,,,,Barcaroli,"Valerio,",,,,s. M. del Carmine,campo s. Margherita,2980.0,,,maria dei carmini,Dorsoduro,"(12.323695450793474, 45.43473509717403)"
,,,,,Bassi,"Rosina,",,,,s. Geremia,ghetto vecchio,1242.0,,,geremia,Cannaregio,"(12.325326106306886, 45.444334560853214)"
,,,,,Battisti,"Giacinto,",,,,s. Luca,calle dei fuseri,4461.0,,,luca,San Marco,"(12.33531926587761, 45.435315106959564)"
,,,,,Bellemo,"Alvise,",,,,s. Pietro,via nuova,1137.0,,,pietro,Castello,"(12.355487218455837, 45.43244126679117)"
,,,,,Benotti,"Giuseppe,",,,,s. Salvatore,merceria,5022.0,,,salvador,San Marco,"(12.336836462369101, 45.43685075777251)"
,,,,,Bettini,"Teresa,",,,,s. M. Formosa,casselleria,5355.0,,,maria formosa,Castello,"(12.339534673768522, 45.436446093654695)"
,,,,vend. girov.,Bianchi,"Raffaele,",,,,s. Marziale,ghetto nuovo,2908.0,,,marziale,Cannaregio,"(12.327168286844552, 45.44520566145212)"
,,,,vend. girov.,Bianchi,"Vita,",,,,s. Marziale,fond. Ormesini,2832.0,,,marziale,Cannaregio,"(12.327131232556532, 45.44590409565251)"
,,,,,Bisacco,"Giovanni,",,,,s. Francesco,calle dell’olio,3141.0,,,francesco,Castello,"(12.34745854385664, 45.43690988758654)"
,,,,,Bocuzzi,"Antonio,",,,,ss. Apostoli,,4349.0,,,apostoli,Cannaregio,"(12.335870232016697, 45.440853449119736)"
,,,,,Bortoluzzi,"Fasiol; Margherita,",,,,"s, Marziale",fond. dei Mori,3373.0,,,marziale,Cannaregio,"(12.332190888742586, 45.44572346579999)"
,,,,,Bozzoni,"Stefano,",,,,s. Marco,merceria s. Giuliano,740.0,,,marco,San Marco,"(12.33831519480545, 45.43570235642154)"
,,,,,Camerino,"Girolamo,",,,,s. Marziale,fond. Ormesini,2737.0,,,marziale,Cannaregio,"(12.328620080301313, 45.44552158510049)"
,,,,,Carminati,"Costantini; Maria,",,,,s. Salvatore,merceria,4948.0,,,salvador,San Marco,"(12.337188709429183, 45.43642651096486)"
,,,,,Chiavalin,"Maria,",,,,s. Pietro,via nuova,1820.0,,,pietro,Castello,"(12.355175330479437, 45.43255546868066)"
,,,,,Chielin,"Giovanni,",,,,s. Zaccaria,riva degli schiavont,4183.0,,,zaccaria,Castello,"(12.343050373060633, 45.43405996453678)"
,,,,,Chitaro,"Antonio,",,,,s. Gio. in Bragora,calle del Dose,3804.0,,,giovanni in bragora,Castello,"(12.346370688387287, 45.434416883956224)"
,,,,,Cisco,"Girolamo,",,,,s. Salvatore,ponte di rialto,5326.0,,,salvador,San Marco,"(12.336010502902452, 45.437982450298115)"
,,,,vend. girov.,Coen,"Porto; Mandolin,",,,,s. Marziale,fond. Ormesini,2808.0,,,marziale,Cannaregio,"(12.32763566214344, 45.445911915466255)"
,,,,,Cossovich,"Marco; Ferdido,",,,,ss. Apostoli,rio terra,4658.0,,,apostoli,Cannaregio,"(12.337595382886207, 45.441502710457215)"
,,,,,Cozzi,"Leone,",,,,s. Geremia,rio terra s. Leonardo,1367.0,,,geremia,Cannaregio,"(12.327390002396168, 45.44381005687468)"
,,,,,Curiel,"Memmo,",,,,s. Marziale,ghetto nuoyo,2906.0,,,marziale,Cannaregio,"(12.327110889002896, 45.445169679952194)"
242,,,,,,,,,,,,,,,,,"(None, None)"
,,,,,Dabala,"Alessandro,",,,,s. Silvestro,ruga del ravano,1032.0,,,silvestro,San Polo,"(12.333224889890971, 45.438057417230084)"
,,,,,Dabala; Spaziani," Lucia,",,,,s. M. del Giglio,calle lunga s. Moisé,2221.0,,,maria del giglio,San Marco,"(None, None)"
,,,,,Dall’Ava,"Alessandrini; Anna,",,,,s. Marco,merceria,727.0,,,marco,San Marco,"(12.337821343054756, 45.435984564952)"
,,,,,D’Azzi,"Valatelli; Giulia,",,,,s. Silvestro,ruga vecchia,560.0,,,silvestro,San Polo,"(12.334198228140453, 45.43860956231302)"
,,,,,De Marchi,"Antonio,",,,,"s, M. Formosa",,5906.0,,,maria formosa,Castello,"(12.339274031246205, 45.43832511756512)"
,,,,,De Paoli,"Antonio,",,,,s. Salvatore,ponte dell’olio,5561.0,,,salvador,San Marco,"(12.337042998270094, 45.43845442763939)"
,,,,,De Paoli,"Francesco,",,,,s. Canciano,salizz. s. Gio. Grisostomo,5784.0,,,canciano,Cannaregio,"(12.33700450593702, 45.438584822213386)"
,,,,,Dionisi,"Giuseppe,",,,,s. M. Glor. dei Frari,fond. del forner,2924.0,,,maria gloriosa dei frari,San Polo,"(12.326528452480403, 45.43586401913987)"
,,,,,Donadoni,"Giovanni,",,,,s. Martino,calle del pestrin,3890.0,,,martino,Castello,"(12.347836062918253, 45.43478199785785)"
,,,,,Facchinetti,Eredi,,,di Gio.,s. Marziale,fond. Ormesini,2688.0,,,marziale,Cannaregio,"(None, None)"
,,,,,Fasoli,"Giovanni,",,,,s. Salvatore,"in merceria,",,,,salvador,San Marco,"(None, None)"
,,,,,Fasoli,"Giovanni,",,,,s. M. del Carmine,campo s. Margherita,2998.0,,,maria dei carmini,Dorsoduro,"(12.323824567519335, 45.4349162759245)"
,,,,vend. girov.,Fassetta,"Giuseppe,",,,,ss. Ermagora e Fort.,rio terra due ponti,1635.0,,,ermargora e fortunato,NO MATCH,"(None, None)"
,,,,,‘Lizier,"Rosa,",,,,s. Luca,calle ‘def fabbri,4739.0,,,luca,San Marco,"(12.335698673894942, 45.43620561280616)"
,,,,,Filippini,"Antonio,",,,,s. Pietro,via nuova,1793.0,,,pietro,Castello,"(12.353607529483138, 45.43242860031122)"
,,,,"vend. girov,",Finzi,"Moisé,",,,,s. Geremia,ghetto vecchio,1150.0,,,geremia,Cannaregio,"(12.325567873623534, 45.44475588068447)"
,,,,,Foa,"Salamone,",,,,s. Geremia,fondamenta Canareggio,1292.0,,,geremia,Cannaregio,"(12.325477106889974, 45.443902615990204)"
,,,,,Franceschi,"Folin.; Angela,",,,,s. Silvestro,ruga del ravano,1032.0,,,silvestro,San Polo,"(12.333224889890971, 45.438057417230084)"
,,,,,Gerbi,"Giovanna,",,,,s. Luca,calle dei fabbri,4711.0,,,luca,San Marco,"(12.336088275004272, 45.43582663091158)"
,,,,,Gasparetto,"Angelo,",,,,s. M. del Carmine,calle lunga,2751.0,,,maria dei carmini,Dorsoduro,"(12.324476348457319, 45.4327833546015)"
,,,,,Gnocchi,"Giosué,",,,,s. Luca,calle dei fuseri,4364.0,,,luca,San Marco,"(12.335302718363064, 45.43476097109269)"
,,,,,Granziotto,"Geltrude,",,,,s. Pietro,campo Ruga,326.0,,,pietro,Castello,"(12.357327304609456, 45.43363144489488)"
,,,,,Locatelli,"Lodovico,",,,,s. Felice,calle s. Sofia,3995.0,,,felice,Cannaregio,"(12.334697863306706, 45.441066077112396)"
,,,,,Locatelli,"Pietro,",,,,s. Felice,al ponte,3714.0,,,felice,Cannaregio,"(12.333806829643493, 45.44182222208945)"
,,,,,Luzzato,"Moisé,",,,,s. Geremia,ghetto vecchio,1135.0,,,geremia,Cannaregio,"(12.325397703015584, 45.444436248527815)"
,,,,,Maffei,Conjugi,,,"rapp. da Maffei Giovanni,",s. Silvestro,campo s. Aponal,1251.0,,,silvestro,San Polo,"(12.332164286271656, 45.43783200977206)"
,,,,,Marampon,"Vincenzo,",,,,ss. Gio. e Paolo,corte Valeria,6291.0,,,giovanni e paolo,Castello,"(12.34216781022416, 45.43883532840452)"
,,,,,Marchetti,"Antonio,",,,,s. M. Formosa,calle lunga,5178.0,,,maria formosa,Castello,"(12.34218977247247, 45.43784577815769)"
,,,,,Marini,"Pietro,",,,,s. Pantaleone,,3956.0,,,pantalon,Dorsoduro,"(12.325401474919795, 45.43592567480592)"
,,,,,Marinoni; Vernier," Elisabetta,",,,,s. Francesco,salizz.,3166.0,,,francesco,Castello,"(12.347263613322296, 45.43705318715187)"
,,,,,Marzollo,"Pietro,",,,,s. Simeone Profeta,fond. rio Marin,779.0,,,simeon profeta,Santa Croce,"(12.324748757426024, 45.43965980473724)"
,,,,,Mascherin,"Pietro,",,,,s. Gio. in Bragora,salizz. s. Antonin,3318.0,,,giovanni in bragora,Castello,"(12.345173707819793, 45.43571103215298)"
,,,,,Mattiazzi,"Giovanna,",,,,s. Marco,merceria s. Giuliano,737.0,,,marco,San Marco,"(12.338171511988348, 45.435787845628326)"
,,,,,Mazzucato,"Giovanni,",,,,s. Zaccaria,calle delle rasse,4528.0,,,zaccaria,Castello,"(12.341802379934265, 45.43485461416564)"
,,,,,Mazzucchelli,"Luigia,",,,,ss. Ermagora e Fort.,rio terra della Maddalena,2346.0,,,ermargora e fortunato,NO MATCH,"(None, None)"
,,,,,Mello,Gaetano,,,"di Sante,",s. M. Formosa,salizzada s. Lio,5729.0,,,maria formosa,Castello,"(12.339394317046454, 45.43719453075676)"
243,,,,,,,,,,,,,,,,,"(None, None)"
,,,,,Mendes,"Giacomo,",,,,s. Luca,calle del love,4814.0,,,luca,San Marco,"(12.335973469204497, 45.43672874438085)"
,,,,,Meneghetti,"Anna,",,,,s. M. del Rosario,rio tevra s. Vito,449.0,,,madonna del rosario,Dorsoduro,"(12.331007861265439, 45.429544002878764)"
,,,,,Milocco,"Sebastiano,",,,,s. Canciano,calle del pestrin,5389.0,,,canciano,Cannaregio,"(12.340546949580071, 45.44098374445226)"
,,,,,Moro,"Domenico,",,,,s. Marco,frezzeria,1739.0,,,marco,San Marco,"(12.335987824641661, 45.434519301281455)"
,,,,,Negri,Giuseppe,,,"di Antonio,",s. M. Formosa,campo s. Lio,5604.0,,,maria formosa,Castello,"(12.338220677577366, 45.43755158294333)"
,,,,,Olivieri,"Pompeo,",,,,s. Giacomo dall’Orio,calle lunga,1625.0,,,giacomo dall'orio,Santa Croce,"(12.328096332515083, 45.44047624632951)"
,,,,,Olivieri,"Pompeo,",,,,s. M. del Carmine,calle della Chiesa,3681.0,,,maria dei carmini,Dorsoduro,"(12.323924978827208, 45.435140635398064)"
,,,,,Paggini,"Dionisie; Nicol,",,,,s. M. Formosa,campo,5854.0,,,maria formosa,Castello,"(12.34069584575151, 45.43731693236482)"
,,,,,Pasqualetti,"Giovanni,",,,,s. Luca,calle del pistor,4577.0,,,luca,San Marco,"(12.335570610442279, 45.436097973205605)"
,,,,,Pastori,"Maria,",,,,s. Pantaleone,fond. Minotto,165.0,,,pantalon,Dorsoduro,"(12.333241677456655, 45.43069272968961)"
,,,,,Pellai,"Giovanna,",,,,s. Gio. in Bragora,"salizzada s, Antonin",3467.0,,,giovanni in bragora,Castello,"(12.345785793853867, 45.435593028751065)"
,,,,,Pellanda,"Maria,",,,,s. Salvatore,a s. Bartolammeo,5038.0,,,salvador,San Marco,"(None, None)"
,,,,,Piva,"Giovanni,",,,,s. M. Formosa,calle s. Antonio,5615.0,,,maria formosa,Castello,"(12.337863149028767, 45.43765298362314)"
,,,,vend. girov.,Polacco,"Sansone,",,,,s. Geremia,ghetto vecchio,1193.0,,,geremia,Cannaregio,"(12.326245437658244, 45.44510103165651)"
,,,,,Pusinich,"Rainieri,",,,,ss. Gervasio e Protasio,fond. Ca Toffetti,1076.0,,,gervasio e protasio,Cannaregio,"(12.323988005644448, 45.44521414336455)"
,,,,,Ricco,"Antonio,",,,,s. Canciano,salizzada,5561.0,,,canciano,Cannaregio,"(12.337788200475428, 45.43974037199983)"
,,,,,Ricolpo,Domenico,,,"rapp. da Giacomo Ricolpo,",ss. Gio. e Paolo,calle dell’ ospedaletto,6375.0,,,giovanni e paolo,Castello,"(12.34278085201719, 45.43846288153528)"
,,,,,Rietti,"Sansone,",,,,s. Geremia,salizzada,321.0,,,geremia,Cannaregio,"(12.325227067034549, 45.4435874231251)"
,,,,,Rigo,"Antonio,",,,,s. Salvatore,calle dell’ orso,5557.0,,,salvador,San Marco,"(12.337013447710815, 45.43835179319225)"
,,,,,Rigo,"Pietro,",,,,s. M. del Rosario,fondamenta Zorzi,370.0,,,madonna del rosario,Dorsoduro,"(12.33113692787986, 45.43031004289851)"
,,,,,Rimini,"Manasse,",,,,s. Marco,merceria dell’orologio,225.0,,,marco,San Marco,"(None, None)"
,,,,,Rizzi,Maria,,,"fu Pietro,",ss. Ermagora e Fort.,rio terra della Maddalena,2353.0,,,ermargora e fortunato,NO MATCH,"(None, None)"
,,,,,Rondina,"Teresa,",,,,s. Cassiano,sottoportico del cappeller,1586.0,,,cassiano,Santa Croce,"(12.32778177104232, 45.4399257065232)"
,,,,,Rondina,"Valentino,",,,,s. Cassiano,calle dei botteri,1756.0,,,cassiano,Santa Croce,"(12.328387426857656, 45.4410974003836)"
,,,,,Sacerdoti,"Moisé,",,,,s. Geremia,ghetto vecchio,1447.0,,,geremia,Cannaregio,"(12.327924627511447, 45.445233150939835)"
,,,,,Salvetti,"Giacomo,",,,,"s, Gio. in Bragora",salizz. s. Antonin,3482.0,,,giovanni in bragora,Castello,"(12.346710740737034, 45.43534513744207)"
,,,,,Sambo,"Domenico,",,,,s. M. del Rosario,calle del Bastion,190.0,,,madonna del rosario,Dorsoduro,"(12.332799851199475, 45.43070971851163)"
,,,,,Sandon,"Giovanni,",,,,s. Silvestro,sottop. di rialto,21.0,,,silvestro,San Polo,"(12.335517747552892, 45.438304074728016)"
,,,,,Sanvito,"Antonio,",,,,s. Luca,calle del pistor,4583.0,,,luca,San Marco,"(12.335362688288864, 45.436008448597605)"
,,,,,Saonaro,"Elisabetta,",,,,s. Eufemia,fond. ponte piccolo,326.0,,,eufemia,Dorsoduro,"(None, None)"
,,,,,Scarpa,"Maddalena,",,,,s. Salvatore,calle del lovo,4825.0,,,salvador,San Marco,"(None, None)"
,,,,,Scatturin,"Angelini; Anna,",,,,s. M. Formosa,calle lunga,6206.0,,,maria formosa,Castello,"(12.34166763494567, 45.43768092104072)"
,,,,,Schidlof,"Giacomo,",,,,s. Marco,merceria,715.0,,,marco,San Marco,"(12.337820377386848, 45.43602413724216)"
,,,,,Sella,"Pietro,",,,,s. M. del Carmine,,2616.0,,,maria dei carmini,Dorsoduro,"(12.322179782446968, 45.43379985484468)"
,,,,,Teardo,"Francesco,",,,,s. M. del. Carmine,camp. Barbarigo,2348.0,,,maria dei carmini,Dorsoduro,"(12.317742772331473, 45.43262255764)"
,,,,,Tonini,"Ottavia,",,,,ss. Ermagora e Fort.,rio terra due ponti,1332.0,,,ermargora e fortunato,NO MATCH,"(None, None)"
,,,,,Tonini,"Giuseppe,",,,,s. Marco,ponte dei baretteri,719.0,,,marco,San Marco,"(12.33767775556551, 45.4361020047848)"
,,,,,Tornago; Pellanda," Maria,",,,,s. Salvatore,merceria stretta,4350.0,,,salvador,San Marco,"(12.335046693471945, 45.434962411476846)"
244,,,,,,,,,,,,,,,,,"(None, None)"
,,,,,Trabucco,"Adelaide,",,,,s. M. Gloriosa dei Frari,campo s. Toma,2818.0,,,maria gloriosa dei frari,San Polo,"(12.327786070603842, 45.436179322687714)"
,,,,,Turolla; Zennaro," Antonia,",,,,s. Francesco,calle fontico,2842.0,,,francesco,Castello,"(12.34626084015344, 45.43777052659541)"
,,,,,Verocai,"Giuseppe,",,,,s. Luca,calle del spezier,3634.0,,,luca,San Marco,"(12.332593370512429, 45.43468383290606)"
,,,,,Vianello,"Catterina,",,,,s. Pantaleone,calle del spezier,3739.0,,,pantalon,Dorsoduro,"(12.325031367196683, 45.43560583788294)"
,,,,,Vianello,"Teresa,",,,,s. Geremia,calleselle,1470.0,,,geremia,Cannaregio,"(12.328092928343303, 45.44541679431617)"
,,,,,Vigevano,"Samuéle,",,,,s. Salvatore,a s. Bartolammeo,5320.0,,,salvador,San Marco,"(12.33628962046375, 45.437894338304076)"
,,,,,Violin,"Marc’; Antonio,",,,,s. Gio. in Bragora,ponte storto,3867.0,,,giovanni in bragora,Castello,"(12.348434656237574, 45.434928734574484)"
,,,,,Visinoni,"Leonardo,",,,,s. M. Gloriosa dei Frari,campo s. Polo,2011.0,,,maria gloriosa dei frari,San Polo,"(12.330140162540971, 45.43717753317057)"
,,,,,Vistosi,"Antonio,",,,,s..Gio. in Bragora,riva degli Schiavonj,4115.0,,,giovanni in bragora,Castello,"(12.347572350715929, 45.43374799638338)"
,,,,,Zamara,"Elisabetta,",,,,s. Pietro,via nuova,1741.0,,,pietro,Castello,"(12.352061059491446, 45.43225897859938)"
,,,,,Zambelli,"Giuseppe,",,,,ss: Apostoli,campo,4545.0,,,apostoli,Cannaregio,"(12.33645018507398, 45.4406978853505)"
,,,,,Zane,"Carlo,",,,rapp. da Giuseppina Morosini vedova Zane,s. Silvestro,campiello dei meloni,1343.0,,,silvestro,San Polo,"(12.33170836597086, 45.437450734550104)"
,,,,,Zanetti,"Teresa,",,,,s. Pietro,fond. s. Anna,1131.0,,,pietro,Castello,"(12.355800207797355, 45.43245751841655)"
,,,,,Zanini,"Virginia,",,,,ss. Apostoli,calle del spezier,4796.0,,,apostoli,Cannaregio,"(12.337798447188609, 45.44193339111739)"
,,,,,Zukermann,"Maurizio,",,,,s. Marco,calle larga,383.0,,,marco,San Marco,"(12.340215157453082, 45.43540709082737)"
,,"MARMI NATURALI, ED ARTIFICIALI (",,Negozianti e Fenditori ).,,,,,,,,,,,,,"(None, None)"
,,,,,Cristofolie,"Comp.,",,,"rapp. da Antonio Cristofoli,",s. Marco,calle dei fabbri,906.0,,,marco,San Marco,"(None, None)"
,,,,neg.,De Rossi,"Gaspare,",,,,s. Simeone Prof.,rio Marin,814.0,,,simeon profeta,Santa Croce,"(12.32499162277781, 45.43888947020535)"
,,,,,Gavagnin; Busetto,Sebastiano; Angelo; Comp.,,,,s. M. del Rosario,rioterra Catecumeni,90.0,,,madonna del rosario,Dorsoduro,"(12.333970226618497, 45.42914410390312)"
,,MASCHERE,,(fabbricatori di),,,,,,,,,,,,,"(None, None)"
,,,,,Fannio,"Domenico,",,,eredi fu,s. Salvatore,merceria,5021.0,,,salvador,San Marco,"(12.336914954211716, 45.43681004819129)"
,,,,"fabb. pi volte premiata,",Palatini,"Serafino,",,,,s. M. Formosa,calle delle Vele s. Lio,5667.0,,,maria formosa,Castello,"(12.338929412832258, 45.43766429707607)"
,,,,,Massari,"Vincenzo,",,,,ss. Gio. e Paolo,calle della testa,5318.0,,,giovanni e paolo,Castello,"(12.33969855815148, 45.436219362946616)"
,,,,,Rossi,"Gaetano,",,,,s. M. Gloriosa dei Frari,calle dell’ olio,2410.0,,,maria gloriosa dei frari,San Polo,"(12.32640109008275, 45.43834512048199)"
245,,,,,,,,,,,,,,,,,"(None, None)"
,,MATERASSAJ,,,,,,,,,,,,,,,"(None, None)"
,,,,,Cavaldoro,"Giacomo,",,,,s. Cassiano,calle dei botteri,1562.0,,,cassiano,Santa Croce,"(12.328016492067501, 45.43934408093974)"
,,,,,Clinet,"Gio.; Battista,",,,,s. Simeone Prof.,lista vecchia Bari,1275.0,,,simeon profeta,Santa Croce,"(12.326354019957645, 45.441302762691706)"
,,,,,Condio,"Gio.; Battista,",,,,s. Simeone Prof. ,fond. rio Marin,810.0,,,simeon profeta,Santa Croce,"(12.324632474941527, 45.43884927583209)"
,,,,,Cordella,"Gio.Battista,",,,,s. M. del Rosario,fond. Venier,734.0,,,madonna del rosario,Dorsoduro,"(12.329605029849649, 45.43055604628398)"
,,,,,D’ Ambros,"Fortunato,",,,,s. M. Formosa,salizz. s. Lio,5726.0,,,maria formosa,Castello,"(12.339264316333887, 45.4372924530695)"
,,,,,Da Ponte,"Giuseppe,",,,,s. M. Formosa,salizz. s. Lio,5575.0,,,maria formosa,Castello,"(None, None)"
,,,,,Dariff,"Antonio,",,,,s. Martino,calle della comare,2648.0,,,martino,Castello,"(12.347815802939595, 45.435759392958865)"
,,,,,De Foch,"Martino,",,,,s. Zaccaria,campo ss. Filippo e Giac.,4335.0,,,zaccaria,Castello,"(None, None)"
,,,,,Franchi; Palazzi," Elisa,",,,,s. M. Formosa,salizz. s. Lio,5573.0,,,maria formosa,Castello,"(12.338488729468889, 45.437449319925605)"
,,,,,Marzio,"Gaetano,",,,,s. Pietro,via nuova,1767.0,,,pietro,Castello,"(12.352423240309443, 45.4322887288222)"
,,,,,Perego,"Alessandro,",,,,s. Marco,spaderia,689.0,,,marco,San Marco,"(12.33895392136613, 45.43533132435985)"
,,,,,Prior,"Luigi,",,,,s. Salvatore,calle della Bissa,5406.0,,,salvador,San Marco,"(12.337187966450701, 45.438048076374685)"
,,,,,Ravizza,"Antonio,",,,,s. Gio. in Bragora,salizzada s. Antonin,3477.0,,,giovanni in bragora,Castello,"(12.346444160230934, 45.4354340391121)"
,,,,,Ricordini,"Domenico,",,,,s. Canciano,salizz. s. Gio. Grisostomo,5781.0,,,canciano,Cannaregio,"(12.337023371132487, 45.43866327232491)"
,,,,,Sala,"Pietro,",,,,s. Luca,calle dei Fuseri,4371.0,,,luca,San Marco,"(12.335301354091108, 45.43501798223174)"
,,,,,Samo,"Filippo,",,,,s. Felice,calle della Chiesa,4187.0,,,felice,Cannaregio,"(None, None)"
,,,,lav.,MOBILI.; Acerbi," Gio.; Batta,",,,,s. Gio. in Bragora,calle dell’ arco,3507.0,,,giovanni in bragora,Castello,"(12.34694246071658, 45.435428762106135)"
,,,,lav.,Acqua,"Giovanni,",,,,s. Simeone Prof.,fond. rio Marin,780.0,,,simeon profeta,Santa Croce,"(12.324759915189043, 45.439652035618536)"
,,,,lav.,Andreotta,Giuseppe,,,,s. M. Glor dei Frari,campo s. Toma,2849.0,,,maria gloriosa dei frari,San Polo,"(12.327278952468241, 45.43618644169658)"
,,,,fabb.,Bagnoli,"Camillo,",,,,s. M. del Giglio,calle del fruttarol,1831.0,,,maria del giglio,San Marco,"(12.33465290486614, 45.434182286437384)"
,,,,lay.,Bagnoli.,"Francesco,",,,,s. Francesco,corte della vida,3042.0,,,francesco,Castello,"(12.348006505878775, 45.436993885624666)"
,,,,lav.,Baldan,"Domenico,",,,,s. Pietro,strada nuova dei giardini,1625.0,,,pietro,Castello,"(12.35171338599931, 45.43204038854486)"
,,,,lav.,Barasciutti,"Antonio,",,,,s. M. del Carmine,"ponte s, Barn.",2806.0,,,maria dei carmini,Dorsoduro,"(12.325259690668817, 45.433211159488884)"
,,,,lav.,Beggio,"Antonio,",,,,s. Luca,calle Memmo o Loredan,4145.0,,,luca,San Marco,"(12.334503696280851, 45.4359916137259)"
,,,,lav.,Benedetti,"Francesco,",,,,s. Zaccaria,"campo s, Severo",5018.0,,,zaccaria,Castello,"(12.343452465601706, 45.436044040652874)"
,,,,lav.,Bernardini,"Antonio,",,,,ss. Apostoli,"calle Boldt,",4995.0,,,apostoli,Cannaregio,"(12.336424564760803, 45.4440622238654)"
,,,,vend.,Bertapelle,"Angelo,",,,,s. Cassiano,campo s. M. Mater Domini,2171.0,,,cassiano,Santa Croce,"(12.330298118698114, 45.43971013732211)"
,,,,lav.,Biadene,"Marco,",,,,s. Zaccaria,calle larga,5129.0,,,zaccaria,Castello,"(12.343156439050272, 45.437289407736095)"
,,,,lav.,Biasiutti,"Francesco,",,,,ss. Ermagora e Fort.,rio terra,2059.0,,,ermargora e fortunato,NO MATCH,"(None, None)"
,,,,lav.,Borella,"Antonio,",,,,s. Silvestro,sottop. dei sbianchesini,1158.0,,,silvestro,San Polo,"(12.33245361180845, 45.437624561697405)"
,,,,lav.,Bozzoli,"Enrico,",,,,s. Silvestro,calle larga Donzella,978.0,,,silvestro,San Polo,"(12.333281132258948, 45.43823062064362)"
,,,,lav.,Brunello,"Giovanni,",,,,s. Silvestro,calle del Paradiso,714.0,,,silvestro,San Polo,"(12.334071646101387, 45.43771521905734)"
,,,,lav.,Brussa,"Giuseppe,",,,,s. Zaccaria,calle corte rotta,4727.0,,,zaccaria,Castello,"(12.342760823586001, 45.43573777837956)"
246,,,,,,,,,,,,,,,,,"(None, None)"
,,,,lav.,Busetto,"Pietro,",,,,s. Silvestro,sottop. Galizzi,1022.0,,,silvestro,San Polo,"(12.333358563447943, 45.437742002349474)"
,,,,fabb.,Carnera,"Antonio,",,,,ss. Gio. e Paolo,calle Bressana,6317.0,,,giovanni e paolo,Castello,"(12.341634450425307, 45.43852880988695)"
,,,,lav.,Carraro,"Giovanni,",,,,s. Zaccaria,calle della Sacrestia,4491.0,,,zaccaria,Castello,"(12.342079884749534, 45.43551593854106)"
,,,,vend.,Cattaneo,"Pietro,",,,,s. Zaccaria,calle Piasentini,4391.0,,,zaccaria,Castello,"(12.340841058693956, 45.43565583461125)"
,,,,vend.,Cocchietto,"Gio.; Batta,",,,,s. M. Gloriosa,in campo,2998.0,,,maria gloriosa dei frari,San Polo,"(12.327202741830032, 45.43694774062847)"
,,,,negoz.,Colnago,"Giovanni,",,,,s. Marco,frezzaria,1230.0,,,marco,San Marco,"(12.336462903929613, 45.43382887287307)"
,,,,lay.,Dal Bianco,"Paolo,",,,,s. Simeone Prof.,ramo I. Gallion,1121.0,,,simeon profeta,Santa Croce,"(12.325536517264414, 45.44049169972148)"
,,,,fabb.,De Cassai,"Gio.; Mfria,",,,,ss. Gio. e Paolo,calle del forno,6397.0,,,giovanni e paolo,Castello,"(12.342824983893717, 45.438466414941736)"
,,,,lav.,De Nati,"Angelo,",,,,s. Canciano,calle del volto,5297.0,,,canciano,Cannaregio,"(12.340289701081515, 45.44168784789253)"
,,,,lav.,De Piccoli,"Giuseppe,",,,,s. M. Gloriosa dei Frari,s. Toma,2815.0,,,maria gloriosa dei frari,San Polo,"(12.32785570641398, 45.4362637872442)"
,,,,lav.,De Toffoli,"Andrea,",,,,s. Cassiano,salizzada s. Stae,1987.0,,,cassiano,Santa Croce,"(12.330130966118485, 45.44102801483946)"
,,,,lav.,Fabris,"Giuseppe,",,,,ss. Gervasio e Prot.,rio della carita,982.0,,,gervasio e protasio,Cannaregio,"(12.322046404638812, 45.44584897042139)"
,,,,lav.,Facchin,"Giovanni,",,,,s. M. del Carmine,ramo del cappeller,3224.0,,,maria dei carmini,Dorsoduro,"(12.325611705430488, 45.43415797914759)"
,,,,lav.,Fantuzzi,"Sante,",,,,s. M. del Rosario,ramo Catecumeni,102.0,,,madonna del rosario,Dorsoduro,"(None, None)"
,,,,lav.,Faresin,"Gaetano,",,,,s. Silvestro,calle del Paradiso,704.0,,,silvestro,San Polo,"(12.333848451045611, 45.437963972871586)"
,,,,lav.,Fontolan,"Lorenzo,",,,,ss. Ermagora e Fort.,campo dei fiori,2260.0,,,ermargora e fortunato,NO MATCH,"(None, None)"
,,,,lav.,Franceschi,"Pasquale,",,,,s. Giac. dall’Orio,campo dei Tedes.,1090.0,,,giacomo dall'orio,Santa Croce,"(12.326041571335375, 45.44013655364612)"
,,,,lav.,Frare,"Angelo,",,,,s. M. Glor. dei Frari,campo del Forner,2376.0,,,maria gloriosa dei frari,San Polo,"(12.326674826513946, 45.4384885194687)"
,,,,lav.,Fumi,"Antonio,",,,,s. Gio. in Bragora,corte Coppo,3348.0,,,giovanni in bragora,Castello,"(12.345161266581345, 45.43584063262358)"
,,,,lav.,Gardazzo,"Alessandro,",,,,s. M. Gloriosa dei Frari,calle del campanil,2874.0,,,maria gloriosa dei frari,San Polo,"(12.327740709292412, 45.43563119064577)"
,,,,lav.,Grassi,"Antonio,",,,,s. Stefano,calle del spezier,2769.0,,,stefano,San Marco,"(12.331082722980884, 45.43312957561719)"
,,,,vend.,Gropello,"Carlo,",,,,s. Canciano,sottop. del pistor,5915.0,,,canciano,Cannaregio,"(12.337619167561893, 45.43953688476695)"
,,,,fabb.,Jogna,"Martino,",,,,s. Francesco,campo della Celestia,2734.0,,,francesco,Castello,"(12.349322888281073, 45.43791322391588)"
,,,,neg.,"Lampertico,",Carlo,,,"rapp. da Lampertico Valentino,",s. Marco,calle di fianco alla Chiesa s. Giuliano,615.0,,,marco,San Marco,"(12.338711816325132, 45.43572771640573)"
,,,,neg.,"Lampertico,",Carlo,,,"rapp. da Lampertico Valentino,",s. Marco,calle di fianco alla Chiesa s. Giuliano,616.0,,,marco,San Marco,"(12.338756805337336, 45.43572895813)"
,,,,lav.,Lannes,"Gio.; Maria,",,,,s. Silvestro,calle di mezzo,1248.0,,,silvestro,San Polo,"(12.33205518921843, 45.43767978430268)"
,,,,negoz.,Levi,"David,",,,,s. Zaccaria,calle del rimedio,4420.0,,,zaccaria,Castello,"(12.340448471613222, 45.435935891344386)"
,,,,neg.,Levi,"Mandolino,",,,,s. Salvatore,calle dei fabbri,4706.0,,,salvador,San Marco,"(12.336210108378925, 45.4357329761468)"
,,,,neg.,Livotti,,"eredi,",,,s. M. Formosa,in campo,5247.0,,,maria formosa,Castello,"(12.34142779028675, 45.43724606903612)"
,,,,lav.,Lorenzetti,"Francesco,",,,,s. M. del Rosario,piscina Venier,841.0,,,madonna del rosario,Dorsoduro,"(12.3289625094929, 45.43025671911145)"
,,,,lav.,Malutta,"Giacomo,",,,,ss. Erm. e Fort.,calle larga Vendramin,2033.0,,,ermargora e fortunato,NO MATCH,"(None, None)"
,,,,lav.,Marini,"Giovanni,",,,,s. Marziale,sottop. dell’ Abazia,3552.0,,,marziale,Cannaregio,"(12.334628397196191, 45.44395882738929)"
,,,,lav.,Marmelada,"Alessio,",,,,s. M. Glor. dei Frari,corte nuova,2442.0,,,maria gloriosa dei frari,San Polo,"(None, None)"
,,,,fabb. e neg.,Marsili,"Antonio,",,,,s. M. del Giglio,calle del botter,2423.0,,,maria del giglio,San Marco,"(12.333764239820114, 45.43279830192807)"
,,,,lav.,Menegoni,"Antonio,",,,,s. M. del Giglio,ramo malvasia vecchia,1922.0,,,maria del giglio,San Marco,"(12.333622408571307, 45.433830621851705)"
,,,,lav.,Mingardo,"Luigi,",,,,s. Gio. in Bragora,sottop. dei preti,3821.0,,,giovanni in bragora,Castello,"(12.347358825736626, 45.43466841791115)"
,,,,lav.,Monaco,"Giuseppe,",,,,s. Zaccaria,fond. al ponte s. Lorenzo,5073.0,,,zaccaria,Castello,"(None, None)"
,,,,lav.,Monello; Gropello," Angelo,",,,d.,s. Zaccaria,calle di mrezzo,4884.0,,,zaccaria,Castello,"(12.34212148214622, 45.436604832466)"
,,,,lav.,Montico,"Antonio,",,,,s. M. Formosa,calle del Paradiso,5743.0,,,maria formosa,Castello,"(12.339809401534875, 45.437489485310714)"
247,,,,,,,,,,,,,,,,,"(None, None)"
,,,,lav.,Morassi,"Pietro,",,,,s. M. Formosa,calle Cocco detta remer,6163.0,,,maria formosa,Castello,"(None, None)"
,,,,lav.,Moro,"Matteo,",,,,s. Silvestro,calle dei due Mori,412.0,,,silvestro,San Polo,"(12.334165437520754, 45.438872102135505)"
,,,,lav.,Padovan,"Giovanni,",,,,s. M. Formosa,corte del forner.,6004.0,,,maria formosa,Castello,"(12.338158311880164, 45.43830523095249)"
,,,,lav.,Pagan,"Giovanni,",,,,s. M. del Rosario,fond. dei saloni,65.0,,,madonna del rosario,Dorsoduro,"(12.334218775202288, 45.42911485613594)"
,,,,vend.,Pase,"Giacomo,",,,,s. Luca,calle dei fuseri,4278.0,,,luca,San Marco,"(12.335280913200153, 45.43541328646575)"
,,,,lav.,Pescarolo,"Antonio,",,,,s. M. Glor. dei Frari,campo s. Toma,2867.0,,,maria gloriosa dei frari,San Polo,"(12.32728701231248, 45.436009254768294)"
,,,,lav.,Pilati,"Francesco,",,,,s. Stefano,salizzada s. Samuele,3135.0,,,stefano,San Marco,"(12.329699548171197, 45.43432578434783)"
,,,,lav.,Pinguelli,"Pietro,",,,,s. Geremia,lista di Spagna,189.0,,,geremia,Cannaregio,"(12.324017650624564, 45.44247408537981)"
,,,,lav.,Pisciutti,"Maurizio,",,,,s. Canciano,campo s. M. Nova,6041.0,,,canciano,Cannaregio,"(12.338970765971302, 45.43983036843169)"
,,,,lav.,Querini,"Giacomo,",,,,s. Silvestro,calle del Paradiso,772.0,,,silvestro,San Polo,"(None, None)"
,,,,lav.,Rossi,"Carlo,",,,,s. Luca,calle della Vida,4294.0,,,luca,San Marco,"(12.334325563561016, 45.43519893929766)"
,,,,lay.,Salvagnini,"Gio.; Maria,",,,,s. Zaccaria,corte rotta,4959.0,,,zaccaria,Castello,"(12.342893485742225, 45.4356669560393)"
,,,,lav.,Sciato,"Angelo,",,,,s. Pietro,fondamenta rio della tana,2106.0,,,pietro,Castello,"(12.352097530418007, 45.4328454048915)"
,,,,lav.,Sellantes,"Giacomo,",,,,s. Canciano,calle Morando,5445.0,,,canciano,Cannaregio,"(12.33959978164912, 45.44109685218159)"
,,,,lav.,Soravia,"Domenico,",,,,s. Marziale,calle Turlona,2852.0,,,marziale,Cannaregio,"(12.326792755310693, 45.446448870335296)"
,,,,lav.,Tesseri,"Giuseppe,",,,,s. Pantaleone,camp. delle mosche,61.0,,,pantalon,Dorsoduro,"(12.334377349191127, 45.429201294512865)"
,,,,lav.,Todesehini,"Giovanni,",,,,all’ Ang. Raffaele,arzere s. Marta,2025.0,,,angelo raffaele,NO MATCH,"(None, None)"
,,,,lav.,Tomaselli,Simeone,,,"fu Giov.,",s. Simeone Prof.,riello terra,1285.0,,,simeon profeta,Santa Croce,"(12.326667359047397, 45.441523596744716)"
,,,,lav.,Tommaselli,Simeone,,,"fu Simeone,",s. Simeone Profeta,riello terra,1280.0,,,simeon profeta,Santa Croce,"(12.32665572643959, 45.441406997175584)"
,,,,lav.,Tonissi,"Giovanni,",,,,"s. Marziale,",calle Zancana,2421.0,,,marziale,Cannaregio,"(12.332226474599812, 45.44345112049974)"
,,,,vend.,Trebaldi,"Francesco,",,,,s. Zaccaria,campo s. Provolo,4707.0,,,zaccaria,Castello,"(12.3423753428945, 45.43503705432849)"
,,,,lav.,Valconi,"Antonio,",,,,s. Felice,camp. del pistor,3846.0,,,felice,Cannaregio,"(12.334013731587664, 45.44144807343804)"
,,,,lav.,Valentini,"Sante,",,,,s. M. Formosa,campo s.' Lio,5658.0,,,maria formosa,Castello,"(12.338352618223931, 45.43774340327748)"
,,,,lav.,Valerio,"Gio.; Battista,",,,,s. Marziale,calle Lezze,2470.0,,,marziale,Cannaregio,"(12.33369424387848, 45.44335801770125)"
,,,,lav.,Vendramin,"Angelo,",,,,s. Nicola da Tolent.,fond Malcanton,3596.0,,,nicola da tolentino,Santa Croce,"(12.32291504974716, 45.43616364424062)"
,,,,lav.,Verona,"Pietro,",,,,s. Silvestro,calle del Paradiso,703.0,,,silvestro,San Polo,"(12.333835898350355, 45.4379772101525)"
,,,,lav.,Viscardi,"Giosué,",,,,s. Giacomo dall’ Orio,ruga vecchia,1453.0,,,giacomo dall'orio,Santa Croce,"(12.326554111197286, 45.44023905140389)"
,,,,"fabb. sedie ad uso di Genova,",Wrässnig,"Sebastiano,",,,,s. Martino,dietro la Tana,2123.0,,,martino,Castello,"(12.352026009988187, 45.43315012674023)"
,,,,neg.,Zamonaro,"Andrea,",,,,s. Marco,calle dei fabbri,922.0,,,marco,San Marco,"(12.336951785070656, 45.43516421628566)"
,,,,vend.,Zampieri,"Andrea,",,,,s. M. del Giglio,sottoportico a fianco del caffettier s. Fantino,1998.0,,,maria del giglio,San Marco,"(12.334170016210475, 45.433682368980286)"
,,,,lav.,Zampieri,"Pietro,",,,,s. M. Glor. dei Frari,calle del forno,2630.0,,,maria gloriosa dei frari,San Polo,"(12.328212033955088, 45.43746089809496)"
,,I. R. MOLINO A VAPORE,,(proprietario dell’),,,,,,,,,,,,,"(None, None)"
,,,,,Oexle,"Federico,",,,,s. Marziale,"fondamenta s, Girolamo.",,,,marziale,Cannaregio,"(None, None)"
248,,,,,,,,,,,,,,,,,"(None, None)"
,,MUSICA,,(negozianti di),,,,,,,,,,,,,"(None, None)"
,,,,,Benxon,"Ghuseppe,",,,"rapp. da Colorio Gio. Battista,",s. Marco,ponte dei beretteri,717.0,,,marco,San Marco,"(12.337733533104634, 45.43607144541736)"
,,,,,Gallo,"Antonio,",,,,s. Marco,procuratie vecchie,113.0,,,marco,San Marco,"(12.337801918335039, 45.43427790251308)"
,,NEGOZIANTI E COMMISS. IN OGNI RAMO.,,,,,,,,,,,,,,,"(None, None)"
,,,,,Antonini,Andrea,,,"rapp. anche p. p. da Antonini Nicold,",s. Zaccaria,rugagiuffa palazzo Grimani,4858.0,,,zaccaria,Castello,"(12.342090011263657, 45.43690488684787)"
,,,,,Alliez,"Eugenio,",,,,s. M. Formosa,salizz. s. Lio,5681.0,,,maria formosa,Castello,"(12.339170669059754, 45.43770100149594)"
,,,,,Aubin; Barriera,,,,,ss. Gio. e Paolo,calle della testa,6125.0,,,giovanni e paolo,Castello,"(12.34101275093482, 45.43761996406227)"
,,,,,Bachmann,"Isidoro,",,,,s. Maria del Giglio,calle dei barcaroli a s. Fantino,1857.0,,,maria del giglio,San Marco,"(12.334575438743563, 45.43417553866903)"
,,,,,Blumenthal,S;A,Comp.,,"rapp. da Sigismondo, Alessandro e Carlo Blumenthal,","s, Marco",frezzeria,1672.0,,,marco,San Marco,"(12.335946836999145, 45.434182902586414)"
,,,,,Bontempelli,"Luigi,",,,,s. Luca,ealle di mezzo,4172.0,,,luca,San Marco,"(12.33444406909211, 45.436749652086746)"
,,,,,Briill,Ignazio,,,"rapp. da Ermanno Scharl,",s. M. del Giglio,calle della Verona,1901.0,,,maria del giglio,San Marco,"(12.333692147747655, 45.434184498453504)"
,,,,,Brizzi,"Domenico,",,,,s. M. Formosa,calle lunga,,,,maria formosa,Castello,"(None, None)"
,,,,,Bortoluzzi,,fratelli,,"rapp. da Tommaso.e Fausto Bortoluazi,",s. M. Formosa,calle del Dose,5877.0,,,maria formosa,Castello,"(12.339987312177593, 45.43792264783391)"
,,,,,Callegari,Sante,,,"fu Pietro,",s. Marco,campo della guerra,516.0,,,marco,San Marco,"(12.338988235799732, 45.4361471846341)"
,,,,,Canali,"Camillo,",,,,s. Marco,calle dei preti,1268.0,,,marco,San Marco,"(12.336747593641368, 45.433405553697646)"
,,,,,Capon,"Gabriele; Abramo,",figlio,,,s. Marziale,,2528.0,,,marziale,Cannaregio,"(12.33245260365703, 45.444379558375836)"
,,,,,Capriati,"Vincenzo,",,,,s. Canciano,salizz. s. Gio. Grisostomo,5725.0,,,canciano,Cannaregio,"(12.336677597178262, 45.4392325490229)"
,,,,,Cicconi; Gentille,G.; D.,,,,"s, M. Formosa",calle del con sole,6240.0,,,maria formosa,Castello,"(12.341860220726398, 45.43806529641523)"
,,,,,Cini Francesco Erede,"Tarma,",,,,s. Giacomo,dall’Orio corte Giovanelli,1681.0,,,giacomo,Santa Croce,"(12.327617869407394, 45.442008488069106)"
,,,,,Coen,Marco;Angelo,fratelli,,"rapp. da Marco Pietro Coen, e Cesare Coen,",s. Marco,calle del ponte dell’ Angelo,403.0,,,marco,San Marco,"(12.339970631522718, 45.43561839681218)"
,,,,,Coen,,fratelli,,di Benedetto,"ss. Ermag. e Fort,",camp. dei fiori,2268.0,,,ermargora e fortunato,NO MATCH,"(None, None)"
249,,,,,,,,,,,,,,,,,"(None, None)"
,,,,,Conomo,Giorgio,,,"di Spiridione,",s. Zaccaria,fond. s. Lorenzo,5048.0,,,zaccaria,Castello,"(12.343935328773298, 45.436526007670224)"
,,,,,Della Vida,Samuele,,,,ss. Ermagora e Fort.,calle Noal,2277.0,,,ermargora e fortunato,NO MATCH,"(None, None)"
,,,,,D' Italia,Abram,Comp.,,"rapp. da D’Italia Abram,",s. Maria del Giglio,,2561.0,,,maria del giglio,San Marco,"(12.332687111766301, 45.43331000316949)"
,,,,,Dubois,,fratelli,,"rapp. da Carlo ed Enrico Dubois,","s. M. Gloriosa, dei Frari",rio terra,2004.0,,,maria gloriosa dei frari,San Polo,"(12.330347862998707, 45.43670745841595)"
,,,,,Ehrfeld,Francesco,,,"rapp. da Fontana Giuseppe,",s. Francesco,salizz. ,2856.0,,,francesco,Castello,"(None, None)"
,,,,,Errera; Errera; Féhr,"Abram; Benedetto; Leonardo,",,,rapp. da Abram,s. Marco,ealle del carro,1630.0,,,marco,San Marco,"(12.335397688970444, 45.43382657995179)"
,,,,,Frecaroli,Giuseppe,,,"rapp. anche p. p. da Luigi e Pietro Feavaroli,",s.Zaccaria,ponte Zorzi,4930.0,,,zaccaria,Castello,"(12.343052812393523, 45.436184602180504)"
,,,,,Gandon,Giovanni,Comp.,,"rapp. da Gandon Giovanai,",s. Marco,calle larga,685.0,,,marco,San Marco,"(12.33902918588341, 45.43523085434459)"
,,,,,"Giussani,",Ghinzani; Gomp.,,,,s. Canciano,"porte dell’olio s.Gio, Grisostomo",5786.0,,,canciano,Cannaregio,"(12.336974069973602, 45.43853203036301)"
,,,,,Ivancich,Luigi;Anton,,,"rapp. da Ivancieh Giovanni, e p. p. da Leopoldo Ivancich,",s. Zaccaria,calle del Rimedio,4421.0,,,zaccaria,Castello,"(12.340523087994693, 45.435978255276474)"
,,,,,Karrer,Giacomo,,,"rapp. anche p. p. da Giorgio Enrico Karrer, Giovanni Karrer e Gesare Federico Karrer,",s. Canciano,calle dei Miracoli,6091.0,,,canciano,Cannaregio,"(12.339213719731653, 45.43907179333247)"
,,,,,Lanza,Giacomo,,,"fu Domenico,",s. Zaccaria,campo s.Gio. in Oleo,4433.0,,,zaccaria,Castello,"(12.341457529306906, 45.43578671161009)"
,,,,,Leis,Edoardo,,,"di Carlo,",s. Marco,af leoni,303.0,,,marco,San Marco,"(12.339067442919717, 45.43478630982513)"
,,,,,Levi,Jacob,figli,,"rapp.da Angelo Levi, Angelo",s. M. Formosa,casselleria,5314.0,,,maria formosa,Castello,"(12.339815944248247, 45.43611979621064)"
,,,,,Loisement; et Stellot,,,,,s. Salvatore,calle dei bombaseri,5109.0,,,salvador,San Marco,"(12.33598612635773, 45.437285984421365)"
,,,,,Loisement; et Stellot,,,,,s. Salvatore,riva del ferro,5122.0,,,salvador,San Marco,"(12.335655436586531, 45.437444550392954)"
,,,,,Luzzato,"David,",,,,s. Marziale,fond. s. Alvise,3218.0,,,marziale,Cannaregio,"(12.327057950396727, 45.44686070033986)"
,,,,,Malcolm,,fratelli,,"rapp. da Giovanni ed Alessandro Malcolm,",s. M. del Giglio,fond. Corner e Zaguri,2504.0,,,maria del giglio,San Marco,"(12.332223884914194, 45.431982696101734)"
,,,,,Margili,"Iunocente,",,,"rapp. da Barera Carlo,",s. Luca,"s, Pater.",4233.0,,,luca,San Marco,"(12.334159149158776, 45.43521634446928)"
,,,,,Mayer,Francesco,Comp.,,"rapp. da Mayer Francesco,",s. Zaccaria,fond. s. Severo,5006.0,,,zaccaria,Castello,"(12.34290515912689, 45.43677142316966)"
,,,,,Moschini,Carlo,,,"del fu Marc’ Antonio,",ss. Gio. e Paolo,fond. s. GiO Laterano,385.0,,,giovanni e paolo,Castello,"(12.35651243041357, 45.43395211426925)"
,,,,,Moudié,,Comp.,,"rapp. da Edoardo Valentine,",s. Stefano,Corte Barbaro,2840.0,,,stefano,San Marco,"(12.329925216476378, 45.432018465870534)"
250,,,,,,,,,,,,,,,,,"(None, None)"
,,,,,Oexle,"Federico,",,,,s. Stefano,corte Locatella,3490.0,,,stefano,San Marco,"(12.330210675266795, 45.435124128015204)"
,,,,,Pezzile,Agostino,,,"‘rapp. da Gajo Francesco,",s. M. Formosa,a s. Marina,2155.0,,,maria formosa,Castello,"(12.350683306872131, 45.432966293663945)"
,,,,,Pietroboni,Faustino,Comp.,,"rapp. da Pietroboni Faustino,",s. Luca,corte dei preti,1000.0,,,luca,San Marco,"(12.337149067073362, 45.4355901596352)"
,,,,,Pigazzi,"Pietro; Aritonio,",,,del fu Gio.,s. M. Formosa,calle della guerra,5381.0,,,maria formosa,Castello,"(12.339832043178168, 45.43662050629999)"
,,,,,Pruckmayer,"Cristoforo,",,,,s. Canciano,campo.,6053.0,,,canciano,Cannaregio,"(12.338907373149397, 45.440066560873525)"
,,,,,Rocca,"Leone,",,,,s. Luca,calle dei fabbri,4691.0,,,luca,San Marco,"(12.336806590960368, 45.435742831013805)"
,,,,,Rubelli,Francesco,,,"q. Cesare rapp. da Giacomo Rubelli,",s. Gio. in Bragora,calle Querini,3695.0,,,giovanni in bragora,Castello,"(12.3450515479467, 45.43490419818507)"
,,,,,Schiellin; Scozia," Giovanni,",fratelli,,"rapp. da Schiellin Giaeomo, e p. p. da Weberbeck Federico Augusto, e",s. Zaccaria,borgoloco,5155.0,,,zaccaria,Castello,"(12.343062712959291, 45.43767297962344)"
,,,,,Secco,"Gio.; Battista,",,,,s. Silvestro,carampane,1518.0,,,silvestro,San Polo,"(12.331568652193171, 45.43849939017166)"
,,,,,Suppiei,Bartolommeo; Vincenzo,,,,s. Canciano,campo s.Maria Nova,6025.0,,,canciano,Cannaregio,"(12.338690928592674, 45.4396882305918)"
,,,,,Todros,Elia,Comp.,,"rapp. da Todros Elia,",s. Marco.,campo Barozzi,2155.0,,,marco,San Marco,"(12.335565424784416, 45.432507847697316)"
,,,,,Treves,"David,",,,,ss. Apostoli,calle Dolfin,5648.0,,,apostoli,Cannaregio,"(12.336668254098386, 45.43990459419813)"
,,,,,Triantafilo,"Cristo,",,,,"s, Zaccaria",fond. s. Lorenzo,5049.0,,,zaccaria,Castello,"(12.344216390950882, 45.43655373824669)"
,,,,,Vaerini,"Alessandro,",,,,s. Zaccaria,calle del figher ss. Filipe e Giacomo,4380.0,,,zaccaria,Castello,"(12.341615929934724, 45.435565473278174)"
,,,,,Vivante,"Giacomo; Raffaele,",,,,s. Zaccaria,campo 4s. Filippo e Giacomo,4475.0,,,zaccaria,Castello,"(12.342293065178907, 45.43548858204202)"
,,,,,Zezzo,Giorgio,fratelli Castori,,"rapp. da Giorgio Zezzo, e da Anastasio e Cristo Castori,",s. Maria Formosa,borgoloco s. Marina,5867.0,,,maria formosa,Castello,"(12.340440162258282, 45.43801453233368)"
,,,,,Zucchelli,Gaetano,Comp.,,"rapp. da Zucchelli Gaetano, e p. p. da Diana Federico,",s. Gio. in Bragora,,3382.0,,,giovanni in bragora,Castello,"(12.344646645426254, 45.4362164945802)"
,,OFFELLIERI.,,,,,,,,,,,,,,,"(None, None)"
,,,,,Acerbi,"Maria,",,,,ss. Apostoli,calle dell’oca,4305.0,,,apostoli,Cannaregio,"(12.335568615292239, 45.440759651283535)"
,,,,,Belli,"Angelo,",,,,s. Cassiano,calle dei botteri,1571.0,,,cassiano,Santa Croce,"(12.328267332803797, 45.43970340780629)"
,,,,,Belli,"Sandre; Sante,",,,,s. Marco,ponte dei-ferali,785.0,,,marco,San Marco,"(12.338216954130171, 45.435502451171665)"
,,,,,Belli,"Sandre; Sante,",,,,s. Luca,in campo,4590.0,,,luca,San Marco,"(12.335113257101018, 45.435873400956105)"
251,,,,,,,,,,,,,,,,,"(None, None)"
,,,,,Bortoluzzi,"Carlo,",,,,s. Pantaleone,,3812.0,,,pantalon,Dorsoduro,"(12.325285976603526, 45.43596188563488)"
,,,,,Coletti,"Giovanni,",,,,s. Salvatore,valle del lovo,4819.0,,,salvador,San Marco,"(12.335880373531696, 45.43661850849215)"
,,,,,Costantini,"Domenico,",,,,s. Pietro,via nuova,1666.0,,,pietro,Castello,"(12.351242715226508, 45.43213725422439)"
,,,,,Dabala,"Cecilia,",,,,s. M. Formosa,calle lunga,5235.0,,,maria formosa,Castello,"(12.341469930824488, 45.4375704044209)"
,,,,,Darman,"Simeone,",,,,s. Maria Gloriosa dei Frari,rio terra dei nomboli,2717.0,,,maria gloriosa dei frari,San Polo,"(12.328489156278115, 45.43642250940043)"
,,,,,De Lorenzi,"Giosué,",,,,ss. Gio. e.Paolo,salizz.,6780.0,,,giovanni e paolo,Castello,"(12.341723021145155, 45.438956919610604)"
,,,,,De Lucia,"Vito,",,,,s. Silvestro,calle del Cristo,2229.0,,,silvestro,San Polo,"(12.329179912676583, 45.4388307707445)"
,,,,,De Mattia,"Antonio,",,,,s. Zaccaria,campo ss. Filippo e Giac.,4523.0,,,zaccaria,Castello,"(12.341674420065074, 45.43500334614451)"
,,,,,De Vido,"Matteo,",,,,s. M. del Carmine,fond. del scaletter,2919.0,,,maria dei carmini,Dorsoduro,"(12.32296785078923, 45.43391007495265)"
,,,,,Fersuoch,"Francesco,",,,,s. M. Formosa,calle del mondo novo,5801.0,,,maria formosa,Castello,"(12.340189861126692, 45.43709941880773)"
,,,,,Fiori,"Antonio,",,,,s. Marco,ponte dei fuseri,1809.0,,,marco,San Marco,"(12.335419415833604, 45.43462559877693)"
,,,,,Ganimede,"Gaudenzio,",,,,s. Salvatore,calle detle acque,4999.0,,,salvador,San Marco,"(None, None)"
,,,,,Kosser Rist,"Giuseppina,",,,,s. Marco,proc. vecchie,80.0,,,marco,San Marco,"(12.337164454165157, 45.43400811149409)"
,,,,,Lombardo,"Luigi,",,,,s. Silvestro,camp. dei melloni,1414.0,,,silvestro,San Polo,"(12.33123812390729, 45.43732721774124)"
,,,,,Margherita,"Giovanni,",,,,s. Marziale,fond. Ormesini,2629.0,,,marziale,Cannaregio,"(12.329839588228658, 45.445196045358514)"
,,,,,Margherita,"Pietro,",,,,s. Felice,,3723.0,,,felice,Cannaregio,"(12.333975059004967, 45.44170007559841)"
,,,,,Mirabella,"Angelo,",,,,s. Marco,bocca di piazza,1280.0,,,marco,San Marco,"(12.33651257224618, 45.43370860932265)"
,,,,,Negrato,"Teresa,",,,,s. Canciano,sottop. ss. Apostoli,5645.0,,,canciano,Cannaregio,"(12.336625580201625, 45.43998476093808)"
,,,,,Palatini,"Gio.; Battista,",,,,s. Salvatore,calle della bissa,5476.0,,,salvador,San Marco,"(12.33737362917179, 45.43779042880749)"
,,,,,Palatini,"Luigi,",,,,s. Marco,calle dell’Angelo,404.0,,,marco,San Marco,"(12.340029021135287, 45.43548829087587)"
,,,,,Panciera,"Bartolammeo,",,,,s. Silvestro,ruga del ravano,1050.0,,,silvestro,San Polo,"(12.333122536460902, 45.438054326744684)"
,,,,,Perini,"Antonio,",,,,s. Geremia,Ponte delle guglie,1301.0,,,geremia,Cannaregio,"(12.325840890379949, 45.44374408121602)"
,,,,,Piani,"Giacomo,",,,,s. Luca,calle della mangola,3724.0,,,luca,San Marco,"(12.333045963592845, 45.434900682749095)"
,,,,,PRtroboni,Pietro; Mario,,,,s. Luca,frezzaria calle dei barcaroli,1723.0,,,luca,San Marco,"(12.335587294762817, 45.43440644661465)"
,,,,,Puppa,"Maria,",,,,s. Gio. in Bragora,salizz. s. Antonin,3306.0,,,giovanni in bragora,Castello,"(12.345739111617158, 45.43563187481768)"
,,,,,Reybaud,"Francesco,",,,,s. M. del Giglio,calle lunga s. Moisé,2093.0,,,maria del giglio,San Marco,"(12.335353634701438, 45.43290313219626)"
,,,,,Rizzardini,"Negrato; Teresa,",,,,s. Canciano,,5645.0,,,canciano,Cannaregio,"(12.336625580201625, 45.43998476093808)"
,,,,,Sala,"Antonio,",,,,s. Canciano,salizzada,5546.0,,,canciano,Cannaregio,"(12.338271667162145, 45.43990405273177)"
,,,,,Sala,"Simeone,",,,,s. Maria del Giglio,calle lunga s. Moisé,2360.0,,,maria del giglio,San Marco,"(12.333790447414161, 45.43270293823586)"
,,,,,Tommasi,Francesca,,,"ved. di Pellegrini Simeone,",ss. Gio. e Paolo,in salizzada.,6779.0,,,giovanni e paolo,Castello,"(12.341797696330303, 45.4388937231397)"
,,,,,Tona; Zanenghi," Giovanna,",,,d.,s. Gio. Grisostomo,salizz.,5760.0,,,giovanni grisostomo,Cannaregio,"(None, None)"
,,,,,Zacagnin,"Lodovico,",,,,ss. Ermag. e Fort.,calle dell’anconetta,1818.0,,,ermargora e fortunato,NO MATCH,"(None, None)"
,,,,,Zanetti,"Angelo,",,,,s. M. del Carmine,calle delle botteghe,3288.0,,,maria dei carmini,Dorsoduro,"(12.324991649607163, 45.433634107647975)"
,,,,,Zanetti,"Giovanni,",,,,s. Cassiano.,calle della Regina,2334.0,,,cassiano,Santa Croce,"(12.331179770647049, 45.43974507811457)"
,,,,,Zanetti,"Leonardo,",,,,s. Pietro,via nuova,1797.0,,,pietro,Castello,"(12.353849643728081, 45.43246468200902)"
,,,,,Zanetti,"Pietro,",,,,s. M. del Giglio,"calle del teatro s, Fantino",1947.0,,,maria del giglio,San Marco,"(12.333252971464404, 45.43372815166907)"
252,,,,,,,,,,,,,,,,,"(None, None)"
,,OLIO,,(negosianti di),,,,,,,,,,,,,"(None, None)"
,,,,,Capriati,"Vincenzo,",,,,s. Canciano,salizz. s. Gio. Grisostomio,5725.0,,,canciano,Cannaregio,"(12.336677597178262, 45.4392325490229)"
,,,,,Cerro,Girolamo,Comp.,,"fu Gio.Battista,",s. Silvestro,pescaria,202.0,,,silvestro,San Polo,"(12.335354746139163, 45.43919592418299)"
,,,,,Cilella,"Domenico,",,,,s. Silvestro,campo della bella Vienna,297.0,,,silvestro,San Polo,"(12.334031804717972, 45.43927768073002)"
,,,,,De Angelis,"Gio,; Battista,",,,,s. Silvestro,,230.0,,,silvestro,San Polo,"(12.334599768306981, 45.43910384044622)"
,,,,,De Martino,"Girolamo,",,,,s. M. Formosa,borgoloco.s. Marina,6121.0,,,maria formosa,Castello,"(12.340645874445102, 45.43796433505091)"
,,,,,De Piccoli,"Federico,",,,,s. Silvestro,calle del sturion,677.0,,,silvestro,San Polo,"(12.334416072056053, 45.43763800110066)"
,,,,,Della Vida,"Samuele,",,,"rapp. anche p. p. da Cesare Della Vida,",ss. Ermagora e Fortunato,calle Noal,2277.0,,,ermargora e fortunato,NO MATCH,"(None, None)"
,,,,,Fanelli,"Giuseppe,",,,rapp. anche p. p.'da Giovanni Marani,s. Zaccaria,fond. dell’ Osmarin,4965.0,,,zaccaria,Castello,"(12.343100589290863, 45.43552572706056)"
,,,,commiss.,Messulam,"Giacomo,",,,,s. Marco,spadaria,677.0,,,marco,San Marco,"(12.338717254378919, 45.435565084442715)"
,,,,,Millin,Antonio;Pietro;Giovanni,"fratelli,",,,s. Felice,calle del squero vecchio s. Sofia,4114.0,,,felice,Cannaregio,"(12.335970484778102, 45.44290662988621)"
,,,,,Millosevich,"Elia,",,,,s. Zaccaria,campo s. Provolo,4701.0,,,zaccaria,Castello,"(12.342594076508815, 45.435064128980024)"
,,,,,Palazzi; Palazzi,"Giacomo,; Vincenzo,",,,,s. M. del Giglio,fond. delle Ostriche,2338.0,,,maria del giglio,San Marco,"(12.333725583781138, 45.43227524168331)"
,,,,commiss.,Patrese,"Sante,",,,,s. Zaccaria,calle preti,4996.0,,,zaccaria,Castello,"(12.343844749365482, 45.43602675152053)"
,,,,,Piamonte,"Nicolo,",,,,s. M. Formosa,calle del fruttariol s. Lio,5715.0,,,maria formosa,Castello,"(12.339604221318707, 45.43764153279133)"
,,,,commiss.,Romiti,Carlo; Massimiliano,"fratelli,",,,s. Silvestro,ruga vecchia,736.0,,,silvestro,San Polo,"(12.334795412763528, 45.437662567376485)"
,,,,,Savini,"Achille,",,,,s. Canciano,corte remer,5706.0,,,canciano,Cannaregio,"(12.336258746554293, 45.43938507225943)"
,,,,,Sciepsevich,"Pietro,",,,,s. Zaccaria,riva degli schiavoni,4199.0,,,zaccaria,Castello,"(12.34195821758965, 45.433877225399385)"
,,,,,Zangerle,"Alberto,",,,,s. Canciano,,5816.0,,,canciano,Cannaregio,"(12.337518353760172, 45.43861239320832)"
,,"OLII MEDICINALI, E TERIACA..",,(fabricators e venditori di),,,,,,,,,,,,,"(None, None)"
,,,,fabb. ter.,Baldisserotto,"Bernardo,",,,,s. Pietro,via nueva,1778.0,,,pietro,Castello,"(12.352848298848523, 45.43232759003333)"
,,,,fabb. olii med.,Barbaro,"Agostino,",,,,s. Nicola da Tolentino,fendamenRizai,318.0,,,nicola da tolentino,Santa Croce,"(12.318349460635913, 45.43521423051512)"
,,,,"fabb. olii med,",Cadorin,Eredi,,,"di Giovanni,",s. M. Formosa,calle della Faya,5603.0,,,maria formosa,Castello,"(12.33823503547136, 45.43753873730845)"
253,,,,,,,,,,,,,,,,,"(None, None)"
,,,,fabbr. ter.,Centenari,"Antonio,",,,,"s, Salvatore",campo s. Bortol.,5511.0,,,salvador,San Marco,"(12.337417216339247, 45.43809199759494)"
,,,,fabb. olii meq.,D’ Indri,"Pasquale,",,,,"s, Zaccaria",rugagiuffa,4755.0,,,zaccaria,Castello,"(12.34244047800749, 45.43613564967019)"
,,,,fabb. olii meq.,D’ Indri,"Pasquale,",,,,s.Geremia,campo,307.0,,,geremia,Cannaregio,"(12.324741176588022, 45.44328042812397)"
,,,,fabb. olii med.,D’ Indri,"Locatelli; Anna,",,,,s. Silvestro,s. Aponal,1229.0,,,silvestro,San Polo,"(None, None)"
,,,,fabb. ter.,Foresti,Giovanni,,,"di Gaetano,",s. Gio. in Bragora,ponte del Sepolcro,4147.0,,,giovanni in bragora,Castello,"(12.345524647045279, 45.43399647736703)"
,,,,fabb: olii med.,Franchi,"Giovanni,",,,,"ss, Gio. e Paolo",all’ ospedaletto,6712.0,,,giovanni e paolo,Castello,"(None, None)"
,,,,,Galvani,Domenico,"figlio,",,"rapp. da Antonio Galvani,",s. Stefano,in campo,2799.0,,,stefano,San Marco,"(12.33071473252146, 45.43317465214387)"
,,,,fabb. olii med.,Molari,"Giovanni,",,,,s.Zaccaria,calle Malvasia,4333.0,,,zaccaria,Castello,"(12.341095497624638, 45.435181065066054)"
,,,,fabb. ter.,Mantovani,"Girolamo,",,,"rapp. da Burri Mantovani Giovanni,",s. Marco,calle larga,413.0,,,marco,San Marco,"(12.339824037121808, 45.43532907714238)"
,,,,fab. ter.,Ongarato,"Filippo; Comp,",,,,s. Luca,in campo,4588.0,,,luca,San Marco,"(12.33517618778901, 45.43596587852646)"
,,,,fabb. olii med.,Pasquini,"Pietro,",,,,s. Salvatore,calle della bissa.,,,,salvador,San Marco,"(None, None)"
,,,,fabb. ter.,Silvestrini ,Eredi,,,"rapp, da Giacomo Scarpis,",s. Silvestro,ponte di Rialto,5318.0,,,silvestro,San Polo,"(None, None)"
,,,,fabb. olii med.,Toffoli,"Giovanni,",,,,s. Felice.,calle del linarol,3687.0,,,felice,Cannaregio,"(12.333098346167207, 45.44175749770855)"
,,,,fabb. olii med.,Tosi,"Pietro,",,,,s. Marziale,"fond, Madonna dell’orto",3438.0,,,marziale,Cannaregio,"(12.333474193765607, 45.445200614365255)"
,,,,fabb. terr.,Zaghis,"Matteo,",,,,s. Gio in Brag.,salizz. s. Antonin,3355.0,,,giovanni in bragora,Castello,"(12.345687176975943, 45.43597590313208)"
,,"OMBRELLE, E BASTONI.(",,"fubbricatori, venditori ed acconeiatori di)",,,,,,,,,,,,,"(None, None)"
,,,,acconc.,Begotti,"Giacomo,",,,,s. Salvatore,corte della Regina,5553.0,,,salvador,San Marco,"(12.336948395810333, 45.43817702338637)"
,,,,fabb. e vend.,Camolli,Gio.; Battista,,,,s. Marco,calle larga,418.0,,,marco,San Marco,"(12.339592287962994, 45.43527771235146)"
,,,,"fabb. e negoz. piii volte premiato,",Chitarin,"Lorenzo,",,,,s. Salvatore,merceria,5030.0,,,salvador,San Marco,"(12.336569418175012, 45.43691890263133)"
,,,,aeconc.,Colombo,"Benedetto,",,,,s. Pietro,via nuova,1596.0,,,pietro,Castello,"(12.352115814216262, 45.43208918579801)"
,,,,,Crille,"Bressan; Margherita,",,,,s. Marco,all’ Ascensione,1296.0,,,marco,San Marco,"(12.336978843640617, 45.43338751695693)"
,,,,aceonc.,Ferro,"Bartolameo,",,,,s. Canciano,salizz. s. Gio. Gris.,5797.0,,,canciano,Cannaregio,"(12.337091104096325, 45.43884478782285)"
,,,,aceonc.,Giogna,"Tommaso,",,,,s. M. del Carmine,calle botteghe,3178.0,,,maria dei carmini,Dorsoduro,"(None, None)"
,,,,acconc.,Gonzaga,"Giacomo,",,,,s. Stefano,calle crosera,3127.0,,,stefano,San Marco,"(12.329916794443816, 45.43411567078111)"
,,,,acconc.,Maccarini,"Carlo,",,,,s. Silvestro,ruga del ravano,1052.0,,,silvestro,San Polo,"(12.3330179421396, 45.4380182989784)"
,,,,acconc.,Martelli,"Federico,",,,,s. Stefano,sotto i chiostri,3545.0,,,stefano,San Marco,"(None, None)"
254,,,,,,,,,,,,,,,,,"(None, None)"
,,,,accone.,Michieli,"Domenico,",,,,s. Salvatore,calle stagneri.,5184.0,,,salvador,San Marco,"(12.336872057039123, 45.43729948585154)"
,,,,accone.,Rota,"Lorenzo,",,,,s. Silvestro,ruga degli orefici,87.0,,,silvestro,San Polo,"(12.33476835744335, 45.43887061044806)"
,,,,acconc.,Squertroli,"Antonio,",,,,s. Canciano,calle Dolfin,5620.0,,,canciano,Cannaregio,"(12.336720547788628, 45.43985033485125)"
,,,,fabb. e vend.,Tealdo,"Eugenio,",,,,s. Marco,"merceria 266,",267.0,,,marco,San Marco,"(12.338658357564317, 45.43510053973591)"
,,,,acconc.,Zorzi,"Luigi,",,,,s. M. Glor. dei Frari,sott. Zen,2567.0,,,maria gloriosa dei frari,San Polo,"(12.327372944879823, 45.4372893527429)"
,,"OREFICI, GIOSELLIERI, ARGENTIERI, BIGIUTTIERI.",,,,,,,,,,,,,,,"(None, None)"
,,,,lav. big.,Andretta,"Gio.; Battista,",,,,s. Simeone,,1145.0,,,simeon,Santa Croce,"(12.325567108658896, 45.440918929418444)"
,,,,lay. oref.,Baseggio,"Tommaso,",,,,s. Marco,spaderia,667.0,,,marco,San Marco,"(12.339003476186381, 45.435322182815625)"
,,,,oref.,Beltramelli,"Giacomo,",,,,s. Silvestro.,campo rialto nuovo,519.0,,,silvestro,San Polo,"(12.334994419421998, 45.43835240653876)"
,,,,oref. e gioj.,Binetti,F.; A.; L.,fratelli,,,s. Salvatore,ponte rialto,5325.0,,,salvador,San Marco,"(12.336042683049705, 45.437963809633416)"
,,,,,Bobolini,"Filippo,",,,rapp. da Elisabetta Bobolini,s. Marco,ponte dei berretteri,723.0,,,marco,San Marco,"(12.337690354240918, 45.436050054519065)"
,,,,,Bosatto,Antonio,frat.,,"rapp. da Antonio, Domenico e Angelo Bosatto,",s. Simeone Prof.,riva di Biasio,1303.0,,,simeon profeta,Santa Croce,"(12.324947531177598, 45.441658933131514)"
,,,,,Buscovich,"Giovanna,",,,,s. Silvestro,sottop. di rialto,73.0,,,silvestro,San Polo,"(12.3353761361422, 45.43833749351833)"
,,,,,Castellani,"Giuseppe,",,,,s. Silvestro,sottoportici,60.0,,,silvestro,San Polo,"(12.334926321200973, 45.438643290962986)"
,,,,orefice e gioj.,Castellani,"Maron; Angela,",,,,s. Silvestro,sottoportici di rialto,64.0,,,silvestro,San Polo,"(12.335058603729454, 45.438553211293936)"
,,,,lav. oref.,Checchin; Masier," Teresa,",,,,s. Luca,calle dei fuseri,4459.0,,,luca,San Marco,"(12.335319093727522, 45.43528797185746)"
,,,,orefice e bigiutt.,Coccon,"Alvise,",,,,s. Gio. in Bragora,ponte della Pieta,4155.0,,,giovanni in bragora,Castello,"(12.344260650148383, 45.43413224752649)"
,,,,lav. oref.,Comirato,"Giuseppe,",,,,"s, Silvestro",sottop. rialto,70.0,,,silvestro,San Polo,"(12.335254691179097, 45.438419939682014)"
,,,,big.,"Cristophe,; Brémond; Schulze,",,,,,s.Marco,proc. vecchie,145.0,,,marco,San Marco,"(12.338826948920897, 45.434726222058636)"
,,,,big.,"Cristophe,; Brémond; Schulze,",,,,,s.Marco,proc. vecchie,146.0,,,marco,San Marco,"(12.338881198109515, 45.43474218501113)"
,,,,oref. e gioj.,Cucchetti,"Carlo,",,,,s. Moisé,frezzeria,1149.0,,,moise,San Marco,"(12.336212455672063, 45.434222795250605)"
,,,,orefice e gioj.,Cucchetti,"Francesco,",,,,s. Canciano,ponte s. Gio. Grisostomo,5899.0,,,canciano,Cannaregio,"(12.337112622169796, 45.43961081773996)"
,,,,lay.,D’ Azzo,"Marco,",,,,s. Marco,spaderia,693.0,,,marco,San Marco,"(12.3388311623497, 45.43541864112504)"
,,,,oref. e gioj.,De Pita,"Luigi,",,,,s. Luca,calle dei fuseri,4459.0,,,luca,San Marco,"(12.335319093727522, 45.43528797185746)"
,,,,lav. oref.,Ellero,"Angelo,",,,,s. Silvestro,ruga riallo,74.0,,,silvestro,San Polo,"(12.33544072294454, 45.43829020746333)"
,,,,bigiutt.,Fanma,"Antonio,",,,rapp. da Arpalice Manin,s. Marco,proc. vecchie,115.0,,,marco,San Marco,"(None, None)"
,,,,lay. oref.,Fantini,"Antonio,",,,,s. Silvestro,ruga orefici,34.0,,,silvestro,San Polo,"(12.335039706379767, 45.43863089592587)"
,,,,oref. e arg. big.,Fantini,"Gio.; Battista,",,,,"s. Marco,",s. merceria Giuliano,788.0,,,marco,San Marco,"(12.33837342589279, 45.43559354194561)"
,,,,oref. e arg. big.,Fantini,"Gio.; Battista,",,,,"s. Marco,",ponte ferali,792.0,,,marco,San Marco,"(12.338071449436995, 45.43537063343618)"
,,,,oref. e arg. big.,Fantini,"Gio.; Battista,",,,,s. Silvestro,ponte rialto,11.0,,,silvestro,San Polo,"(12.335734983933497, 45.43814397343212)"
255,,,,,,,,,,,,,,,,,"(None, None)"
,,,,lav. oref.,Fantini,"Giuseppe,",,,,s. Marco,spaderia,665.0,,,marco,San Marco,"(12.339046405154292, 45.43526781029321)"
,,,,lav.,Fulich,"Lorenzo,",,,,s. Silvestro,campo s. Aponal,1236.0,,,silvestro,San Polo,"(12.331837888012686, 45.437517763905504)"
,,,,lav.,Galli,"Angelo,",,,,s. Marco,bocca di piazza,1240.0,,,marco,San Marco,"(12.33676116113203, 45.4337847382117)"
,,,,big.,Insom,"Giovanni,",,,,s. Marco,proc.. vecchie,104.0,,,marco,San Marco,"(12.337588822599008, 45.43428132130975)"
,,,,"neg. gioje,",Lambranzi,"Antonio,",,,"rapp. da Thomas Elisabetta, e Berrara Benedetto,",s. Marco,calle larga,486.0,,,marco,San Marco,"(12.338947001522822, 45.435938304599155)"
,,,,oref. e gioj.,Manoni,"Gio.; Battista,",,,,s. Silvestro,,9.0,,,silvestro,San Polo,"(12.33580100849354, 45.43810517267907)"
,,,,,Mauborgne; Julien,,fratelli,,,s.Marco,proc.vecchie,135.0,,,marco,San Marco,"(12.338505918634565, 45.43458203204965)"
,,,,,Mauborgne; Julien,,fratelli,,,s.Marco,proc.vecchie,136.0,,,marco,San Marco,"(12.338542453523507, 45.434597615796875)"
,,,,oref. e gioj.,Monferini,"Graziadio,",,,,s. Luca,salizz.,4211.0,,,luca,San Marco,"(None, None)"
,,,,orefice e gioj.,Morchio,Giuseppe,,,"suce. ad Arnd,",s. Marco,in spaderia,659.0,,,marco,San Marco,"(12.339170776296404, 45.435166839967735)"
,,,,big. ed oref.,"Moro; Pasquazza,",,,,,s.Luca,campo,4592.0,,,luca,San Marco,"(12.335047608428912, 45.435843283901455)"
,,,,big. ed oref.,"Moro; Pasquazza,",,,,,s.Luca,campo,4196.0,,,luca,San Marco,"(None, None)"
,,,,oref.,Padovin,Giovanni,,,"fu Giulio,",s. Silvestro,calle dell’ olio,1068.0,,,silvestro,San Polo,"(None, None)"
,,,,oref.,Padovin,Giovanni,,,,s. Pietro,via nuova,1650.0,,,pietro,Castello,"(12.351019078233621, 45.43211069997438)"
,,,,oref. gioj.,Pallotti,"Giovanni,",,,,s. Marco,spadaria,673.0,,,marco,San Marco,"(12.338797109707517, 45.43549318562273)"
,,,,oref. lav.,Panciera,"Angelo,",,,,s.M. Formosa,calle lunga,6184.0,,,maria formosa,Castello,"(12.341516990586957, 45.43762601047103)"
,,,,oref. lay.,Pangalli,"Annibale,",,,,s. Silvestro,calle Parangon,511.0,,,silvestro,San Polo,"(12.334698324860968, 45.438585068881146)"
,,,,oref. gioj.,Pasquini,"Pietro,",,,,s. Silvestro,ponte Rialto,8.0,,,silvestro,San Polo,"(12.335836538335952, 45.438084292802856)"
,,,,oref. e big.,Persicali,"Vincenzo,",,,,s. Silvestro,,66.0,,,silvestro,San Polo,"(12.335153617390755, 45.4384885580651)"
,,,,oref. e big.,Persicali,"Vincenzo,",,,,s. Silvestro,,492.0,,,silvestro,San Polo,"(12.335102230655632, 45.43845182259737)"
,,,,lav.,Pezzetto,"Giovanni,",,,,s. Marco,sottop. cariole,637.0,,,marco,San Marco,"(12.33904435684759, 45.43548587867441)"
,,,,oref. big. (perito givrato),Pilotto,"Francesco,",,,,s. Marco,spadaria,683.0,,,marco,San Marco,"(None, None)"
,,,,big.,Podreider,,"fratelli,",,"rapp. da Pietro Podreider,",s. Marco,merceria dell’ orologio,227.0,,,marco,San Marco,"(None, None)"
,,,,oref.,Ratti,"Antonio,",,,,s. Felice,campo s. Sofia,4193.0,,,felice,Cannaregio,"(12.3349552573047, 45.4409337387862)"
,,,,big.,Reis,"Ignazio,",,,,s. Marco,procuratie vecchie,432.0,,,marco,San Marco,"(None, None)"
,,,,neg. gioj.,Riechetti,"Consiglio,",,,,s. Geremia,fond. Cannareggio,1295.0,,,geremia,Cannaregio,"(12.325538494555706, 45.443864368347754)"
,,,,oref.,Rigo,"Antonio,",,,,s. Silvestro,,522.0,,,silvestro,San Polo,"(12.335074097369267, 45.4382972435386)"
,,,,lav. oref. ,Rizzati,Antonio,,,"success. Giacomo Bellotti,",s.Marco,spadaria,695.0,,,marco,San Marco,"(12.33877001317141, 45.435470164991514)"
,,,,,Romanelli,"Girolamo,",,,,s. Silvestro,campo Rialto nuovo,521.0,,,silvestro,San Polo,"(12.335045198989333, 45.43831725059691)"
,,,,big.,‘Romanin,"Andrea,",,,,ss. Gerv. e Prot.,calle Toffetti,1078.0,,,gervasio e protasio,Cannaregio,"(12.323678141567175, 45.444773481090174)"
,,,,oref.,Romieri,"Giovanni,",,,,s. M. Glor.dei Frari,campo s. Polo,2096.0,,,maria gloriosa dei frari,San Polo,"(12.329298027529058, 45.436958577155906)"
,,,,,Rossetti,"Domenico,",,,,s. Marco,frezzeria,1796.0,,,marco,San Marco,"(12.33571377863015, 45.434456079947566)"
,,,,"fabb. catenella d’oro,",Sandon,"Giacomo,",,,,s. Silvestro,calle Galeazza,407.0,,,silvestro,San Polo,"(12.334318830024632, 45.438940897992666)"
,,,,lav.,Serraglia,"Vincenzo,",,,,s. Silvestro,ruga orefici,45.0,,,silvestro,San Polo,"(12.334680274498345, 45.4388782731247)"
,,,,,Tabacco; Pantezzi," Margherita,",,,,s. Luca,campo,4563.0,,,luca,San Marco,"(12.335648221242622, 45.43596815710434)"
,,,,oref. e gioj.,Tessarin,"Giuseppe,",,,,s. Silvestro,,20.0,,,silvestro,San Polo,"(12.335541388915495, 45.43828901223105)"
,,,,lav.,Tognolla,"Gaetano,",,,,s. Silvestro,sottop. Bialto,64.0,,,silvestro,San Polo,"(12.335058603729454, 45.438553211293936)"
256,,,,,,,,,,,,,,,,,"(None, None)"
,,,,oref. big.,Valassa,Giuseppe,,,rapp. da Teresa Brunella,s. Glo. in Bragora,riva schfavoni,4130.0,,,giovanni in bragora,Castello,"(None, None)"
,,,,,Valente,"Bartolammea,",,,,s. Simeone Prof.,campo Tedeschi,1094.0,,,simeon profeta,Santa Croce,"(12.325783415423798, 45.44016413525542)"
,,,,,Valente,"Tommaso,",,,,s. Silvestro,sottoportico Rialto,67.0,,,silvestro,San Polo,"(12.335175638521491, 45.438473608052746)"
,,,,oref. gioj.,Zan,"Gio.; Battista,",,,,s. Silvestro,,13.0,,,silvestro,San Polo,"(12.335669721590511, 45.43818232625191)"
,,,,oref.,Zandinella,"Fortunato,",,,,"s, M. Formosa",salizz. s. Leone,5572.0,,,maria formosa,Castello,"(12.338565763773184, 45.43743063648712)"
,,,,lav. big.,Zanetti,"Paolo,",,,,s. Marco,in spadaria,686.0,,,marco,San Marco,"(12.339008857440492, 45.435258065609695)"
,,OROLOGIAI.,,,,,,,,,,,,,,,"(None, None)"
,,,,,Albertini,"Giovanni,",,,,s. Pietro,via nuova,1767.0,,,pietro,Castello,"(12.352423240309443, 45.4322887288222)"
,,,,,Briiderlin,"Rodolfo,",,,,s. Silvestro,-ponte Rialto,5324.0,,,silvestro,San Polo,"(None, None)"
,,,,,Cantoni,"Luigi,",,,,"s, Felice",fondamenta dclla Chiesa,3645.0,,,felice,Cannaregio,"(12.333593995843671, 45.441880636419114)"
,,,,,Coen,Levi,,,"di Raffaele,",s. Marco,spadaria,681.0,,,marco,San Marco,"(None, None)"
,,,,,Corradi,"Antonio,",,,,s. Salvatore,campo s. Bartolammeo,5279.0,,,salvador,San Marco,"(12.336769175363989, 45.43744355910088)"
,,,,,"Cristophe; Schulze,",,,,,s. Marco,procuratie veechie,145.0,,,marco,San Marco,"(12.338826948920897, 45.434726222058636)"
,,,,,"Cristophe; Schulze,",,,,,s. Marco,procuratie veechie,146.0,,,marco,San Marco,"(12.338881198109515, 45.43474218501113)"
,,,,,De Marco,"Vincenzo,",,,,s. M. Gloriosa dei Frari,calle Dona,2529.0,,,maria gloriosa dei frari,San Polo,"(12.327246291141794, 45.437999459008715)"
,,,,,Di Bernardo,"Enrico,",,,,s. Marco,saliez. s. Moisé,1344.0,,,marco,San Marco,"(12.336603612586755, 45.43329449864398)"
,,,,,Donadoni,"Bartolammeo,",,,,s. Marco,proc. vecchie,141.0,,,marco,San Marco,"(12.338697591848335, 45.43468854886902)"
,,,,,Finco,"Giovanni,",,,,s. Salvatore,merceria,5022.0,,,salvador,San Marco,"(12.336836462369101, 45.43685075777251)"
,,,,,Fogolin,"Terresan; Maria,",,,,s. Zaccaria,calle raghetta,4321.0,,,zaccaria,Castello,"(12.34097357529809, 45.43507090405111)"
,,,,,Fratin,"Loretzo,",,,,s. Marco,spadaria,696.0,,,marco,San Marco,"(12.3387437503565, 45.43549320219077)"
,,,,,Gasparini,"Eugenio,",,,,s. Gio. in Bragora,riva dei schtavont,4127.0,,,giovanni in bragora,Castello,"(12.346920465641267, 45.433860842640485)"
,,,,,Gastaldello,"Giacomo,",,,,s. M. Formosa,salle. s. Lio,5473.0,,,maria formosa,Castello,"(12.33914980815213, 45.43726158126568)"
,,,,,Geisler,"Guglielmo,",,,,s. Marco,procuratie nuove,75.0,,,marco,San Marco,"(12.337325090752529, 45.43349976083676)"
,,,,,Hibel,"Franceseo,",,,,s. Salvatore,in merceria,4849.0,,,salvador,San Marco,"(12.336974249110575, 45.43664782022986)"
,,,,,Maddalena,"Guglielmo,",,,,s. Canciano,salizs. s. Gio. Grisost.,5791.0,,,canciano,Cannaregio,"(12.337055611886003, 45.438663105282174)"
,,,,,Manfrin,"Domenito,",,,,s. Marco,calle larga,411.0,,,marco,San Marco,"(12.339890328670096, 45.43534280814624)"
,,,,,Manzoni,"Luigi,",,,,s. M. Gloriosa dei Frari,campo s. Rocco,3126.0,,,maria gloriosa dei frari,San Polo,"(None, None)"
,,,,,Marchetti,"Francesco,",,,,s. Canciano,ponte s. Gio. Grisostomo,5687.0,,,canciano,Cannaregio,"(None, None)"
,,,,,Mascagnin,"Vincenzo,",,,,s. Silvestro,camp. dei Meloni s. Aponal,1412.0,,,silvestro,San Polo,"(12.331304114942782, 45.43735005942918)"
,,,,,Mauborgne;Julien,,fratelli,,"rapp. da Mauborgne Fiorentino,",s. Marco,procuratie vecchie,135.0,,,marco,San Marco,"(12.338505918634565, 45.43458203204965)"
,,,,,Mauborgne;Julien,,fratelli,,"rapp. da Mauborgne Fiorentino,",s. Marco,procuratie vecchie,136.0,,,marco,San Marco,"(12.338542453523507, 45.434597615796875)"
,,,,,Petoello’,"Gabriele,",,,,ss. Ermag. e Fort.,rioterra Maddalena,239.0,,,ermargora e fortunato,NO MATCH,"(None, None)"
,,,,,Planer,"Pietro,",,,,. Silvestro,sottoportict rialto,68.0,,,silvestro,San Polo,"(12.335200386461496, 45.438456806826075)"
,,,,,Piccotti,"Maria,",,,ved. Grilli,s. M.del Giglio,"calle lunga s. Moisé,",2088.0,,,maria del giglio,San Marco,"(12.335374214241416, 45.433088969459625)"
,,,,,Stecher,"Aronne,",,,,s. Marco,in frezteria,1180.0,,,marco,San Marco,"(12.33636316595271, 45.43400046876917)"
,,,,,Thiele,"Giulio,",,,,s. Marco,ai-leoni,315.0,,,marco,San Marco,"(12.3394702473523, 45.43497705993641)"
,,,,,Zambelli,"Giovanni,",,,,s. M. Formosa,calle lunga,5234.0,,,maria formosa,Castello,"(12.341511853420096, 45.43759206106538)"
257,,,,,,,,,,,,,,,,,"(None, None)"
,,,,,Zampieri,"Francesco,",,,,s..Marco,merceria s. Giuliano,789.0,,,marco,San Marco,"(None, None)"
,,,,,Zorzi,"Costante,",,,,s. Marco,all’ Ascensione,1297.0,,,marco,San Marco,"(12.337009087713323, 45.43339562472128)"
,,,,,Zorzi,"Fedele,",,,,s. Marco,procuratie nuove,51.0,,,marco,San Marco,"(12.338577291804862, 45.43375124420574)"
,,OSTI E TRATTORI.,,,,,,,,,,,,,,,"(None, None)"
,,,,,Andrighetti,"Antonio,",,,,s. M. Formosa.,"calle lunga,",6249.0,,,maria formosa,Castello,"(12.342040951058165, 45.43779966407474)"
,,,,,Anseau,"Giuseppina,",,,,s. M. del Carmine,calle lupga s. Barn.,2631.0,,,maria dei carmini,Dorsoduro,"(12.322098375216353, 45.43243231887044)"
,,,,,Astolfoni,"Carlo,",,,,s. M. del Rosario,rio terra s. Gregorio,121.0,,,madonna del rosario,Dorsoduro,"(12.333682280049345, 45.430238273846435)"
,,,,,Bagatin,"Angelo,",,,,ss. Apostoli,calle del traghetto,5640.0,,,apostoli,Cannaregio,"(12.336317836637921, 45.43988629400602)"
,,,,,Balduin,"Gio.; Maria,",,,,s. Stefano,campo dela. Chiesa,3525.0,,,stefano,San Marco,"(12.330902941021513, 45.434080613977954)"
,,,,,Ballarin,"Giovanni,",,,,all Angelo Raff.,campo 3. Baseggio,1527.0,,,angelo raffaele,NO MATCH,"(None, None)"
,,,,,Barbon,"Antonio,",,,,s. Eufemia,fond. Zitelle,37.0,,,eufemia,Dorsoduro,"(12.334377448185943, 45.429880362129225)"
,,,,,Barcella,"Angelo,",,,,s. Marco,calle lunga s. Moisé,2051.0,,,marco,San Marco,"(12.3345238108023, 45.43327286338463)"
,,,,,Baroni,"Valentino,",,,,s. Martino,calle bastion,2540.0,,,martino,Castello,"(12.348384394380574, 45.435934143970364)"
,,,,,Basso,"Pietro,",,,,s. M. Formosa,campo s. Marina,6043.0,,,maria formosa,Castello,"(12.338937475572926, 45.43844177148507)"
,,,,,Baston,Bon; Catterina;,,,,s. Giacomo dall’Orio ,fond. Grue,2023.0,,,giacomo dall'orio,Santa Croce,"(12.329687508204954, 45.440181461757994)"
,,,,,Bazzana,Angelo,,,"rapp. da Cristofoli Lorenzo,",s. Pantaleone,fondam. Condulmer,252.0,,,pantalon,Dorsoduro,"(12.33308468959146, 45.429376983815956)"
,,,,,Bellemo,"Stefano,",,,,s.Silvestro,calle della Madonna,594.0,,,silvestro,San Polo,"(12.33457114642833, 45.43822941534524)"
,,,,,Beltrame,"Giuseppe,; Maria; Giovanna,",,,,s. Luca,a s.Benedetto,3965.0,,,luca,San Marco,"(12.33275568434152, 45.43528658025057)"
,,,,,Bertolini,"Giuseppe,",,,,s. Martino,pescaria,3958.0,,,martino,Castello,"(12.34748292486304, 45.434504599815845)"
,,,,,Bevilacqua,"Giovanni,",,,,ss. Gio. e Paolo,calle della testa,6374.0,,,giovanni e paolo,Castello,"(12.34282141492037, 45.438551313092006)"
,,,,,Bianchi; Tamagoro," Domehioo,",,,d.,s. Geremia,fond. Savorg,658.0,,,geremia,Cannaregio,"(12.32123637228482, 45.44565758669713)"
,,,,,Biasion,"Pietro,",,,,s. Simeone Prof.,fond. Minotto,134.0,,,simeon profeta,Santa Croce,"(12.322686922174965, 45.43665785419972)"
,,,,,Biasiuti,"Vincenzo,",,,,ss. Gio. e Paolo,calle caffettier,6645.0,,,giovanni e paolo,Castello,"(12.344973852957102, 45.43851506899616)"
,,,,,Bilucaglia,"Giovanni,",,,,s. Marco,salizz. s. Moise,1355.0,,,marco,San Marco,"(12.33649485412725, 45.43293299900142)"
,,,,,Binetti,"Angelo,",,,,s. Marco,corte Foscara,1483.0,,,marco,San Marco,"(12.336312088085517, 45.43342748485416)"
,,,,,Biondo; Scarpa," Graziosa,",,,,s. M. Gloriosa dei Frari,calle del Cristo s. Agostino.,2222.0,,,maria gloriosa dei frari,San Polo,"(12.32950647609673, 45.43896694334384)"
,,,,,Bonometto,"Maria,",,,,ss. Ermagora e Fort.,calle larga,2782.0,,,ermargora e fortunato,NO MATCH,"(None, None)"
,,,,,Bonvecchiato,"Carlo,",,,,s. Marco,calle del carro,1629.0,,,marco,San Marco,"(12.335344624663495, 45.43381743431904)"
,,,,,Bortoluzzi,"Margherita,",,,,s. M. del Carmine,calle remer,3432.0,,,maria dei carmini,Dorsoduro,"(12.32372390713483, 45.43495288704428)"
,,,,,Bortoluzzi,"Vincenzo,",,,,s. Cassiano,calle della Regina,2265.0,,,cassiano,Santa Croce,"(12.331088517361216, 45.43966680727955)"
,,,,,Brasi,"Giuseppe,",,,,s. Silvestro,panatteria,340.0,,,silvestro,San Polo,"(12.333882385036752, 45.439954587759985)"
,,,,,Bresovich,Anna,,,"fu Martino,",s. Marco,calle del ridotto,1357.0,,,marco,San Marco,"(None, None)"
,,,,,Bressana,"Marcolina; Domeniea,",,,,s. Marco,caile Burozzi,1452.0,,,marco,San Marco,"(None, None)"
,,,,,Brunello,"Sebastiano,",,,,s. M. del Carmine,fond. s. Lorenzo,3109.0,,,maria dei carmini,Dorsoduro,"(12.324277279950499, 45.433450976620804)"
258,,,,,,,,,,,,,,,,,"(None, None)"
,,,,,Brastolon,"Sebastiano,",,,,s. Pietro,ruga,269.0,,,pietro,Castello,"(12.35738340845819, 45.43313658039559)"
,,,,,Burigana,"Anna,",,,,s. Simeone Prof.,calle sporca,1233.0,,,simeon profeta,Santa Croce,"(12.325490008890233, 45.441100167952385)"
,,,,,Busetto,"Agostino,",,,,s. Pietro,via nuova,1736.0,,,pietro,Castello,"(12.351868209824614, 45.43222378738911)"
,,,,,Busetto,"Antonio,",,,"d. Beo,",ss. Gervasio e Prot.,fond. s. Bastian,2580.0,,,gervasio e protasio,Cannaregio,"(12.331530777626499, 45.44493289561522)"
,,,,,Cadel,"Pietro,",,,,s. Geremia,cafteselte,1467.0,,,geremia,Cannaregio,"(12.328363571259509, 45.44477352854784)"
,,,,,Cagnetto,"Felice,",,,,ss. Ermagora e Fort.,rio terra due ponti,1743.0,,,ermargora e fortunato,NO MATCH,"(None, None)"
,,,,,Cagnetto,"Giovanni,",,,,s. Luca,riva del ferro,4159.0,,,luca,San Marco,"(12.334738116571307, 45.43607786328746)"
,,,,,Cagnetto,"Giovanni,",,,,s. M. del Carmine,calle del traghetto s. Barnaba,2785.0,,,maria dei carmini,Dorsoduro,"(12.325869977603134, 45.43303584891663)"
,,,,,Cagnetto,"Giovanni,",,,,s. Stefano,calle delle botteghe,3461.0,,,stefano,San Marco,"(12.330443498346114, 45.43384779450006)"
,,,,,Cagnetto,"Giovanni,",,,,s. Salvatore,in campo,4807.0,,,salvador,San Marco,"(None, None)"
,,,,,Cagnetto,"Giovanni,",,,,s. Canciano,salizzada,5906.0,,,canciano,Cannaregio,"(12.337450960622487, 45.439675802557964)"
,,,,,Cagnetto,"Nicold; Paolina,",,,,s. Luca,calle del pistor,4581.0,,,luca,San Marco,"(12.335424989528672, 45.43604146237367)"
,,,,,Cagnini,Giac.,,,rapp. da Zamolin Giuseppe.,s. Geremia,campo,278.0,,,geremia,Cannaregio,"(12.324977471933963, 45.4433530348145)"
,,,,,Calzolari,"Giuseppe,s.",,,,M. Formosa,ealle monelio a s. Lio,5887.0,,,maria formosa,Castello,"(12.33977156031742, 45.438238196968136)"
,,,,,Canella,"Giueeppina,",,,,s. M. del Carmine,fond. Cereri,2508.0,,,maria dei carmini,Dorsoduro,"(12.319971407910913, 45.43491977716913)"
,,,,,Capozzo,"Francesco,",,,,s. Pietro,calle s. Domenico,1309.0,,,pietro,Castello,"(12.354333117123685, 45.432347984727464)"
,,,,,Cappellan,"Giuseppe,",,,,s. M. Gloriosa dei Frari,calle dell’olio,2426.0,,,maria gloriosa dei frari,San Polo,"(12.32629304215469, 45.4388260111898)"
,,,,,Cappellan,"Giuseppe,",,,,s. Giacomo dall’Orio,calle tintor,1552.0,,,giacomo dall'orio,Santa Croce,"(12.327889637161823, 45.43943897841231)"
,,,,,Caratti; Todesco," Laura,",,,,s. Simeone Prof.,fond.,351.0,,,simeon profeta,Santa Croce,"(12.319364904335297, 45.436323238255184)"
,,,,,Cardazzo,"Antonio,",,,,ss. Apostoli,calle hunga s. Catterina,4961.0,,,apostoli,Cannaregio,"(12.336029968544162, 45.443630235673815)"
,,,,,Carrettoni,"Antonie,",,,,s. Geremia,lista di Spagna,129.0,,,geremia,Cannaregio,"(12.323028766718835, 45.44193755272374)"
,,,,,Cartelli,"Andrea,",,,,s. M. Formosa,calle Balbi,543.0,,,maria formosa,Castello,"(None, None)"
,,,,,Casagrande,"Domenico,",,,,s. Martino,corte tagliapietra,2246.0,,,martino,Castello,"(12.349440583730543, 45.433775666620015)"
,,,,,Cescutti,"Maria,",,,,s. Silvestro,calle Sturion,692.0,,,silvestro,San Polo,"(12.33384186962127, 45.43819428163912)"
,,,,,Chiesura,"Gio.; Battista,",,,,s. Salvatore,"fond, Tedeschi",5543.0,,,salvador,San Marco,"(12.337045010943292, 45.43828710853542)"
,,,,,Chiesura,"Marianna,",,,,s. Silvestro,sottop. bancegiro,127.0,,,silvestro,San Polo,"(12.335482606105854, 45.43873782801836)"
,,,,,Chiesura,"Marianna,",,,,s. Silvestro,sottop. bancegiro,128.0,,,silvestro,San Polo,"(12.3355165142012, 45.438716117228914)"
,,,,,Chinaglia,"Augusto,",,,,ss. Gio. e Paolo,salizzada,6824.0,,,giovanni e paolo,Castello,"(12.341137015873011, 45.439094123534986)"
,,,,,Chinaglia,"Augusto,",,,,ss. Gio. e Paolo,salizzada,6825.0,,,giovanni e paolo,Castello,"(12.34106571235237, 45.43911179944293)"
,,,,,Ciampo; Mazzetti," Maria,",,,,s. Francesco,alla Celestia,2728.0,,,francesco,Castello,"(12.349285892657642, 45.43763708253769)"
,,,,,Ciprian,"Francesco,",,,,s. Pietro,corte nuova s. Anna,2033.0,,,pietro,Castello,"(12.352987316424635, 45.43287845087026)"
,,,,,Cocchieto,"Pietro,",,,,s. Zaccaria,calle della Corona,4739.0,,,zaccaria,Castello,"(12.342512946738578, 45.43600567120852)"
,,,,,Conti,"Giuseppe,",,,,all’Angelo Raff.,calle larga dei volti,2421.0,,,angelo raffaele,NO MATCH,"(None, None)"
,,,,,Cordella,Teresa,,,"V. Topali,",s. Marco,calle dei preti,1267.0,,,marco,San Marco,"(12.336960763198288, 45.43349537262222)"
,,,,,Costantini,Antonio,,,"d. Tamacchi,",s. Martino,ealbe del Cristo,3995.0,,,martino,Castello,"(12.34800082841935, 45.43421674453542)"
,,,,,Costantini,Antonio,,,,s. Marco,,1535.0,,,marco,San Marco,"(12.336287495519478, 45.43361129959428)"
,,,,,Dabala,"Bortolo,",,,,Angelo Raff.,corte maggiore,2314.0,,,angelo raffaele,NO MATCH,"(None, None)"
,,,,,Dabala,"Domenico,",,,,Angelo Raff.,pescaria.,1754.0,,,angelo raffaele,NO MATCH,"(None, None)"
,,,,,Dal Degan,Gio.; Battista,,,,s. Simeone Prof.,calle larga bari,1101.0,,,simeon profeta,Santa Croce,"(12.325200547406297, 45.44024566925152)"
,,,,,Dal Fabbro,"Pasqua,",,,,s. Pietro,,1811.0,,,pietro,Castello,"(12.354767100008209, 45.43253135030666)"
,,,,,Dalla Bona,"Maria; Catterina,",,,,s. Francesco,calle dell’olio,3049.0,,,francesco,Castello,"(12.348369162001587, 45.43698172187509)"
,,,,,Dal Zotta,"Osyaldo,",,,,s. M. del Rosario,calle cerchieri,1243.0,,,madonna del rosario,Dorsoduro,"(12.325813302856263, 45.4324077639255)"
259,,,,,,,,,,,,,,,,,"(None, None)"
,,,,,Bal,"Zotto; Teresa,",,,,s. Zaccaria,calle delle rasse,4616.0,,,zaccaria,Castello,"(12.341837423727151, 45.43485705407008)"
,,,,,Dapsevich,"Nicolo,",,,,s. Francesco,salizz. delle gatte,3197.0,,,francesco,Castello,"(12.3476047177256, 45.43658927365628)"
,,,,,Dazzo,"Giovanni,",,,,s. M. Formosa,calle malvasia,5993.0,,,maria formosa,Castello,"(12.338435399097872, 45.438226500763115)"
,,,,,De Bedin,"Simeone,",,,,s. Canciano,calle Noris,5499.0,,,canciano,Cannaregio,"(12.339342049590254, 45.4408458787332)"
,,,,,De Marchi,"Francesco,",,,,ss. Apostoli,calle proverbj,4612.0,,,apostoli,Cannaregio,"(12.337359092127036, 45.44128468745547)"
,,,,,De Tomi,"Gio.; Battista,",,,,s. Simeone,Piccolo fond.,713.0,,,simeon,Santa Croce,"(None, None)"
,,,,,Donadoni,"Giovanni,",,,,s. Nicola da Tolentino,fond. Bernardo,359.0,,,nicola da tolentino,Santa Croce,"(12.319948485802472, 45.436442168374526)"
,,,,,Dormia; Loncich," Vincenza,",,,,s. M. del Carm.,fond. Bembo,3455.0,,,maria dei carmini,Dorsoduro,"(12.322262162378626, 45.43436538008462)"
,,,,,Dormia; Loncich," Vincenza,",,,,s. M. del Carm.,fond. Bembo,3456.0,,,maria dei carmini,Dorsoduro,"(12.322232303158188, 45.43437248798216)"
,,,,,Dosso,"Giuseppe,",,,,s. Zaccaria,calle Sacrestia,4442.0,,,zaccaria,Castello,"(12.34183474669097, 45.43558069642998)"
,,,,,Ferraboschi,"Francesco,",,,,ss. Apostoli,,4298.0,,,apostoli,Cannaregio,"(12.335390382705347, 45.44085492142236)"
,,,,,Ferrarese,"Natale,",,,,s. Eufemia,fond.,588.0,,,eufemia,Dorsoduro,"(12.32921053845442, 45.429583682201496)"
,,,,,Ferrarin,"Lucia,",,,,s. Luca,a s. Paternian,4226.0,,,luca,San Marco,"(None, None)"
,,,,,Ferro,"Natale,",,,,ss. Gio. e Paolo,calle della testa,6141.0,,,giovanni e paolo,Castello,"(12.34114347135745, 45.437992196700634)"
,,,,,Ferro,"Natale,",,,,ss. Gio. e Paolo,calle della testa,6142.0,,,giovanni e paolo,Castello,"(12.341182247810805, 45.437952709964875)"
,,,,,Fabris,"Francesco,",,,,s. Marziale,fond. della sensa,3253.0,,,marziale,Cannaregio,"(12.328378542811652, 45.44645634560591)"
,,,,,Fael,"Osvaldo,",,,,s. Marziale,fond. s. Alvise,3152.0,,,marziale,Cannaregio,"(12.327708555671384, 45.44752800523626)"
,,,,,Fanello,"Domenico,",,,,s. Geremia,fond. Savorg,460.0,,,geremia,Cannaregio,"(12.323722824524214, 45.44441757412339)"
,,,,,Fassetta,"Antonio,",,,,s. Silvestro,panatteria,323.0,,,silvestro,San Polo,"(12.333898903261725, 45.43958908351242)"
,,,,,Favero,"Antonio,",,,,s. M. del Carmine,fond. Malcanton,3650.0,,,maria dei carmini,Dorsoduro,"(12.323095937375323, 45.43531225361577)"
,,,,,Fogarin,"Domenica,",,,,s. Eufemia,fond. Croce,180.0,,,eufemia,Dorsoduro,"(12.333088844830032, 45.43093003616854)"
,,,,,Foligo,"Antonio,",,,,s. Geremia,lista di Spagna,190.0,,,geremia,Cannaregio,"(12.324072797671898, 45.44250541239009)"
,,,,,Fontana,"Luigi,",,,,ss. Gio. e Paolo,ramo II. brusa,6437.0,,,giovanni e paolo,Castello,"(12.343830387547591, 45.43840856420156)"
,,,,,Foresti,"Antonia,",,,,s. Geremia,foad. Savorgaan,460.0,,,geremia,Cannaregio,"(12.323722824524214, 45.44441757412339)"
,,,,,Formenton,"Luigi,",,,,s. Zaccaria,campo s. Provolo,4668.0,,,zaccaria,Castello,"(12.342584223631738, 45.434858566199054)"
,,,,,Freddi,"Pietro,",,,,s. M. del Giglio,"a s, Fanting",2007.0,,,maria del giglio,San Marco,"(12.33421241832995, 45.43357566129295)"
,,,,,Frollo,"Giuseppe,",,,,s. Eufemia.,fond. poate piccolo,448.0,,,eufemia,Dorsoduro,"(12.330972970196687, 45.429544919749766)"
,,,,,Fuchs,"David,",,,,s. Pietro,via auova,1338.0,,,pietro,Castello,"(12.353995015936535, 45.43232244432346)"
,,,,,Gadolla,"Maria,",,,,s. Silvestro,calle poszetto,443.0,,,silvestro,San Polo,"(12.3337492566923, 45.438826490370566)"
,,,,,Gallovich,"Francesca,",,,,s. M. del Rosario,calle Zavarro,551.0,,,madonna del rosario,Dorsoduro,"(None, None)"
,,,,,Gardazzo,Elisabetta,Comp.,,,s. Pietro,calle s. Domenico,1304.0,,,pietro,Castello,"(12.354461875777314, 45.43190589300217)"
,,,,,Gelich,"Paolo,",,,,s. Martino,calle terrazzera,3629.0,,,martino,Castello,"(12.346086387146482, 45.43468766971517)"
,,,,,Giacobbi,"Anua,",,,,"s, Pantaleone",crosera,3819.0,,,pantalon,Dorsoduro,"(12.325582842826378, 45.43580981480467)"
,,,,,Giacomuzzi,"Lorenzo,",,,,s. M. Glor. dei Frari,campo s.Toma,2864.0,,,maria gloriosa dei frari,San Polo,"(12.327155235631302, 45.436071772632374)"
,,,,,Giacomuzzi,"Pietro,",,,,s. Luca,calle malvasia,4479.0,,,luca,San Marco,"(12.335555159461022, 45.43571953864661)"
,,,,,Giacomuzzi,"Pietro,",,,,s. Luca,calle malvasia,4536.0,,,luca,San Marco,"(12.335638255211352, 45.435719679948626)"
,,,,,Giacomuzzi,"Pietro,",,,,s. M. Formosa,cassellaria,5478.0,,,maria formosa,Castello,"(12.339042193176565, 45.437154750253605)"
,,,,,Giacomuzzi,"Pietro,",,,,s. M. del Rosario,zattere,788.0,,,madonna del rosario,Dorsoduro,"(12.327994889504065, 45.42914192437646)"
,,,,,Gianolla,Giovanni,,,,s. Simeone,campo Tedeschi,1002.0,,,simeon,Santa Croce,"(12.325432232685982, 45.43994968396889)"
,,,,,Giardin,"Giovanni,",,,,s. Silvestro,,1479.0,,,silvestro,San Polo,"(12.331461535188959, 45.43758319005775)"
,,,,,Ginman,"Antonio,",,,,s. Stefano,corte Locatella,3474.0,,,stefano,San Marco,"(12.330692600592501, 45.434325373083745)"
,,,,,Giurin,"Giovanni,",,,,s. Simeone Prof.,fondamenta,709.0,,,simeon profeta,Santa Croce,"(None, None)"
,,,,,Giutti,"Antonio,",,,,s. M. Gloriosa dei Frari,rio terra,2279.0,,,maria gloriosa dei frari,San Polo,"(12.328626787269933, 45.43890778546946)"
,,,,,Gorgosalice,"Giovanni,",,,,s. Nicola da Tolentino,fond. Bernardo,271.0,,,nicola da tolentino,Santa Croce,"(12.319887034192671, 45.43695237522232)"
260—,,,,,,,,,,,,,,,,,"(None, None)"
,,,,,Gorgosalice,"Pietro,",,,"rapp. da Persico Giovanni,",ss. Apostoli,calle Cordoni,5147.0,,,apostoli,Cannaregio,"(12.340459183281638, 45.44183755992468)"
,,,,,Gozzo,"Luigi,",,,,s. Cassiano,calle. botteri,1555.0,,,cassiano,Santa Croce,"(12.327655866338793, 45.43920349798012)"
,,,,,Granziotto,"Giuseppe,",,,,s. Pietro,ruga stretta,145.0,,,pietro,Castello,"(12.357088319475775, 45.43375965150201)"
,,,,,Graziato,"Gio,; Battista,",,,,s. Pietro,fond. s. Anna,992.0,,,pietro,Castello,"(12.356663674165892, 45.432499490691484)"
,,,,,Grego,"Giovanni,",,,,s. M. del Giglio,calle lunga s. Moisé,2359.0,,,maria del giglio,San Marco,"(12.333775572747228, 45.43263093626658)"
,,,,,Guadagnin,"Giovanni,",,,,s. Eufemia,fond. ponte piecolo,429.0,,,eufemia,Dorsoduro,"(12.330879666695093, 45.42923464093009)"
,,,,,Tadra,"Tommaso,",,,,ss. Ermagora e Fort.,rio terra Maddalena,2101.0,,,ermargora e fortunato,NO MATCH,"(None, None)"
,,,,,Kirsch,Antonio.,,,,s.Pietro,calle s. Domenico,1307.0,,,pietro,Castello,"(12.354423647222177, 45.432153520665175)"
,,,,,Lachin,"Valentino,",,,,s. Pantaleone,salizzada,116.0,,,pantalon,Dorsoduro,"(12.334018551565935, 45.43034497755951)"
,,,,,Lancerotti,"Pietro,",,,,s. Geremia,fond. Penitenti,966.0,,,geremia,Cannaregio,"(12.321295212039878, 45.44552192455418)"
,,,,,Lanza,"Giovanni,",,,,s. Eufemia,fond.. ponte piccolo,429.0,,,eufemia,Dorsoduro,"(12.330879666695093, 45.42923464093009)"
,,,,,Locatello,"Margherita,",,,,s. Silvestro,calle Gambaro,537.0,,,silvestro,San Polo,"(12.335014922884504, 45.43813257255307)"
,,,,,Longega,"Francesco,",,,,s. Stefano,crosera s. Samuele,3447.0,,,stefano,San Marco,"(12.329867226121486, 45.43430320940859)"
,,,,,Longega,"Marco,",,,,s. M. del. Rosario,s. Vio fond. Venier,721.0,,,madonna del rosario,Dorsoduro,"(12.330906358049615, 45.43043904412453)"
,,,,,Maggioli,"Giovanni,",,,,s. Silvestro,calle dell’Angelo,833.0,,,silvestro,San Polo,"(12.333574363415716, 45.43922056985763)"
,,,,,Maronese,"Rocco,",,,,s. Felice,fond. della Chiesa,3628.0,,,felice,Cannaregio,"(12.333707709328458, 45.44198068826321)"
,,,,,"Marcello,","Pietro,",,,,s. Luca,calle del spezier s. Angelo,3804.0,,,luca,San Marco,"(12.332466094852817, 45.43464490944123)"
,,,,,Marchesi,"Gio.; Battista,",,,,s. Eufemia,fond. s. Biagio,791.0,,,eufemia,Dorsoduro,"(12.327632044720689, 45.42927562866381)"
,,,,,Marchiori,Pietro:,,,"d. Milani,",s. Francesco,calle furlani,326.0,,,francesco,Castello,"(12.357327304609456, 45.43363144489488)"
,,,,,Marini,"Antonio,",,,,s. Pietro,via: nuova,1800.0,,,pietro,Castello,"(12.353989761425721, 45.432481903050565)"
,,,,,Marini,"Daniele,",,,,s. M. Gloriosa dei Frari,s. Toma,2925.0,,,maria gloriosa dei frari,San Polo,"(12.32645577706608, 45.4358951312619)"
,,,,,Marinich,"Ridi; Giuseppina,.",,,,"s, Pietro",via nuova,1637.0,,,pietro,Castello,"(None, None)"
,,,,,Martelletti,"Giovanni,",,,,s: Gio. Grisostomo:,corte Morosina,5886.0,,,giovanni grisostomo,Cannaregio,"(12.337442687916376, 45.43911655198861)"
,,,,,Martinelli,"Francesco,",,,,s. Silvestro.,calle del cinque,605.0,,,silvestro,San Polo,"(12.334088284753976, 45.43843991659501)"
,,,,,Masier,"Giuseppe,",,,,s. Eufemia.,ramo: Croce,136.0,,,eufemia,Dorsoduro,"(12.333398465007555, 45.43050965232817)"
,,,,,Massaria,"Angelo,",,,,s. Marziale.,calle del Cristo,4224.0,,,marziale,Cannaregio,"(12.335427151971599, 45.441426288635625)"
,,,,,Massaria,"Angelo,",,,,s. Marziale,fondamenta della: sensa,3236.0,,,marziale,Cannaregio,"(12.327735643489648, 45.44664483971575)"
,,,,,Massaria,"Angelo,",,,,s. Geremia,campo beccarie,859.0,,,geremia,Cannaregio,"(12.318681130935651, 45.44498611421186)"
,,,,,Mattiazzo,"Domenico,",,,,s. Nicola da Tolentino,camp. del. traghetto della Chiesa,3687.0,,,nicola da tolentino,Santa Croce,"(None, None)"
,,,,,Mattiazzo,"Giuseppe,",,,,ss. Gio. e Paolo,barbaria tavole,6676.0,,,giovanni e paolo,Castello,"(12.343251881788337, 45.438698314980726)"
,,,,,Maurizio,"Giovanni,",,,,ss. Ermag. e Fort.,rioterra s. Leonardo,1305.0,,,ermargora e fortunato,NO MATCH,"(None, None)"
,,,,,Massarolli,"Antonio,",,,,s.. Zaccaria,calle: delle rasse,4536.0,,,zaccaria,Castello,"(12.341775537290186, 45.43462837367363)"
,,,,,Massarolli,"Anna,",,,,s. M. del Rosario,calle fruttarol,160.0,,,madonna del rosario,Dorsoduro,"(12.33316039250577, 45.430569604915114)"
,,,,,Mattarucco,"Bartolommeo,",,,,s.Marziale,fond. Ormesini,2754.0,,,marziale,Cannaregio,"(12.328399517152027, 45.445576471478795)"
,,,,,Menegazzi,"Francesco,",,,,s. Nicola da Tolent.,fond. Malcanton.,3445.0,,,nicola da tolentino,Santa Croce,"(None, None)"
,,,,,Menegazzi,"Nicold,",,,,s. M. del Carmine,campo s. Margh.,2928.0,,,maria dei carmini,Dorsoduro,"(12.323116065667715, 45.43403246988618)"
,,,,,Merelli,"Paola,",,,,s. Eufemia,alla Giudeca fond. ponte lungo,591.0,,,eufemia,Dorsoduro,"(12.329242961575611, 45.429639510315894)"
261,,,,,,,,,,,,,,,,,"(None, None)"
,,,,,Michielli,"Anna,",,,rapp. da Gerardo Berina,s. Luca,calle dei fabbri,4701.0,,,luca,San Marco,"(12.336519903407403, 45.43585569896843)"
,,,,,Michielli,"Giovanni,",,,,s. Marco,corte della polvere,1144.0,,,marco,San Marco,"(None, None)"
,,,,,Migliorini,"Catterina,",,,,s Canciano,salizz. s. Gio. Grisostomo,5711.0,,,canciano,Cannaregio,"(12.336455130415512, 45.43942278846211)"
,,,,,Milani,"Bernardo,",,,,s. Marco,spadaria,697.0,,,marco,San Marco,"(12.338732954712608, 45.43550310467091)"
,,,,,Millinovich,"Francesco,",,,,s..Canciano,sotteportico,5597.0,,,canciano,Cannaregio,"(12.337022704908424, 45.44003149862179)"
,,,,,Minegotto,"Sante,",,,,s. Marziale,fond.,2618.0,,,marziale,Cannaregio,"(12.330287452126518, 45.445089477919346)"
,,,,,Minio,"Domenico,",,,,s. M. del Carmine,ealle del pistor,3654.0,,,maria dei carmini,Dorsoduro,"(12.323356320332294, 45.43510612831457)"
,,,,,Miolla,"Nieold,",,,,s. Luca,calle degli avvoeati,3915.0,,,luca,San Marco,"(12.331693587172971, 45.4350358522362)"
,,,,,Mischiato,"Giovanni,",,,,s. Marco,spad.,664.0,,,marco,San Marco,"(None, None)"
,,,,,Mischiato,"Giovanni,",,,,s. Salvatore,calle dellu bissa,5495.0,,,salvador,San Marco,"(None, None)"
,,,,,Mischiato,"Giovanni,",,,,s. Salvatore,calle dei specchieri,649.0,,,salvador,San Marco,"(12.339248912385544, 45.435317938262514)"
,,,,,Missiaglia,"Antonio,",,,,s. Martino,calle terrazzera,3650.0,,,martino,Castello,"(12.345261271895652, 45.43476711995881)"
,,,,,Molch,"Andrea,",,,,s. Zaccaria,campo ss. Filippo e Giac.,4501.0,,,zaccaria,Castello,"(12.341712273785978, 45.43534624412981)"
,,,,,Molin,"Giovanni,",,,,ss. Apostoli,corte Morosina,5840.0,,,apostoli,Cannaregio,"(12.337412122259044, 45.43892520281845)"
,,,,,Moro,"Costante,",,,,ss. Ermag. e Fort.,rio terra due ponti,1334.0,,,ermargora e fortunato,NO MATCH,"(None, None)"
,,,,,Novello,"Antonio,",,,,s. Stefano,campo s. Angelo,3567.0,,,stefano,San Marco,"(12.332277074328971, 45.43398782345439)"
,,,,,Novello,"Teresa,",,,,s. Pietro,calle sabbionera,722.0,,,pietro,Castello,"(12.357489035164265, 45.43104595029654)"
,,,,,Novacovich,"Gasparina,",,,,ss. Gio. e Paolo,salizz. s. Giustina,2929.0,,,giovanni e paolo,Castello,"(12.346910225526894, 45.43741042813685)"
,,,,,Ongaro,Antonio,,,"fu Pietro,",s. Canciano,calle Widmann,6055.0,,,canciano,Cannaregio,"(12.338971935103814, 45.440060491139114)"
,,,,,Ongaro,"Antonio,",,,,s. Giac.dall’Orio ,salizz. s. Eustacchio,1991.0,,,giacomo dall'orio,Santa Croce,"(12.329918007689539, 45.44082061748048)"
,,,,,Orefice,"Lazzaro,",,,,s. Geremia,,337.0,,,geremia,Cannaregio,"(12.325219708743628, 45.44364784307445)"
,,,,,Pace,"Carlo,",,,,s. M. Formosa,calle dell’aseo,5898.0,,,maria formosa,Castello,"(12.339368973853265, 45.43806014771032)"
,,,,,Pagani,"Marco,",,,,s. Martino,calle della pegola,2317.0,,,martino,Castello,"(12.349379017433035, 45.434072499989554)"
,,,,,Pagliarini,"Antonio,",,,,s. Marco,frezzeria,1731.0,,,marco,San Marco,"(12.335287131025884, 45.434339741928284)"
,,,,,Pagliarini,"Antonio,",,,,s. Zaccaria,ss. Filippo e Giac.,4332.0,,,zaccaria,Castello,"(12.341076014253822, 45.43521390170292)"
,,,,,Pagliarini,"Antonio,",,,,s. Zaccaria,calle del forno,449.0,,,zaccaria,Castello,"(12.356540789805512, 45.43302940860378)"
,,,,,Pajola,Andrea,,,"rapp. da Zago Pietro,",s. Canciano,camp. del: pestrin,5332.0,,,canciano,Cannaregio,"(12.339990773088196, 45.44105177051701)"
,,,,,Palma,"Francesco,",,,,s. Geremia,rio terra,170.0,,,geremia,Cannaregio,"(12.323764599655071, 45.44229552650174)"
,,,,,Panizzutti,"Francesco,",,,,s. Eufemia,fond. Croce,116.0,,,eufemia,Dorsoduro,"(12.334018551565935, 45.43034497755951)"
,,,,,Panizzutti,"Giacomo,",,,,s. Silvestro,campo della bella Vienny.,223.0,,,silvestro,San Polo,"(12.33466167089717, 45.43905032126415)"
,,,,,Panizzoni,"Giovanni,",,,d. Doretto,s. Silvestro,calle Parangdn.n.,504.0,,,silvestro,San Polo,"(12.335003739675711, 45.438455507643965)"
,,,,,Papacizza,"Giacomo,",,,,ss. Gervasio e Prot.,,1516.0,,,gervasio e protasio,Cannaregio,"(12.32612248155453, 45.44365995479058)"
,,,,,Pasqualetto,Stefano,"frat.,",,,s. Felice,calle,3728.0,,,felice,Cannaregio,"(12.334266203124168, 45.44196846059215)"
,,,,,Patrizio,"Domenica,",,,,s. M. del Carmine,calle Avogheria,1590.0,,,maria dei carmini,Dorsoduro,"(12.32170757450742, 45.432325866016704)"
,,,,,Pedrai,"Gio.; Antonio,",,,,ss. Gio. e Paolo,calle dela testa,6364.0,,,giovanni e paolo,Castello,"(12.342394690300035, 45.43884362107138)"
,,,,,Pedrocchi,"Saccardo; Lucia,",,,,s. Salvatore,calle dell’ Orso,5520.0,,,salvador,San Marco,"(12.337241404400368, 45.43821904186938)"
,,,,,Penazzo; Milani," Maria,",,,,s. Cassiano,calle botteri,1644.0,,,cassiano,Santa Croce,"(12.328436014594393, 45.44052599807829)"
,,,,,Perissinotti,"Vincenzo,",,,,s. Zaccaria,ponte s. Provolo,4621.0,,,zaccaria,Castello,"(12.341889708534886, 45.434984433758636)"
,,,,,Pertegnazza,"Paolo,",,,,s. Luca,campo.,4475.0,,,luca,San Marco,"(12.335337897681196, 45.435805287945655)"
,,,,,Petrisech,"Anna,",,,,s. Martino,fond. s. Biagio,2129.0,,,martino,Castello,"(12.350856986586265, 45.43323916118475)"
,,,,,Pezzei,"Angela,",,,,s. Francesco,salizzada,3155.0,,,francesco,Castello,"(12.34729915515748, 45.437276106577436)"
262,,,,,,,,,,,,,,,,,"(None, None)"
,,,,,Pigliurovich,"Giovanni,",,,,s. Martino,ramo Arsenale,2380.0,,,martino,Castello,"(12.349762650320447, 45.43436081524586)"
,,,,,Pigliurovich,"Giovanni,",,,,s. Simeone Prof.,corte Canal,650.0,,,simeon profeta,Santa Croce,"(12.324274541837422, 45.439511028151365)"
,,,,,Pigliurovich,"Nicold,",,,,s. Gio. in Bragora,calle crosera,3981.0,,,giovanni in bragora,Castello,"(12.347667500072898, 45.434089999021126)"
,,,,,Pigliurovich,"Nicold,",,,,s.Zaccaria,riva degli schiavoni,4101.0,,,zaccaria,Castello,"(None, None)"
,,,,,Pignoli,"Giovanni,",,,,s. Luca,ealle fiubera,938.0,,,luca,San Marco,"(12.33741892305893, 45.434983486770186)"
,,,,,Pignoli,"Giovanni,",,,,s. Moisé,calle squero,2107.0,,,moise,San Marco,"(12.334938799553235, 45.43292715592301)"
,,,,,Pignoli,"Giovanni,",,,,s. Angelo,ponte della Verona,3665.0,,,angelo,San Marco,"(None, None)"
,,,,,Pignoli,"Lazzaro,",,,,s. Pietro,fondamenta s. Anna,1135.0,,,pietro,Castello,"(12.355571169543312, 45.432442791296594)"
,,,,,Pitteri,"Angelo,",,,,s. M. del Carmine,calle larga Rosa,2009.0,,,maria dei carmini,Dorsoduro,"(None, None)"
,,,,,Pitteri,"Dorigo; Angela,",,,,Angelo Raff.,corte Bevilacqua,1732.0,,,angelo raffaele,NO MATCH,"(None, None)"
,,,,,Politi,"Fiorina,",,,,s. Zaccaria,campo,4688.0,,,zaccaria,Castello,"(12.34284242082867, 45.434203413517814)"
,,,,,Previtali,"Giovanni,",,,,s. Pietro,via nuova,1819.0,,,pietro,Castello,"(12.355125284915891, 45.432553070686396)"
,,,,,Pugna,"Domenico,",,,,s. Cassiano,ealle botteri,1555.0,,,cassiano,Santa Croce,"(12.327655866338793, 45.43920349798012)"
,,,,,Pulese,"Salvatore,",,,,s. M. del Carmine,corte Baldini,1995.0,,,maria dei carmini,Dorsoduro,"(12.313295365297948, 45.43230966421501)"
,,,,,Ragona,"Giuseppe,",,,,s. Stefano,fond. malvasia,2604.0,,,stefano,San Marco,"(12.331700705987394, 45.432902109872856)"
,,,,,Redivo,"Amma; Maria,",,,,s. Pietro,secco Marina,618.0,,,pietro,Castello,"(12.35745410250989, 45.432240988851014)"
,,,,,Regazzi,"Giuseppe,",,,,s. Zaccaria,campiello del vin,4627.0,,,zaccaria,Castello,"(12.34243458581635, 45.43437832452006)"
,,,,,Renier,"Anna,",,,,s. Marco,calle Bognolo,1591.0,,,marco,San Marco,"(12.336116707495332, 45.43392517151644)"
,,,,,Ridolfi,"Baldassare,",,,,ss. Salvatore,calle balestra,4869.0,,,salvador,San Marco,"(12.336770917637592, 45.43608661518407)"
,,,,,Rizzo,"Giuseppe,",,,,s. M. del Carmine,fond. Barbarigo,2347.0,,,maria dei carmini,Dorsoduro,"(12.317698546094642, 45.43262214630774)"
,,,,,Roncan,"Maria,",,,,s. Marziale,fond. Madonna dell’ Orto,3482.0,,,marziale,Cannaregio,"(12.330660267090016, 45.446617854811215)"
,,,,,Rossini,"Giuseppe,",,,,s. Francesco,campo,2789.0,,,francesco,Castello,"(None, None)"
,,,,,Savi,"Maria,",,,ved. Bertoli,s. Silvestro,calle della sicurta,406.0,,,silvestro,San Polo,"(12.334236520618955, 45.43897686725599)"
,,,,,Saviane,"Giovanni,",,,,s. Canciano,s. Gio. Grisostomo,5872.0,,,canciano,Cannaregio,"(12.33778434756906, 45.439088899504505)"
,,,,,Savoldelli,"Giovanni,",,,,ss. Apostoli,campo,4550.0,,,apostoli,Cannaregio,"(12.33648927660785, 45.44077988654846)"
,,,,,Scanferlato,"Maddalena,",,,,s. Canciano,campo,6003.0,,,canciano,Cannaregio,"(12.338594998632285, 45.43949629839825)"
,,,,,Scattiglio; Vianello,Giuseppe; Angelo,,,,s. Marco,campo della Guerra,495.0,,,marco,San Marco,"(12.339043674800731, 45.43592649003792)"
,,,,,Scattola,"Francesco,",,,,s. Silvestro,calle della donzella,250.0,,,silvestro,San Polo,"(12.334327068969142, 45.4392301230169)"
,,,,,Scattola,"Francesco,",,,,s. Silvestro,calle della donzella,251.0,,,silvestro,San Polo,"(12.334377750770624, 45.4392883635998)"
,,,,,Schiavolin,"Giuseppe,",,,,s. Geremia,fond. Cannareggio,1115.0,,,geremia,Cannaregio,"(12.324750490906613, 45.444274190030754)"
,,,,,Seno; Perlanda," Maria,",,,,s. Pietro,calle lunga,85.0,,,pietro,Castello,"(None, None)"
,,,,"per la fabbric. dis. Geremia,",Seselin,Andrea,,,,s. Geremia,fondamenta Cannareggio,1268.0,,,geremia,Cannaregio,"(12.32530294333532, 45.444010283613025)"
,,,,,Siron,"Elena,",,,,"s, M. Formosa",salizzada s. Lio,5771.0,,,maria formosa,Castello,"(12.339748234608834, 45.43719884446083)"
,,,,,Silvan,"Paolo,",,,,s. Geremia,rioterra Isola,148.0,,,geremia,Cannaregio,"(12.323235800498956, 45.44208853249045)"
,,,,,Sorman,"Giovanni,",,,,s. Marco,calle ridotto s. Moisé,1318.0,,,marco,San Marco,"(12.337069766901255, 45.43263370605409)"
,,,,,Spalmach,"Giuseppe,",,,,ss. Apostoli,calle del oca,4323.0,,,apostoli,Cannaregio,"(12.335712713174399, 45.440782159654745)"
,,,,,Spalmach,"Giuseppe,",,,,ss. Apostoli,salizzada Sceriman,4857.0,,,apostoli,Cannaregio,"(12.338238286226288, 45.442395892234074)"
,,,,,Stecchetti,"Giustina,",,,,s. Francesco,salizz. s. Giustina,2934.0,,,francesco,Castello,"(12.347013377071208, 45.43736183030884)"
,,,,,Sussi,"Giuliano,",,,,s. Marco,calle delle campane,1036.0,,,marco,San Marco,"(12.336663550389297, 45.43537274800954)"
,,,,,Tagliapietra,"Franceseo,",,,,s. Luca,calle della malvasia,4412.0,,,luca,San Marco,"(12.33580178921152, 45.43510244472651)"
263,,,,,,,,,,,,,,,,,"(None, None)"
,,,,,Talento,"Giovanni,",,,,s. Pietro,fondamenta s.. Anna,1975.0,,,pietro,Castello,"(12.353490568341735, 45.4330220665128)"
,,,,,Teatin,"Beatrice,",,,,ss. Gio. e Paolo,fondamente nuove,6760.0,,,giovanni e paolo,Castello,"(None, None)"
,,,,,Teola,"Bertola; Francesca,",,,,s. Marziale,calle Noale,2296.0,,,marziale,Cannaregio,"(None, None)"
,,,,,Tolotti,"Marco,",,,"fratelli fu Francesco,",s. Eufemia,ponte piccolo,316.0,,,eufemia,Dorsoduro,"(12.33263879938331, 45.42928923427346)"
,,,,,Tommasini,Angelo,,,"detto Bodai,",s. Geremia,fond. Savorg,408.0,,,geremia,Cannaregio,"(12.324050013044438, 45.444283350995015)"
,,,,,Tomasini,"Anna,",,,,ss. Salvatore,calle dietro la Chiesa,5094.0,,,salvador,San Marco,"(12.336197921991344, 45.437460371883724)"
,,,,,Toppo,"Domenico,",,,,s. M. del Carmine,camp. Angaran,3728.0,,,maria dei carmini,Dorsoduro,"(12.325264837714576, 45.43528389703002)"
,,,,,Torresan,"Sebastiano,",,,,s. M. del Carmine,fond. Magazzen,2509.0,,,maria dei carmini,Dorsoduro,"(12.319933784069702, 45.43490301880388)"
,,,,,Tortella,"Maria,",,,,s. Pietro,calle sabbionera,699.0,,,pietro,Castello,"(12.35795044093425, 45.43108840992386)"
,,,,,Toseto,"Giacomo,",,,,s. M. del Carmine,fond. Lissa fusina,1853.0,,,maria dei carmini,Dorsoduro,"(12.316605301541426, 45.43242476124649)"
,,,,,Trentin,"Francesco,",,,,s. M. del Rosario,rioterrk s. Vio,478.0,,,madonna del rosario,Dorsoduro,"(12.331101487271871, 45.429742377296265)"
,,,,,Turazzini,"Luigi,",,,,s. Eufemia,fond. ponte piecolo,324.0,,,eufemia,Dorsoduro,"(12.332623942423409, 45.429487451843805)"
,,,,,Turchetto,"Leonardo,",,,"rapp. dal figlio Andrea,",s. Pietro,via nuova,1238.0,,,pietro,Castello,"(12.355409289303234, 45.43225963943312)"
,,,,,Turrio,"Elisa,",,,,s. Cassiano,sottop. malvasia,2338.0,,,cassiano,Santa Croce,"(12.331360922410955, 45.43970492719276)"
,,,,,Turrio,"Giuseppe,",,,,ss. Apostoli,calle Proverbi,4608.0,,,apostoli,Cannaregio,"(12.336775947672384, 45.44131747276814)"
,,,,,Valier,"Angelo,",,,,ss. Gerv. e Prot.,fond. Barbarigo,2361.0,,,gervasio e protasio,Cannaregio,"(12.330043678395652, 45.44382865810722)"
,,,,,Valonta,"Lorenzo,",,,,s. Francesco,ealle fontico,2853.0,,,francesco,Castello,"(12.345983696966194, 45.437645617967206)"
,,,,,Venturini,"Giorgio,",,,,s. Stefano,calle del Pestrin.,,,,stefano,San Marco,"(None, None)"
,,,,,Vernier,"Domenico,",,,,s. Zaccaria,rugagiuffa,4828.0,,,zaccaria,Castello,"(12.342276147054925, 45.43628846206492)"
,,,,,Vernier,"Domenico,",,,,s. Zaccaria,rugagiuffa,4829.0,,,zaccaria,Castello,"(12.342243838293228, 45.436337914689325)"
,,,,,Vernier,"Osvaldo,",,,,s. Martino,ponte dei Scudi,3208.0,,,martino,Castello,"(12.347658733470686, 45.436288678575224)"
,,,,,Vernier,Osvaldo,"fratelli,",,,s. Gio. in Bragora,salizz. s. Antonin,3305.0,,,giovanni in bragora,Castello,"(12.345817643256572, 45.43563439673065)"
,,,,,Versovich,"Luigia,",,,,s. Salvatore,calle bombaseri,5073.0,,,salvador,San Marco,"(None, None)"
,,,,,Versovich,"Sofia,",,,,s. Zaccaria,calle delle rasse,4571.0,,,zaccaria,Castello,"(None, None)"
,,,,,Vescovi,"Giovanni,",,,,s. Pietro,fond. s. Gioachino,454.0,,,pietro,Castello,"(12.35625364671696, 45.432600809733664)"
,,,,rapp. dall’ ammin. inter. Giuseppe Breseiani,Vianello,Angelo,,,"dotto Lolla,",s. Luca,calle fuseri,4347.0,,,luca,San Marco,"(12.334982465955836, 45.43505649277944)"
,,,,,Vianello,Angelo,,,,s. Silvestro,calle ponte storto,1278.0,,,silvestro,San Polo,"(12.332036506680216, 45.43822783678679)"
,,,,,Vianello,Angelo,,,,ss. Gervasio e Prot.,fond. fruttarol,1466.0,,,gervasio e protasio,Cannaregio,"(12.328512756616941, 45.44471457560759)"
,,,,,Vianello,"Giuseppe,",,,,s. Zaccaria,calle delle rasse,4590.0,,,zaccaria,Castello,"(12.341816355220681, 45.43455971105318)"
,,,,,Vianello,"Giuseppe,",,,,s. Zaccaria,calle delle rasse,4591.0,,,zaccaria,Castello,"(12.342000920200105, 45.434572458507155)"
,,,,,Vianello,Giuseppe,,,"detto Boscarello,",s. Felice,calle ca d’oro,4008.0,,,felice,Cannaregio,"(12.334998164266937, 45.44132709626544)"
,,,,,Vianello,"Pietro,",,,,s. Gio. in Bragora,calle del Dose,3702.0,,,giovanni in bragora,Castello,"(12.345128595246553, 45.43459235205229)"
,,,,,Vignetto,"Antonio,",,,,s. Salvatore,calle stagneri,5251.0,,,salvador,San Marco,"(12.336977614036844, 45.4372855447112)"
,,,,,Viseardi,"Maggia; Antonia,",,,,s. Marco,corte della polvere,1141.0,,,marco,San Marco,"(None, None)"
,,,,,Visselli,"Gio.; Battista,",,,,s. Gio. in Bragora,calle corazzeri,3600.0,,,giovanni in bragora,Castello,"(12.34706483152151, 45.43489247358229)"
,,,,,Vivaldi,"Giuseppe,",,,,s. Simeone Prof.,fond. s. Simeon piccolo,576.0,,,simeon profeta,Santa Croce,"(None, None)"
,,,,,Wessler,"Giovanni,",,,,s. Gio. in Bragora,ramo Fontana,3508.0,,,giovanni in bragora,Castello,"(12.34701202863373, 45.43544551421595)"
,,,,,Zampieri,"Antonio,",,,,s. Silvestro,callé stoazze,947.0,,,silvestro,San Polo,"(12.3328097746351, 45.43833095275846)"
,,,,,Zampieri,"Giuseppe,",,,,s. M. Formosa,calle lunga,5197.0,,,maria formosa,Castello,"(12.342093839607172, 45.43739586818877)"
,,,,,Zanchi,"Francesco,",,,,s. M. Gloriosa dei Frari,campo s. Polo,2168.0,,,maria gloriosa dei frari,San Polo,"(12.329740160850621, 45.438183819997796)"
,,,,,Zane,Stefani; Catterina,,,,s. M. del Rosario,rioterra s. Vio,453.0,,,madonna del rosario,Dorsoduro,"(12.331178193692544, 45.429535405762344)"
,,,,,Zancioli,Antonio,"figli Gio. e Gius.,",,,s. Pietro,secco Marina,618.0,,,pietro,Castello,"(12.35745410250989, 45.432240988851014)"
264,,,,,,,,,,,,,,,,,"(None, None)"
,,,,,Zecchini,"Gaetano,",,,,s. Cassiano,calle Rosa,2235.0,,,cassiano,Santa Croce,"(12.332012996798904, 45.44036915044487)"
,,,,,Zoccol,"Elisabetta,",,,,s. M. del Carmine,fond. Terese,2196.0,,,maria dei carmini,Dorsoduro,"(12.315373305217006, 45.43276186339317)"
,,,,,Zucchetta,"Baldissera,",,,,s. Pantaleone,fond. Minotto.,164.0,,,pantalon,Dorsoduro,"(12.33317636713016, 45.43069041393552)"
,,,,,Ambrosi,"Bortolo,",,,,s. Martino,calle degli scudi,3189.0,,,martino,Castello,"(12.347481166821055, 45.436737938636206)"
,,,,,Angeli,"Giulia,",,,,s. M. Formosa,corte Perina,5531.0,,,maria formosa,Castello,"(12.338812463078588, 45.436998935224274)"
,,,,,Ballarin,"Andrea,",,,,s. Stefano,calle delle botteghe,2967.0,,,stefano,San Marco,"(12.330373843709788, 45.43385019703546)"
,,,,,Battoi,"Teresa,",,,,s. Marziale,fondamenta,2502.0,,,marziale,Cannaregio,"(12.332880287964745, 45.44416136682571)"
,,,,,Beggio,"Antonia,",,,,s. Geremia,ealle delle beecarie,715.0,,,geremia,Cannaregio,"(None, None)"
,,,,,Benello,"Antonio,",,,,ss. Gio. e Paolo,campo s. Giustina,6549.0,,,giovanni e paolo,Castello,"(12.345525471135078, 45.438279229247605)"
,,,,,Bernardi,"Francesco,",,,,s. Luca,calle del magaazen,4547.0,,,luca,San Marco,"(12.335554369928285, 45.43578727262015)"
,,,,,Bianchetto,"Biaino,",,,,s. Nicola da Tolentino,,192.0,,,nicola da tolentino,Santa Croce,"(12.321988420348028, 45.43796559614622)"
,,,,,Bollani,"Sebastiano,",,,,s. Eufemia,fond. s. Giacomo,200.0,,,eufemia,Dorsoduro,"(12.332676153789988, 45.430539114591625)"
,,,,,Boni,"Antonia,",,,ved. Pisciutti,s.. Martino,calle dell’ olio,3139.0,,,martino,Castello,"(12.347584047293804, 45.436861186465656)"
,,,,,Brunetta; Spettier," Teresa,",,,,s. Giacomo dall' Orio,satizz.,4909.0,,,giacomo dall'orio,Santa Croce,"(None, None)"
,,,,,Busetto; Chiozzotto," Maddalena,",,,,s. M. del Rosario,fond. Saloni,48.0,,,madonna del rosario,Dorsoduro,"(12.334589696787903, 45.42934987910051)"
,,,,,Calimani,"Marco,",,,,s. Geremia,ghetto vecchio,1237.0,,,geremia,Cannaregio,"(12.325510472028618, 45.444474180056375)"
,,,,,Carnielli,"Antonio,",,,,s. Zaccaria,corte Rosina,4232.0,,,zaccaria,Castello,"(12.341452976469126, 45.43466788252636)"
,,,,,Caroldi,"Giovanni,",,,,s. Salvatore,s. Bartolameo,5098.0,,,salvador,San Marco,"(12.33625742220018, 45.43762421309482)"
,,,,,Cingano,"Giovanni,",,,,s. Pietro,calle Riello,157.0,,,pietro,Castello,"(12.357144118363689, 45.43354310485227)"
,,,,,Crescenzio,"Antonio,",,,,s. Pietro,via nuova,1783.0,,,pietro,Castello,"(12.353121114909008, 45.432358977709605)"
,,,,,Crescenzio,"Vincenzo,",,,,s. Zaccaria,calle delle rasse,359.0,,,zaccaria,Castello,"(12.357577274918352, 45.43424132010732)"
,,,,,Dalla Grava,"Carlo,",,,,s. Giacomo dall’ Orio,lista vecchia barri,965.0,,,giacomo dall'orio,Santa Croce,"(12.324761638841021, 45.44072528823712)"
,,,,,De Paoli,"Antonio,",,,,s. Martino,calle corrazzeri,3829.0,,,martino,Castello,"(12.347738923018161, 45.4347443004436)"
,,,,,De Ronchi,"Francesco,",,,,ss. Apostoli,calle dell’ oca,4325.0,,,apostoli,Cannaregio,"(12.33570649912171, 45.440806743285385)"
,,,,,De Rovere,"Antonio,",,,,s. Gio. in Bragora,calle Crosera,3982.0,,,giovanni in bragora,Castello,"(12.34773758327493, 45.43426391092442)"
,,,,,Donadoni,"Maria,",,,,s. Giacomo dall’Orio,campo del Piovan,1462.0,,,giacomo dall'orio,Santa Croce,"(12.3272327771825, 45.440434474164974)"
,,,,,Gei,"Bortolomeo,",,,,ss. Apostoli,rioterra,4617.0,,,apostoli,Cannaregio,"(12.337472055252105, 45.4412098606409)"
,,,,,Giuvutta,"Elisabetta,",,,,s. Marziale,fondamenta,2552.0,,,marziale,Cannaregio,"(12.331736400511735, 45.44468910953481)"
,,,,,Facchina,"Antonio,",,,,s. M. del Giglio,calle lunga s. Moisé,2031.0,,,maria del giglio,San Marco,"(12.334573662352073, 45.43295135188738)"
,,,,,Fanton,"Anna,",,,,s. Silvestro,sottop. fabbriche,157.0,,,silvestro,San Polo,"(12.335059581847714, 45.439430123686655)"
,,,,,Febus,"Antonio,",,,,s. Giacomo,corte scura,1464.0,,,giacomo,Santa Croce,"(12.327319448191306, 45.44042417535734)"
,,,,,Ferretto,"Carlo,",,,,s. Marziale,rioterra s. Leonardo,1525.0,,,marziale,Cannaregio,"(12.326640339267655, 45.44366806702309)"
,,,,,Filippi,"Tommaso,",,,,s. Eufemia,fondamenta,593.0,,,eufemia,Dorsoduro,"(12.330002637123805, 45.42944717707428)"
,,,,,Fracasse,"Giorgio,",,,,s. Felice,calle ci d’ oro,3928.0,,,felice,Cannaregio,"(12.334166939473892, 45.44119791919903)"
,,,,,Francolin,"Giovanni,",,,,s. Canciano,salizzada,5583.0,,,canciano,Cannaregio,"(12.337323344465144, 45.43967411046278)"
,,,,,Fuga,"Lucrezia,",,,,ss. Erm..e Fort.,campo Anconetta,1943.0,,,ermargora e fortunato,NO MATCH,"(None, None)"
265,,,,,,,,,,,,,,,,,"(None, None)"
,,,,,Lazzari,"Gaetano,",,,,s. M. del Rosario,calle squero,30.0,,,madonna del rosario,Dorsoduro,"(None, None)"
,,,,,Lazzarini,"Anna,",,,,s. Geremia,strada ferrata,50.0,,,geremia,Cannaregio,"(12.320623097408486, 45.442138261776854)"
,,,,,Livison,"Catterina,",,,,s. M. Glor. dei Frari,campo s. Toma,2860.0,,,maria gloriosa dei frari,San Polo,"(12.326931180822145, 45.436185668598426)"
,,,,,Lolo,"Gasparetto,",,,detto Scarpa,s. Zaccaria,ponte storto,3874.0,,,zaccaria,Castello,"(12.348355374486667, 45.43499554013173)"
,,,,,Lotti,"Pietro,",,,,s. Nicola da Tolentino,fondamenta,171.0,,,nicola da tolentino,Santa Croce,"(12.32121403782214, 45.43728318002788)"
,,,,,Manoni,"Girolamo,",,,,s. M. del Carmine,fond. Barbarigo,2344.0,,,maria dei carmini,Dorsoduro,"(12.317577226871535, 45.432617308772755)"
,,,,,Manoni,"Girolamo,",,,,"s, Margherita",calle della Chiesa,3664.0,,,margherita,Dorsoduro,"(12.323889160141006, 45.43504415435302)"
,,,,,Marchiori,"Anna,",,,,s. Gio. in Bragora,calle crosera,3966.0,,,giovanni in bragora,Castello,"(12.347624339828272, 45.43424686790238)"
,,,,,Marella,"Gaspare,",,,,s. Geremia,rio terra,131.0,,,geremia,Cannaregio,"(12.3230813003396, 45.44197911053406)"
,,,,,Marigo,"Antonio,",,,,s. Pantaleone,ponte,,,,pantalon,Dorsoduro,"(None, None)"
,,,,,Marmai,"Pietro,",,,,ss. Gio. e Paolo,barbaria delle tavole,6417.0,,,giovanni e paolo,Castello,"(12.343218499340708, 45.43866244870049)"
,,,,,Massonetto,"Angelo,",,,,s. Giac.,dall’Orio campo dei Tedeschi,1005.0,,,giacomo,Santa Croce,"(12.325698332549468, 45.43992331096584)"
,,,,,Maurizio,"Luigi,",,,,s..Gio. in Bragora,salizz. s. Antonin,3503.0,,,giovanni in bragora,Castello,"(12.346771193857366, 45.435474074943386)"
,,,,,Molinari,"Leonardo,",,,,s. Silvestro,calle della Madonna,602.0,,,silvestro,San Polo,"(12.334084744874966, 45.43852797325596)"
,,,,,Mondo,"Gio.; Battista,",,,,s. M. del. Rosario,ramo secchieri,1246.0,,,madonna del rosario,Dorsoduro,"(12.325785534749793, 45.43250803726738)"
,,,,,Moretti,"Maria,",,,,s. Silvestro,camp. Albrizzi,1647.0,,,silvestro,San Polo,"(12.333178660852157, 45.4399720416832)"
,,,,,Navarro,"Rossan; Anna,",,,,s. Geremia,ghetto vecchio,1225.0,,,geremia,Cannaregio,"(12.32589782823984, 45.4449568385746)"
,,,,,Orsaria,"Antonio,",,,,s. M. del Carmine,campo s. Margherita,3326.0,,,maria dei carmini,Dorsoduro,"(12.325165363125432, 45.43473767534915)"
,,,,,Pain,"Francesco,",,,,s. Geremia,rio terra,116.0,,,geremia,Cannaregio,"(12.322572925505952, 45.44154652023488)"
,,,,,Palesa,"Angela,",,,,s. Eufemia,ponte piccolo,518.0,,,eufemia,Dorsoduro,"(12.330712296720128, 45.42999829691628)"
,,,,,Private,"Francesco,",,,,s. Marziale,"fond. Ormesini,",2684.0,,,marziale,Cannaregio,"(12.329235723382682, 45.44535994240684)"
,,,,,Radi,"Andrea,",,,,ss. Apostoli,calle del spezier,4802.0,,,apostoli,Cannaregio,"(12.337803638673263, 45.442007457106875)"
,,,,,Rando,"Amadeo,",,,,s. Marco,calle del carro,1616.0,,,marco,San Marco,"(12.33581077528435, 45.433863433927655)"
,,,,,Rogantin,"Pietro,",,,,s. Silvestro,panatteria,322.0,,,silvestro,San Polo,"(12.33387181134935, 45.43956304034229)"
,,,,,Roberti,"Luigi,",,,,s. Pietro,via nuova,1783.0,,,pietro,Castello,"(12.353121114909008, 45.432358977709605)"
,,,,,Rosa,"Giovanni,",,,,s. M. Gloriosa dei Frari,,3032.0,,,maria gloriosa dei frari,San Polo,"(12.326183197749192, 45.43647987287582)"
,,,,,Rossetto,"Natale,",,,,s. M. Gloriosa dei Frari,salizz. s. Polo,2102.0,,,maria gloriosa dei frari,San Polo,"(12.329168426164102, 45.436953124355114)"
,,,,,Rossi,"Antenio,",,,,s. Zaccaria,calle delle rasse,4554.0,,,zaccaria,Castello,"(12.341811925627496, 45.43406121916472)"
,,,,,Salvagno,"Tommaso,",,,,ss. Gerv.e Prot.,fond. Riello,2711.0,,,gervasio e protasio,Cannaregio,"(12.328853393974457, 45.44546312239803)"
,,,,,Salvini,"Giacomo,",,,,s. M. Formosa,casselleria,5362.0,,,maria formosa,Castello,"(12.339368846683849, 45.43635263277828)"
,,,,,Scarpa; Ranzatto," Maria,",,,,s. Eufemia,fondamenta,698.0,,,eufemia,Dorsoduro,"(12.332050673299216, 45.430562518820814)"
,,,,,Schiavon,"Francesco,",,,,s. Marziale,fond. Ormesini,2684.0,,,marziale,Cannaregio,"(12.329235723382682, 45.44535994240684)"
,,,,,Seran,"Luigi,",,,,s. Eufemia,fond. rotonda,697.0,,,eufemia,Dorsoduro,"(12.332007190646088, 45.43056392956713)"
,,,,,Siega,"Luigia,",,,,s. Marziale,calle del forno,2657.0,,,marziale,Cannaregio,"(12.329668395026722, 45.44551549078779)"
,,,,,Soravia,"Giuseppe,",,,,s. Marco,ai Leoni,289.0,,,marco,San Marco,"(12.33910772895268, 45.43482829049501)"
,,,,,Succietti,"Pietro,",,,,s. Silvestro,ruga veechia,779.0,,,silvestro,San Polo,"(12.333942760793693, 45.4384657791546)"
,,,,,Tagliapietra,"Domenico,",,,,s. Cassiano,calle della Regina,2262.0,,,cassiano,Santa Croce,"(12.331187651491755, 45.43978676870512)"
,,,,,Tagliapietra,"Francesco,",,,,s. Luca,calle dei fabbri,4538.0,,,luca,San Marco,"(12.335868741476705, 45.43581119638283)"
,,,,,Tolussi,"Vincenzo,",,,,s. Geremia,fond. Savorg,563.0,,,geremia,Cannaregio,"(12.321231515893842, 45.44459558340206)"
,,,,,Tosato,"Francesco,",,,,s. M. Formosa,casselleria,5362.0,,,maria formosa,Castello,"(12.339368846683849, 45.43635263277828)"
266,,,,,,,,,,,,,,,,,"(None, None)"
,,,,,Vanni,"Maria; Anna,",,,,s. Simeone Prof.,calle larga barri,966.0,,,simeon profeta,Santa Croce,"(12.324868329241893, 45.440735750624185)"
,,,,,Veronese,"Angelo,",,,,s. Zaccaria,ponte s. Severo,4931.0,,,zaccaria,Castello,"(12.343108163454998, 45.436170009955106)"
,,,,,VianeHo,"Colombo,",,,,s. Marziale.,fond. Ormesini,2684.0,,,marziale,Cannaregio,"(12.329235723382682, 45.44535994240684)"
,,,,,Vianello,"Lorenzo,",,,,s. Pantaleone,in campo,3695.0,,,pantalon,Dorsoduro,"(None, None)"
,,,,,Vianello,"Maria,",,,,s. M. del Carmine,fond. Gerardini,2809.0,,,maria dei carmini,Dorsoduro,"(12.32265776434455, 45.432904789794144)"
,,,,,Vianelle,"Stefano,",,,,s. Felice,calle Neale,3658.0,,,felice,Cannaregio,"(None, None)"
,,,,,Vio,Angela,,,"v. Marchiori,",s. Simeone Prof.,lista vecchia bari,1224.0,,,simeon profeta,Santa Croce,"(None, None)"
,,,,,Zanta,"Domenico,",,,,s. Simeone Prof.,calle larga bari,977.0,,,simeon profeta,Santa Croce,"(12.325122800018116, 45.440238394961824)"
,,,,,Zaravella,"Francesco,",,,,ss. Ermag. e Fort.,rioterra due ponti,1306.0,,,ermargora e fortunato,NO MATCH,"(None, None)"
,,,,,Zennaro,"Francesco,",,,,s. Nicola da Tolentino.,rio Marin,821.0,,,nicola da tolentino,Santa Croce,"(12.325419010267419, 45.43922906242338)"
,,,,,Zorzi,"Moria,",,,,s. Marziale,fondementa,2539.0,,,marziale,Cannaregio,"(None, None)"
,,OTTICA (,,abb. istrumenti di),,,,,,,,,,,,,"(None, None)"
,,,,,Ponti,"Carlo,",,,,s. Zaccaria,riva degli Schiavoni,4178.0,,,zaccaria,Castello,"(None, None)"
,,,,,Semitecolo,"Leonardo,",,,,s. Zaccaria,fond. dell’Osmarin,4964.0,,,zaccaria,Castello,"(12.343061280882843, 45.43551795076748)"
,,,,,Waldstein,"Bernardo,",,,,s. Marco,precuratie vecchie,126.0,,,marco,San Marco,"(12.338209786579283, 45.43445571862082)"
,,,,,Weichsel,"Filippo,",,,,s. Marco,proeuratie nuove,69.0,,,marco,San Marco,"(12.337572559967876, 45.433475279191924)"
,,OVATE.,,,,,,,,,,,,,,,"(None, None)"
,,,,,Pendini,"Giovanni,",,,,ss. Apostoli,calle Proverbi,4564.0,,,apostoli,Cannaregio,"(12.337078887270138, 45.44096906166929)"
,,PAGLIA E FORAGGI.,,(negozicnti’ di).,,,,,,,,,,,,,"(None, None)"
,,,,,Bolza,"Giuseppe,",,,,s. Marziale.,calle. pignatle,2525.0,,,marziale,Cannaregio,"(12.332868881932582, 45.44463942433026)"
,,,,,Labia,Angelo; Maria,,,,ss.Gerv. Prot.,fond. Borgo,1317.0,,,gervasio e protasio,Cannaregio,"(None, None)"
,,,,,Spanio,"Tommaso,",,,detto Capra,s..Zaccaria,calle in. faceia alla Sacrestia,4387.0,,,zaccaria,Castello,"(12.34121442372008, 45.43563511077826)"
,,,,,Vianello,"Giacomo,",,,detto Labia,ss. Gerv. e Prot.,fond. Borgo,1134.0,,,gervasio e protasio,Cannaregio,"(12.325382528902914, 45.44442478519992)"
,,,,,Vianello,"Teresa,",,,detto Labia.,ss. Gerv. e Prot.,fond. Borge,1145.0,,,gervasio e protasio,Cannaregio,"(12.325643464820386, 45.44464731562473)"
267,,,,,,,,,,,,,,,,,"(None, None)"
,,PARRUCCHIERI.,,,,,,,,,,,,,,,"(None, None)"
,,,,,Adami,"Gaetano,",,,,s. Gio. in Bragora,ponte ca di Dio,4090.0,,,giovanni in bragora,Castello,"(12.347981776200246, 45.43362977262626)"
,,,,,Andreuzzi,"Pietro,",,,,s. Martino,fond. dei penini,2448.0,,,martino,Castello,"(12.349043504553823, 45.435464197326596)"
,,,,,Andriollo,"Sebastiano,",,,,s. Eufemia,fond. ponte lungo,291.0,,,eufemia,Dorsoduro,"(None, None)"
,,,,,Bao,"Giuseppe,",,,,s. M. del Giglio,ponte det Barcaroli,1843.0,,,maria del giglio,San Marco,"(12.33461301281289, 45.43417144333102)"
,,,,,Bagolin,"Domenico,",,,,s. Pietro,fond. s. Anna,1000.0,,,pietro,Castello,"(12.356054398077811, 45.43247996385274)"
,,,,,Bariola,"Girolamo,",,,,ss. Erm. e Fort.,rioterra,2362.0,,,ermargora e fortunato,NO MATCH,"(None, None)"
,,,,,Bazoni,"Giovanni,",,,,s. Luca,calie delle mandola,4006.0,,,luca,San Marco,"(None, None)"
,,,,,Beceari,"Giuseppe,",,,,s. M. del: Giglio,campo,2515.0,,,maria del giglio,San Marco,"(12.333104579110602, 45.432513544372526)"
,,,,,Bergamo,"Luigi,",,,,s. Marco,frezzeria,4702.0,,,marco,San Marco,"(12.336494058205547, 45.43584408051706)"
,,,,,Bernardi,"Antonio,",,,,s. Cassiano,in camp. del spezier,2049.0,,,cassiano,Santa Croce,"(12.330089836464913, 45.440341528626476)"
,,,,,Bertatto,"Giovanni,",,,,s. Marco,sott. camp. del vin,485.0,,,marco,San Marco,"(12.338950327927286, 45.435940253247246)"
,,,,,Berti,"Giovanni,",,,,s. Marco,spadaria,692.0,,,marco,San Marco,"(12.338869181960204, 45.435389435918985)"
,,,,,Bertini,"Antonio,",,,,s. Marco,piazzetta dei Leoni,314.0,,,marco,San Marco,"(12.339344780904044, 45.434929134876676)"
,,,,,Bettini,"Giovanni,",,,,s. Silvestro,calle di mezzo,1244.0,,,silvestro,San Polo,"(12.33190367268201, 45.43759198813453)"
,,,,,Bettoni,"Angelo,",,,,s. Stefano,calle del Pestrin,3526.0,,,stefano,San Marco,"(12.33092447018671, 45.434051780316615)"
,,,,,Bettoni,"Giuseppe,",,,,s. Marco,bocca di piazza,1261.0,,,marco,San Marco,"(12.336741157653952, 45.43374397885782)"
,,,,,Bevilacqua,"Pietro,",,,,s. Marco,"salizzada s, Moisé",1492.0,,,marco,San Marco,"(12.336433669937193, 45.433326382152536)"
,,,,,Bianchini,"Giuseppe,",,,,s. Cassiano,calle della Chiesa,2100.0,,,cassiano,Santa Croce,"(12.330403025843053, 45.440115104798934)"
,,,,,Bocassini,"Antonio,",,,,s. Pietro,via nuova,1763.0,,,pietro,Castello,"(12.352172464341661, 45.43227138398044)"
,,,,,Boccassini,"Sebastiano,",,,,s. Francesco,‘salizz. delle Gatte,3193.0,,,francesco,Castello,"(12.347564968669586, 45.43666292871064)"
,,,,,Boomi,"Franceseo,",,,,s. Salvatore,calle del lovo,4812.0,,,salvador,San Marco,"(12.33603982825257, 45.436782094480535)"
,,,,,Borgonovi,"Carlo,",,,,s. Gio. in Bragora,salizz. s. Antonin,3446.0,,,giovanni in bragora,Castello,"(12.345194204537275, 45.43565383299161)"
,,,,,Brion,"Luigi,",,,,ss. Ger. e Prot.,s. Baseggio,1645.0,,,gervasio e protasio,Cannaregio,"(None, None)"
,,,,,Burlin,"Giacomo,",,,,s. Felice,rio terra,4619.0,,,felice,Cannaregio,"(12.337438264224033, 45.441072522332604)"
,,,,,Businaro,"Lodovico,",,,,s. Luca,calle dei fabbri,4678.0,,,luca,San Marco,"(12.33627738317974, 45.43565677769222)"
,,,,,Cappello,"Pietro,",,,,s. Felice,ealle del Cristo,4217.0,,,felice,Cannaregio,"(12.335063606803079, 45.44094370821008)"
,,,,,Carraro,"Luigi,",,,,s. M. Glor. dei Frari,salizz. s. Polo,2098.0,,,maria gloriosa dei frari,San Polo,"(12.329234782719366, 45.43693902450365)"
,,,,,Casarin,"Giuseppe,",,,,s. Gio. in Bragora,riva-degli Schiavoni,4185.0,,,giovanni in bragora,Castello,"(12.342947148183173, 45.43405490264091)"
,,,,,Casaro,"Luigi,",,,,s. M. del Carmine,fond. Gerardini,2808.0,,,maria dei carmini,Dorsoduro,"(12.325256355796624, 45.43323815339989)"
,,,,,Castrofilica,"Giugeppe,",,,,s. M. Glor. dei Frari,campo,3007.0,,,maria gloriosa dei frari,San Polo,"(12.326737820557215, 45.43677032600095)"
,,,,,Cavallerin,"Luigi,",,,,s. Gio. in Bragora,calle scoazzera,3978.0,,,giovanni in bragora,Castello,"(12.34752222269355, 45.43396230095221)"
,,,,,Centeneri,"Giovanni,",,,,s. Marziale,fond. Ormesini,2736.0,,,marziale,Cannaregio,"(12.328647684781137, 45.44551522586428)"
,,,,,Centenin,"Agostino,",,,,s. Silvestro,ruga Spezieyi,283.0,,,silvestro,San Polo,"(12.334446510576653, 45.43961029116794)"
,,,,,Cerotti,"Pietro,",,,,s. Martino,ramo Arsenale,2421.0,,,martino,Castello,"(None, None)"
,,,,,Chiozzini,"Giuseppe,",,,,s. M. del Giglio,campo s. Angelo,3581.0,,,maria del giglio,San Marco,"(12.332304224095543, 45.434234421131514)"
,,,,,Cocchietto,"Teresa,",,,,s. Pietro,via nuova,1578.0,,,pietro,Castello,"(12.35258574978067, 45.43214592986554)"
,,,,,Codato,"Giovanni,",,,,s. Geremia,fond. Scalzi,56.0,,,geremia,Cannaregio,"(12.322367348146466, 45.44140681519513)"
268,,,,,,,,,,,,,,,,,"(None, None)"
,,,,,Coin,"Giacomo,",,,,s. M. Formosa,calle lunga,6131.0,,,maria formosa,Castello,"(12.341200250708082, 45.43746297654278)"
,,,,,Collauto,"Vincenzo,",,,,s. Silvestro,ruga s. Giovanni,775.0,,,silvestro,San Polo,"(12.334090814128096, 45.43861677845007)"
,,,,,Commisso,"Luigi,",,,,s. Salvatore,fond. Tedeschi,5347.0,,,salvador,San Marco,"(12.336702193721655, 45.43805820806151)"
,,,,,Corbini,"Giovanni,",,,,s. Gio. in Bragora,salizz. s. Antonin,3446.0,,,giovanni in bragora,Castello,"(12.345194204537275, 45.43565383299161)"
,,,,,Corvi,"Antonio,",,,,s. Pietro,via nuova,1387.0,,,pietro,Castello,"(12.353675577571225, 45.432297780124244)"
,,,,,Corvi,"Francesco,",,,,s.. Luca,campo,4572.0,,,luca,San Marco,"(12.335412076126987, 45.435901735532916)"
,,,,,Corso,"Antonio,",,,,s. Pietro,ruga stretta,140.0,,,pietro,Castello,"(12.357058815488049, 45.43391923545582)"
,,,,,Creva,"Giacomo,",,,,s. Geremia,rioterra due ponti,1374.0,,,geremia,Cannaregio,"(12.327772562705931, 45.443864139990644)"
,,,,,Creva,"Gio.; Battista,",,,,s. Geremia,salizzada,317.0,,,geremia,Cannaregio,"(12.325090167407335, 45.44351321522608)"
,,,,,Dalla Vecchia,"Marco,",,,,ss. Gio. e Paolo,camp. s. Giustina,6486.0,,,giovanni e paolo,Castello,"(12.345139322219618, 45.438461533504956)"
,,,,,De Grandis,"Giovanni,",,,,s. M. del Carmine,calle Pedrocco,3180.0,,,maria dei carmini,Dorsoduro,"(None, None)"
,,,,,De Zotti,"Antonio,",,,,s. Pietro,corte Saresina,1205.0,,,pietro,Castello,"(12.355648166429706, 45.43101726740127)"
,,,,,Doetsch,"Enrico,",,,,ss. Salvatore,merceria,4926.0,,,salvador,San Marco,"(None, None)"
,,,,,Donati,"Francesco,",,,,s. Salvatore,calle dei fabbri,4747.0,,,salvador,San Marco,"(12.335547144941321, 45.43639137803304)"
,,,,,Fabris,"Carlo,",,,,s. Marco,procuratie nuove,101.0,,,marco,San Marco,"(12.337574441454375, 45.434179703216735)"
,,,,,Fagarazzi,"Bartolomeo,",,,,s. Silvestro,fond. del Vin,732.0,,,silvestro,San Polo,"(12.334965557229413, 45.43776234979661)"
,,,,,Fascio,"Antonio,",,,,ss. Erm. e.Fort.,calle dell’ Anconetta,1845.0,,,ermargora e fortunato,NO MATCH,"(None, None)"
,,,,,Fasolato,"Luigi,",,,,s. Eufemia,fond. ponte piccolo,426.0,,,eufemia,Dorsoduro,"(12.330030067233338, 45.42878651913919)"
,,,,,Faustini,"Gio.; Battista,",,,,s. Marziale,fondamenta,2602.0,,,marziale,Cannaregio,"(12.33077127184715, 45.44496754987512)"
,,,,,Ferro,"Giuseppe,",,,,s. Luca,a s. Paternian,4218.0,,,luca,San Marco,"(12.334970668031621, 45.43544666811626)"
,,,,,Finotello,"Antonio,",,,,s. Francesco,salizzada,3146.0,,,francesco,Castello,"(12.347335618583617, 45.436998141882626)"
,,,,,Filomene,"Fulgenzio,",,,,s. Gio. in Bragora,calle dei Greci,3417.0,,,giovanni in bragora,Castello,"(12.345092426757445, 45.43568612607183)"
,,,,,Fontana,"Vincenzo,",,,,s. Zaccaria,calle delle rasse,4564.0,,,zaccaria,Castello,"(12.34183691509189, 45.434256757966395)"
,,,,,Fulin,"Giacomo,",,,,s. Canciano,salizz. s. Gio. Grisostomo,5792.0,,,canciano,Cannaregio,"(12.33705924043972, 45.43867913250325)"
,,,,,Gambierasi,"Francesco,",,,,s. M. del Rosario,fond. Zattere,782.0,,,madonna del rosario,Dorsoduro,"(12.328350261188206, 45.42906665974767)"
,,,,,Garbato,"Antonio,",,,,s. Salvatore,in merceria,5026.0,,,salvador,San Marco,"(12.336691795810426, 45.43688777176457)"
,,,,,Garbato,"Antonio,",,,,s. M. Formosa,calle della guerra,5359.0,,,maria formosa,Castello,"(12.339436142857016, 45.43639203640586)"
,,,,,Gardin,"Alessandro,",,,,"s, Simeone Prof.",calle lunga,726.0,,,simeon profeta,Santa Croce,"(None, None)"
,,,,,Gasparini,"Antonio,",,,,s. Marco,calle larga,366.0,,,marco,San Marco,"(12.339328197117595, 45.435159757097324)"
,,,,,Gasparini,"Bernardo,",,,,s. Canciano,camp. del Pestrin,5342.0,,,canciano,Cannaregio,"(12.339857822492842, 45.44089814485043)"
,,,,,Gastaldi,"Paolo,",,,,s. M. del Rosario,fond. Baccala,206.0,,,madonna del rosario,Dorsoduro,"(12.332705293486535, 45.43030821475882)"
,,,,,Gervasoni,"Giuseppe,",,,,s. Geremia,lista di Spagna,744.0,,,geremia,Cannaregio,"(None, None)"
,,,,,Girardi,"Faustino,",,,,s. Marco,sotto le procuratie nuove,60.0,,,marco,San Marco,"(12.338083682474593, 45.433615666830136)"
,,,,,Giuspin,"Angelo,",,,,s. Silvestro,calle del Paradiso,749.0,,,silvestro,San Polo,"(None, None)"
,,,,,Goi,"Giuseppe,",,,,s. Salvatore,calle delle acque,5013.0,,,salvador,San Marco,"(12.337393773280267, 45.43667787467863)"
,,,,,Grammatico,"Antonio,",,,,s. Simeone Prof.,fond. Tolentini,287.0,,,simeon profeta,Santa Croce,"(12.320102387027054, 45.43622164725469)"
,,,,,Grandis,"Santo,",,,,s. Pantaleone,calle di donna onesta,3930.0,,,pantalon,Dorsoduro,"(12.32610560202097, 45.4356116527196)"
,,,,,Guadagnin,"Luigi,",,,,s. Zaccaria,campo ss. Filippo e Giac.,4354.0,,,zaccaria,Castello,"(None, None)"
,,,,,Gugeri,"Giuseppe,",,,,s. Marco,calle della Chiesa s. Giuliano,619.0,,,marco,San Marco,"(12.338893138251768, 45.435786325347294)"
,,,,,Laino,"Giacomo,",,,,s. M. Gloriosa dei Frari,calle dell’ olio,2470.0,,,maria gloriosa dei frari,San Polo,"(12.326372958137398, 45.43825375990564)"
269,,,,,,,,,,,,,,,,,"(None, None)"
,,,,,Lanza,"Luigi,",,,,ss. Gio. e Paolo,salizzada,6339.0,,,giovanni e paolo,Castello,"(12.342279882893187, 45.438827746586725)"
,,,,,Leoni,"Girolamo,",,,,s. M. del Giglio,calle lunga s. Moisé,2095.0,,,maria del giglio,San Marco,"(12.33534078502473, 45.43294708063525)"
,,,,,Livesclutti,"Giovanni,",,,,s. Gio. in Bragora,riva degli schiav.,4113.0,,,giovanni in bragora,Castello,"(12.34761620575923, 45.43373244442595)"
,,,,,Livio,"Francesco,",,,,s. Pantaleone,salizzada,47.0,,,pantalon,Dorsoduro,"(12.334612486535372, 45.42936833480547)"
,,,,,Locatello,"Luigi,",,,,s. Marco,procuratie nuove,65.0,,,marco,San Marco,"(12.337800838268505, 45.43353797932948)"
,,,,,Lucano,"Giuseppe,",,,,s. M. del Carmine,campo s. Margherita,2978.0,,,maria dei carmini,Dorsoduro,"(12.323666167134714, 45.434689832692285)"
,,,,,Manetta,"Antonio,",,,,s. Cassiano,ramo ponte rioda,2000.0,,,cassiano,Santa Croce,"(None, None)"
,,,,,Mangelli,"Giuseppe,",,,,s. Felice,calle dell’oca,4428.0,,,felice,Cannaregio,"(12.336165116680654, 45.440757076740965)"
,,,,,Manzato,"Giuseppe,",,,,s. M. del Giglio,‘calle lunga s. Moisé,2005.0,,,maria del giglio,San Marco,"(12.334203475094588, 45.43358907177327)"
,,,,,Marchetti,"Felice,",,,,s. Cassiano,calle botteri,1697.0,,,cassiano,Santa Croce,"(12.32785830422391, 45.441781866877925)"
,,,,,Manfrin,"Giuseppe,",,,,s. M. del Rosario,campo s. Vio,669.0,,,madonna del rosario,Dorsoduro,"(12.329942174511409, 45.43057952790124)"
,,,,,Marinolli,"Giacomo,",,,,s. Silvestro,ponte rialto,15.0,,,silvestro,San Polo,"(12.335567595510861, 45.43815878308237)"
,,,,,Marzotto,"Antonio,",,,,s. Zaccaria,¢alle rasse,4608.0,,,zaccaria,Castello,"(12.341818265728675, 45.434604758081065)"
,,,,,Mattei,"Angelo,",,,,ss. Ermag.e Fort.,rio terra due ponti,1523.0,,,ermargora e fortunato,NO MATCH,"(None, None)"
,,,,,Mazzato,"Pietro,",,,,s. Stefano,"salizz. s, Samuele",3337.0,,,stefano,San Marco,"(12.329278047921793, 45.43420018814761)"
,,,,,Mazzoleni,"Lorenzo,",,,,s. M. Formosa,salizz. s. Lio,5514.0,,,maria formosa,Castello,"(12.33803492311672, 45.43670830242415)"
,,,,,Mazzoran,"Giuseppe,",,,,s. Silvestro,panatteria,352.0,,,silvestro,San Polo,"(None, None)"
,,,,,Mezzappo,"Marsilio,",,,,s. Gio. e Paolo,calle del cavailo,6276.0,,,giovanni e paolo,Castello,"(12.342370269435017, 45.438604835184144)"
,,,,,Michielon,"Daniele,",,,,ss. Ermag. e Fort.,camp. dei fori,2287.0,,,ermargora e fortunato,NO MATCH,"(None, None)"
,,,,,Modenese,"Vincenzo,",,,,s. Marco,calle larga,285.0,,,marco,San Marco,"(12.339018566466367, 45.43504622463135)"
,,,,,Morandi,"Francesco,",,,,s. Marco,calle di canonica,351.0,,,marco,San Marco,"(12.339814781982897, 45.43513300906367)"
,,,,,Mora,"Matteo,",,,,s. Salvatore,calle stretta,5385.0,,,salvador,San Marco,"(None, None)"
,,,,,Moron,"Giuseppe,",,,,s. Silvestro,ruga vecchia,475.0,,,silvestro,San Polo,"(12.33449099208825, 45.4388673745462)"
,,,,,Muschietto,"Francesco,",,,,s. Pietro,fond. s. Gioachino,1831.0,,,pietro,Castello,"(12.3557632662298, 45.43259376340657)"
,,,,,Oliva,"Antonio,",,,,s. Marco.,campo della guerra,523.0,,,marco,San Marco,"(12.338903195541414, 45.43606449796422)"
,,,,,Orgeni,"Gio.; Battista,",,,,s. Marco,corte Contarina,1571.0,,,marco,San Marco,"(12.336170234353109, 45.43383600112127)"
,,,,,Orlandini,"Paolo,",,,,all’Angelo Raff.,fond. Barbarigo,2345.0,,,angelo raffaele,NO MATCH,"(None, None)"
,,,,,Palich,"Pietro,",,,,s. Salvatore,calle dei stagneri,5191.0,,,salvador,San Marco,"(12.337038063455953, 45.43713311828619)"
,,,,,Paresini,"Pietro,",,,,s. M. del Carmine,fond. scaletter,2903.0,,,maria dei carmini,Dorsoduro,"(12.322745762952385, 45.43377382799981)"
,,,,,Pecceli,"Giuseppe,",,,,s. Felice,calle dell’oca,4365.0,,,felice,Cannaregio,"(12.335920216983284, 45.44081407228205)"
,,,,,Pecol,"Giovanni,",,,,"s, Canciano",salizz. s. Gio. Grisostomo,5792.0,,,canciano,Cannaregio,"(12.33705924043972, 45.43867913250325)"
,,,,,Pecorini,"Andrea,",,,,all’Angelo Raff.,sottep. dei guardiani,2389.0,,,angelo raffaele,NO MATCH,"(None, None)"
,,,,,Peschiutta,"Giovanni,",,,,s. Marco,calle dei fabbri,881.0,,,marco,San Marco,"(12.337518127084133, 45.4346635213519)"
,,,,,Piccolo,"Giuseppe,",,,,s. Marco,calle di canonica,348.0,,,marco,San Marco,"(12.339992812236671, 45.435180843301545)"
,,,,,Pietrobon,"Domenico,",,,,s. Marco,calle s. Basso,307.0,,,marco,San Marco,"(12.339179534676688, 45.434945791143754)"
,,,,,Pintarin,"Valentino,",,,,s. Pietro,calle Riello,182.0,,,pietro,Castello,"(12.356858578487813, 45.43323760069353)"
,,,,,Pisciutta,"Lorenzo,",,,,s. Silvestro,calle di mezzo,1240.0,,,silvestro,San Polo,"(12.331734596321853, 45.43747709405814)"
,,,,,Polesso,"Ignazio,",,,,s. Pietro,via nuova,1805.0,,,pietro,Castello,"(None, None)"
,,,,,Pozzato,"Giacinto,",,,,s. Gio. in Bragora,riva dei Schiavoni,4134.0,,,giovanni in bragora,Castello,"(12.346574904880221, 45.43390044598253)"
,,,,,Raduzzi,"Atgelo,",,,,s. Luca,salizzada,4120.0,,,luca,San Marco,"(12.334568972781907, 45.43574560244135)"
270,,,,,,,,,,,,,,,,,"(None, None)"
,,,,,Ragona,"Luigi,",,,,s. Salvatore,a s. Bortolomeo,5101.0,,,salvador,San Marco,"(12.336181004184153, 45.4374682456127)"
,,,,,Ragona,"Valentino,",,,,.s. Marco,spadaria,682.0,,,marco,San Marco,"(None, None)"
,,,,,Ranzato,"Antonio,",,,,ss. Gerv. e Prot.,calle taoletta,1237.0,,,gervasio e protasio,Cannaregio,"(12.325510472028618, 45.444474180056375)"
,,,,,Reali,"Antonio,",,,,s. Salvatore,calle dei stagneri,5247.0,,,salvador,San Marco,"(12.337078249271762, 45.43725592666431)"
,,,,,Regazzoni,"Luigi,",,,,s. Marco,s. Moisé all’Ascensione,1302.0,,,marco,San Marco,"(12.33679213130062, 45.43329010031353)"
,,,,,Renon,"Cesare,",,,,s. Geremia,fond. pescheria,1116.0,,,geremia,Cannaregio,"(12.324774288583667, 45.44426137671507)"
,,,,,Rigotti,"Francesco,.s.",,,,Zaccaria,calle delle rasse,4527.0,,,zaccaria,Castello,"(12.341808654241955, 45.43491044579053)"
,,,,,Rigotti,"Vincenzo,",,,,s. Canciano,calle Dolfin,5671.0,,,canciano,Cannaregio,"(12.336825192813848, 45.439702609545876)"
,,,,,Rinaldi,"Antonio,",,,,s. Luca,calte dei fuseri,4472.0,,,luca,San Marco,"(12.335290811723898, 45.43563640977566)"
,,,,,Robassa,"Francesca,",,,,s. Nicola da Tolent.,fond. Gaffaro,3529.0,,,nicola da tolentino,Santa Croce,"(None, None)"
,,,,,Romanini,"Antonie,",,,,s. Marziale,corte Zappa,2844.0,,,marziale,Cannaregio,"(12.32676618262465, 45.4459982013906)"
,,,,,Rosa,"Gioachino,",,,,s. Canciano,:salizz. formagger,5559.0,,,canciano,Cannaregio,"(12.33787798660346, 45.43975895832748)"
,,,,,Rossi,"Giuseppe,",,,,s. Silvestro,ruga vecchia,782.0,,,silvestro,San Polo,"(12.333855664969679, 45.438381546400464)"
,,,,,Rossi,"Luigi,",,,,s. M. Formosa,calle lunga,5233.0,,,maria formosa,Castello,"(12.341532951973079, 45.437602944433465)"
,,,,,Ruselli,"Gio.; Battista,",,,,s. Zaccaria,corte resina,4250.0,,,zaccaria,Castello,"(12.341392172940205, 45.43445339908169)"
,,,,,Satvadego,"Angelo,",,,,s. Marco,sotto .al campanile,35.0,,,marco,San Marco,"(None, None)"
,,,,,Sandi,"Stefano,",,,,s. Salvatore,fondaco Tedeschi,5550.0,,,salvador,San Marco,"(12.336915419091017, 45.43808842743775)"
,,,,,Sardo,"Luigi,",,,,'s. Stefano,sotto i chiostri,3546.0,,,stefano,San Marco,"(None, None)"
,,,,,Scandoler,"Giuseppe,",,,,s. Marziale,feud. Misericordia,2543.0,,,marziale,Cannaregio,"(12.331825526390931, 45.44465834523951)"
,,,,,Scarpa,"Michiele,",,,,s. Gio. in Bragora,calle del pestrin,3898.0,,,giovanni in bragora,Castello,"(12.347502699286025, 45.43457266803947)"
,,,,,Scattolin,"Attilio,",,,,s. Silvestro,sottop. rialte,59.0,,,silvestro,San Polo,"(12.334838365985394, 45.438612155023996)"
,,,,,Sfrizzo,"Francesco,",,,,s. Pietro,via nuova,1594.0,,,pietro,Castello,"(12.352227823377298, 45.43210101216511)"
,,,,,Silvestri.,"Domenico,",,,,s. M. del Carmine,fond. Fosearini,3474.0,,,maria dei carmini,Dorsoduro,"(12.321415855013758, 45.43390449081108)"
,,,,,Silvestri,"Giuseppe,",,,,ss. Gerv. e Prot.,fond. Nani,990.0,,,gervasio e protasio,Cannaregio,"(12.321919908209017, 45.445424340107)"
,,,,,Sogaro,"Giuseppe,",,,,s. Simeone Prof.,calle: larga bari,1161.0,,,simeon profeta,Santa Croce,"(12.324967093940984, 45.4407030205519)"
,,,,,Soranzo,"Antonio,",,,,ss. Erm. e Fort.,rio terra dei due ponti,1523.0,,,ermargora e fortunato,NO MATCH,"(None, None)"
,,,,,Spinetta,"Luigi,",,,,s. Marco,calle dei pignoll,743.0,,,marco,San Marco,"(None, None)"
,,,,,Teza,"Luigi,",,,,s. Felice,calle delle zotte,3913.0,,,felice,Cannaregio,"(12.334495508708025, 45.44136973793221)"
,,,,,Tinozzi,"Eugenio,",,,,s. Cassiano,calle del cappeller,1594.0,,,cassiano,Santa Croce,"(12.328261949744533, 45.43991091512573)"
,,,,,Toffano,"Andrea,",,,,s. Geremia,fond. Penitenti,971.0,,,geremia,Cannaregio,"(None, None)"
,,,,,Tosetto,"Pietro,",,,,s. Geremia,ponte Crotta,133.0,,,geremia,Cannaregio,"(12.323145101042629, 45.4420242850326)"
,,,,,Trinca,"Andrea,",,,,s. Stefano,campo s. Maurizio,2666.0,,,stefano,San Marco,"(12.331709870339294, 45.4328471076054)"
,,,,,Tubei,"Giovanni,",,,,s. Stefano,in campo,2775.0,,,stefano,San Marco,"(12.330877195366577, 45.433485788328696)"
,,,,,Valentini,"Laura,",,,,s. Pantaleone,calle del spezier,3747.0,,,pantalon,Dorsoduro,"(12.325137958313883, 45.43577423177894)"
,,,,,Valotto,"Sante,",,,,ss. Gio. e Paolo,salizz. dell’ ospedaletto,6372.0,,,giovanni e paolo,Castello,"(None, None)"
,,,,,Vallaro,"Ventura,",,,,s. Pantaleone,calle del spezier,3948.0,,,pantalon,Dorsoduro,"(12.325716643840614, 45.43578005322308)"
,,,,,Vanzetti,"Antonio,",,,,s. Gio. in Bragora,calle verze,3292.0,,,giovanni in bragora,Castello,"(12.346054103613133, 45.43591332761155)"
,,,,,Vasselli,"Bartolammeo,",,,,s. Silvestro,calle due Mori,431.0,,,silvestro,San Polo,"(12.333834502376279, 45.439012141118845)"
,,,,,Veronese,"Cesare,",,,,s. Marco,catle specchieri,465.0,,,marco,San Marco,"(12.339180799443938, 45.43559027132952)"
,,,,,Versotto,"Teresa,",,,,s. Gio. in Bragora,ponte s. Severo,4032.0,,,giovanni in bragora,Castello,"(12.34852027078739, 45.43408297210946)"
,,,,,Vianello,"Giuseppe,",,,,s. M. del Rosario,calle s. Gregorio,167.0,,,madonna del rosario,Dorsoduro,"(12.333325016343865, 45.430696044859125)"
271—,,,,,,,,,,,,,,,,,"(None, None)"
,,,,,Vianello,"Giuseppe,",,,,s. Marco,frezzeria,1178.0,,,marco,San Marco,"(12.336332774386504, 45.434048753708126)"
,,,,,Vigevano,"Angelo,",,,,ss. Ermag. e Fort.,rio terra Maddalena,2336.0,,,ermargora e fortunato,NO MATCH,"(None, None)"
,,,,,Violati,"Antonio,",,,,s. Cassiano,calle dei Merti,2262.0,,,cassiano,Santa Croce,"(12.331187651491755, 45.43978676870512)"
,,,,,Zanovello,"Lodovico,",,,,s. M. Formosa,calle delle‘bande,5829.0,,,maria formosa,Castello,"(None, None)"
,,,,,Zennaro,"Carlo,",,,,s. Giacomo dall’Orio,calle larga,1660.0,,,giacomo dall'orio,Santa Croce,"(12.328171039853071, 45.44069268270038)"
,,,,,Zennaro,"Pietro,",,,,s. M. Formosa,satizz. s. Lio.,5728.0,,,maria formosa,Castello,"(12.339369765769543, 45.43720993768674)"
,,,,,Ziché,"Giovanni,",,,,all’Angelo Raff.,fond. pescaria,1789.0,,,angelo raffaele,NO MATCH,"(None, None)"
,,,,,Zilli,"Francesco,",,,,s. Gio. in Bragora,campo,3725.0,,,giovanni in bragora,Castello,"(12.346353125850081, 45.43454898294497)"
,,PASTE DA MINESTRA.,,(fabbricatari di),,,,,,,,,,,,,"(None, None)"
,,,,,Hanau,"Beniamino,",,,,s. Marziale,fond.. Corner,2400.0,,,marziale,Cannaregio,"(12.332796540803756, 45.44303214653784)"
,,,,vend.,Luciani,"Susanna; Anna,",,,,s. Luca,calle dei fuseri,1806.0,,,luca,San Marco,"(12.33545511198013, 45.43455864104445)"
,,,,,Nicolini,"Giovanni,",,,,ss. Gio. e Paolo,s. Giustina,2926.0,,,giovanni e paolo,Castello,"(12.34686590747693, 45.43741420923928)"
,,,,,Ravenna; Giappara,"Luigi.e; Michele,",,,,s. M. Formosa,s. Lio,5991.0,,,maria formosa,Castello,"(12.338386184781124, 45.438085478842105)"
,,,,,Zavan,"Giacome,.",,,"rapp. da Chiesura Alessandre,",s. M. Gloriosa dei Frari,rioterra,2605.0,,,maria gloriosa dei frari,San Polo,"(12.32802760127249, 45.43716639446485)"
,,PECE E CATRAME,,(fabbric. e negoz. di),,,,,,,,,,,,,"(None, None)"
,,,,,De Perini,Vincenzo,,,"q. Pio rapp. da Angelo Cecchini,",s. Eufemia,alla Giudecea,543.0,,,eufemia,Dorsoduro,"(12.330519697875696, 45.42961814066665)"
,,,,,Purisiol,"Andrea,",,,,s. Pietro.,via nuova,1699.0,,,pietro,Castello,"(12.351575252958252, 45.432177537059545)"
,,,,,Purisiol,Carlo.,,,"q, Tommaso,",Angelo Raff.,ealle Bevilac.,1738.0,,,angelo raffaele,NO MATCH,"(None, None)"
,,,,,Toscan,"Angela,",,,,s. M. del Carmine,campo s. Barnaba,1844.0,,,maria dei carmini,Dorsoduro,"(12.316221127781457, 45.43225402403184)"
,,PELLAMI,,(Acconciatori e venditori),,,,,,,,,,,,,"(None, None)"
,,,,vend.,Ambonetti," Isacco,",,,,s. Salvatore,fond. Tedeschi,5362.0,,,salvador,San Marco,"(12.336571535468494, 45.437975711091)"
,,,,"acconc,",Baroni,Luigi,,,"rapp. da Baroni Lorenzo,",s. Eufemia,corte Ferrando,409.0,,,eufemia,Dorsoduro,"(None, None)"
272,,,,,,,,,,,,,,,,,"(None, None)"
,,,,vend.,Bastianello,"Vincenzo,",,,,s. Giac. dall’Orio,calle delle Savie,1377.0,,,giacomo dall'orio,Santa Croce,"(12.326817511663405, 45.440572360973896)"
,,,,vend.,Biasiutti,"Aurelio,",,,,s. Silvestro,calle del Paradiso,752.0,,,silvestro,San Polo,"(12.334083323651743, 45.437628476173536)"
,,,,vend.,Borella,"Gio.; Maria,",,,,s. Canciano,sottop.,5608.0,,,canciano,Cannaregio,"(12.336877561467698, 45.439762968368534)"
,,,,vend.,Borin,"Giacomo,",,,,s. M. del Giglio,calle lunga s. Moisé,2444.0,,,maria del giglio,San Marco,"(12.333304274994344, 45.43216392821259)"
,,,,vend. e lav.,Cadel,"Pietro,",,,,ss. Ermag. e Fort.,calleselle,1430.0,,,ermargora e fortunato,NO MATCH,"(None, None)"
,,,,vend.,De Santa,"Valentino,",,,,.s. Geremia,calle Priuli,88.0,,,geremia,Cannaregio,"(12.320994940738302, 45.44254226926649)"
,,,,vend:,Dozza,"Pietro,",,,,s. Silvestro,,1051.0,,,silvestro,San Polo,"(12.333070601564467, 45.438036586637324)"
,,,,vend.,Ferrarese,"Marco,",,,,s. Gio. in Bragora,salizz. s. Antonin,3450.0,,,giovanni in bragora,Castello,"(12.345355840149338, 45.43560855413329)"
,,,,tintore di pellami.,Frisole,"Marco,",,,,s. Geremia,calle Priuli,114.0,,,geremia,Cannaregio,"(None, None)"
,,,,acconc.,Gardin,"Francesco,",,,,s. Eufemia,calle dell’ olio,481.0,,,eufemia,Dorsoduro,"(None, None)"
,,,,negoz.,Gidoni,Giovanni; Giacomo,,,,s. M. Gloriosa dei Frari,traghetto s. Toma,2810.0,,,maria gloriosa dei frari,San Polo,"(12.328198416242417, 45.43551201562107)"
,,,,vend.,Grasselli,"Antonio,",,,,s: Martino,campo s. Biagio,2141.0,,,martino,Castello,"(12.350316192436443, 45.43230330009746)"
,,,,vend.,Guadagnin,"Giacomo,",,,,s. Silvestro,calle della donzella,969.0,,,silvestro,San Polo,"(12.333449803321587, 45.43835458173784)"
,,,,vend.,Mazzotti,"Domenico,",,,,s. Geremia,salizzada,325.0,,,geremia,Cannaregio,"(12.32507199865816, 45.443459085360836)"
,,,,vend.,Menin,"Giuseppe,",,,detto Bizzaro,s. Salvatore,calle dei stagneri,5235.0,,,salvador,San Marco,"(12.33710737663658, 45.43721401434078)"
,,,,asciug. di pelli crude.,Menin,"Giuseppe,",,,"rapp. da Peltréra detto Scala Antonio,",s. Geremia,calle Colombina,500.0,,,geremia,Cannaregio,"(12.322194505932968, 45.44430938131006)"
,,,,acc.,Pincherle; Moravia," Giacomo; Lustro,",,,,s.Eufem.,corte Grande,491.0,,,eufemia,Dorsoduro,"(12.33090320353061, 45.429713037146755)"
,,,,accon. e vend. ,Pivato,Giacomo,,,"rapp. da Antonio e Luigi Pivato,",s.Eufemia, fond.s. Biagio,777.0,,,eufemia,Dorsoduro,"(12.328638141675683, 45.42914467703622)"
,,,,accon. e vend. ,Pivato,Giacomo,,,"rapp. da Antonio e Luigi Pivato,",s. Zaccaria,calle delle rasse,4531.0,,,zaccaria,Castello,"(12.34179628256086, 45.43480424849871)"
,,PELLICCIAJ.,,,,,,,,,,,,,,,"(None, None)"
,,,,,Catullo,"Pietro,",,,,s. Luca,calle dei fuseri,4366.0,,,luca,San Marco,"(None, None)"
,,,,,Kohn,"Ignazio,",,,,s. Salvatore,merceria,4942.0,,,salvador,San Marco,"(12.337530343392894, 45.43623962344203)"
,,,,,Schierato,"Giovanni,",,,,s. Marco,a s. Giuliano,783.0,,,marco,San Marco,"(12.338278210976938, 45.43554979304737)"
,,,,,Schierato,"Pietro,",,,,s. Luca,calle dei Fuseri,4473.0,,,luca,San Marco,"(12.33528175195074, 45.43570061806707)"
,,,,,Zich,"Francesco,",,,,s. Salvatore,campo s. Bartolomeo,5179.0,,,salvador,San Marco,"(12.336631845278063, 45.43738364155563)"
,,PESCE FRESCO.,,(negozianti e venditori di),,,,,,,,,,,,,"(None, None)"
,,,,,Bastianello,"Fortunato,",,,detto Abolo,s. Silvestro,pese. rialto p.,15.0,,,silvestro,San Polo,"(12.335567595510861, 45.43815878308237)"
,,,,,Battaggia,"Giuseppe,",,,,s. Salvatore,pescaria alla Cerva p.,108.0,,,salvador,San Marco,"(12.337645198371119, 45.43434549546768)"
,,,,,Battagin,"Vincenzo,",,,,s. Salvatore,p.,108.0,,,salvador,San Marco,"(12.337645198371119, 45.43434549546768)"
,,,,,Bellemo,,,,"detto Bora Antonio,",s. Salvatore,p.,97.0,,,salvador,San Marco,"(None, None)"
273,,,,,,,,,,,,,,,,,"(None, None)"
,,,,,Bellemo,"Marco,",,,detto Bora,s. Salvat.,pescaria alla Cerva p.,96.0,,,salvador,San Marco,"(None, None)"
,,,,,Bellemo,"Santo,",,,detto Bora,s. Salvat.,p.,95.0,,,salvador,San Marco,"(None, None)"
,,,,,Bellemo,"Giuseppe,",,,,s. Salvat.,p.,99.0,,,salvador,San Marco,"(None, None)"
,,,,,Bellemo,"Angelo,",,,detto Pujese,s. Silvestro,pescaria p.,3.0,,,silvestro,San Polo,"(12.335756949707145, 45.438207659360295)"
,,,,,Bon,"Albano,",,,detto Ferrighi,s. Silvestro,p.,46.0,,,silvestro,San Polo,"(12.33463143585952, 45.43891007135472)"
,,,,,Bon,"Giacomo,",,,detto Ferrighi,s. Salvatore,pescaria alla Cerva,135.0,,,salvador,San Marco,"(12.338505918634565, 45.43458203204965)"
,,,,,Bon,"Giuseppe,",,,detto Ferrighi,s. Salvatore,,142.0,,,salvador,San Marco,"(12.338728771521406, 45.43467709921292)"
,,,,,Bon,"Giuseppe,",,,detto Ferrighi,s. Salvatore,,113.0,,,salvador,San Marco,"(12.337801918335039, 45.43427790251308)"
,,,,,Bon,"Giuseppe,",,,detto Ferrighi,s. Salvatore,,136.0,,,salvador,San Marco,"(12.338542453523507, 45.434597615796875)"
,,,,,Bon,"Felice,",,,,s. Pantaleone,in campo,,,,pantalon,Dorsoduro,"(None, None)"
,,,,,Bon,"Gio.; Battista,",,,,s. Pantaleone,p.,,,,pantalon,Dorsoduro,"(None, None)"
,,,,,Bon,"Giovanni,",,,,s. Pantaleone,,,,,pantalon,Dorsoduro,"(None, None)"
,,,,,Bonivento,"Giacomo,",,,,s. Salvatore,pescaria alla Cerva p.,120.0,,,salvador,San Marco,"(12.338007502958027, 45.43436943570297)"
,,,,,Bonivento,"Felice,",,,detto Zagnolo,s. Silvestro,pescaria p.,6.0,,,silvestro,San Polo,"(12.33585038975325, 45.438152805981574)"
,,,,,Bonivento,"Francesco,",,,detto Zagnolo,s. Silvestro,p.,24.0,,,silvestro,San Polo,"(12.335402777067351, 45.43838342254772)"
,,,,,Bonivento,"Luigi,",,,detto Zagnolo,s. Silvestro,pp.,23.0,,,silvestro,San Polo,"(12.335429145158436, 45.43836419389238)"
,,,,,Bressanello,"Antonio; Cesare,",,,detto Pauluzzi,s. Silvestro,p.,17.0,,,silvestro,San Polo,"(12.335501070959689, 45.43818664148732)"
,,,,,Bullo,"Antonio,",,,,s. Pietro,pescaria alla Tana p..,,,,pietro,Castello,"(None, None)"
,,,,,Bullo,"Antonio,",,,,s. Silvestro, pescaria p.,76.0,,,silvestro,San Polo,"(12.33549234598682, 45.43825279995778)"
,,,,,Bullo,"Domenico,",,,,s. Silvestro,pescaria p.,74.0,,,silvestro,San Polo,"(12.33544072294454, 45.43829020746333)"
,,,,,Bullo,"Giacinto,",,,,s. Pietro,pescaria alla Tana p.,,,,pietro,Castello,"(None, None)"
,,,,,Bullo,"Giuseppe,",,,,s. Silvestro,pescaria p.,75.0,,,silvestro,San Polo,"(12.335469121617566, 45.438269628987676)"
,,,,,Ballo,"Giusto,",,,,s. Silvestro,p.,77.0,,,silvestro,San Polo,"(12.335521412009236, 45.438424392517035)"
,,,,,Ballo,"Giusto,",,,,s. Silvestro,p.,78.0,,,silvestro,San Polo,"(12.335483617308077, 45.438413482087476)"
,,,,,Camuffo,"Angelo,",,,,s. Silvestro,p.,94.0,,,silvestro,San Polo,"(12.33472065092997, 45.43896464179708)"
,,,,,Camuffo,"Luigi,",,,detto Boscolo,s. Silvestro,p.,25.0,,,silvestro,San Polo,"(12.335345682550425, 45.438422633053875)"
,,,,,Canal; Ferro,"Paolo; Giuseppe,",,,,s. Silvestro,p.,33.0,,,silvestro,San Polo,"(12.335071343321133, 45.438609495466025)"
,,,,,Canella,"Pietro,",,,,s. Pantaleone,in campo,,,,pantalon,Dorsoduro,"(None, None)"
,,,,,Cavaldoro,"Marco,",,,,s. Pantaleone, p...,,,,pantalon,Dorsoduro,"(None, None)"
,,,,,Cavallerin,"Angelo,",,,,s. Salvat.,pescaria alla Cerva p.,133.0,,,salvador,San Marco,"(12.338446870270705, 45.43455684530889)"
,,,,,Cavallerin,"Angelo,",,,,s. Salvat.,pescaria alla Cerva p.,131.0,,,salvador,San Marco,"(12.338379876115274, 45.43452826933634)"
,,,,,Cavallerin,"Angelo,",,,,s. Salvat.,pescaria alla Cerva p.,121.0,,,salvador,San Marco,"(12.338039652837892, 45.43438314904973)"
,,,,,Cavallerin,"Giovanni,",,,,s. Salvat.,p.,132.0,,,salvador,San Marco,"(12.338418236734958, 45.434544631838534)"
,,,,,Ceriello,"Vincenzo,",,,,s. Pietro,pescaria alla Tana p. . .,,,,pietro,Castello,"(None, None)"
,,,,,Cornel,"Sebastiano,",,,,s. Gio. in Bragora,pescaria p. . .,,,,giovanni in bragora,Castello,"(None, None)"
,,,,,Cosma,"Antonio,",,,,s. Pietro,pescaria alla Tana p.. .,,,,pietro,Castello,"(None, None)"
,,,,,Costantini,"Antonio,",,,,s. Pietro,p...,,,,pietro,Castello,"(None, None)"
,,,,,Costantini,"Gioachino,.s.",,,,Gio. in Brag.,pescaria p. . .,,,,giovanni in bragora,Castello,"(None, None)"
,,,,,Dalla Tesa,"Luigi,",,,detto Saba,s. Salv.,pesc. alla Cerva p.,115.0,,,salvador,San Marco,"(None, None)"
,,,,,Dal Ponte,"Santo,",,,,s. M. del Rosario,campo s. Agnese,805.0,,,madonna del rosario,Dorsoduro,"(12.327794047123751, 45.429502703900376)"
,,,,,De Antonj,"Antonio,",,,,s. Salvatore,pescaria alla Cerva,118.0,,,salvador,San Marco,"(12.337909609161986, 45.43432583297838)"
,,,,,De Bei,"Costante,",,,,s. Pietro,pescaria alla Tana p. . .,,,,pietro,Castello,"(None, None)"
,,,,,D’ Este,"Antonio,",,,,s. Silvestro,pescaria p.,32.0,,,silvestro,San Polo,"(12.335099866707116, 45.43858928225101)"
,,,,,D’ Este,"Francesco,",,,,s. Silvestro,p.,49.0,,,silvestro,San Polo,"(12.33459203429471, 45.43887093797708)"
,,,,,D’ Este,"Francesco,",,,,s. Silvestro,p.,87.0,,,silvestro,San Polo,"(12.33476835744335, 45.43887061044806)"
,,,,,D’ Este,"Gioachino,",,,,s. Pietro,pescaria alla Tana p. . .,,,,pietro,Castello,"(None, None)"
274,,,,,,,,,,,,,,,,,"(None, None)"
,,,,,D’ Este,"Sante,",,,detto Santarello,s. Silvestro,pescaria p.,56.0,,,silvestro,San Polo,"(12.334821666615044, 45.43871456058367)"
,,,,,D’ Este,Vincenzo,,,,s. Silvestro,p.,88.0,,,silvestro,San Polo,"(12.334733783436365, 45.43889392216137)"
,,,,,Doria,"Giuseppe,",,,,s. M. del Rosario,fond. Foscarini p. . .,,,,madonna del rosario,Dorsoduro,"(None, None)"
,,,,,Dureghetti,"Marianno,",,,,s. Gio in Bragora,pescaria p. . .,,,,giovanni in bragora,Castello,"(None, None)"
,,,,,Dureghetti,"Marino,",,,,s. Pietro,pescaria alla Tana p. . .,,,,pietro,Castello,"(None, None)"
,,,,,Duse,"Paolo,",,,,s. Gio. in Bragora,pescaria p. . .,,,,giovanni in bragora,Castello,"(None, None)"
,,,,,Fabbiani,"Giuseppe,",,,,s. Pietro,pescaria alla Tana p. . .,,,,pietro,Castello,"(None, None)"
,,,,,Facchia,"Francesco,",,,,s. Pantaleone,in campo p. . .,,,,pantalon,Dorsoduro,"(None, None)"
,,,,,Ferro,"Nicold,",,,,s. Geremia,fond. Canareggio p. . .,,,,geremia,Cannaregio,"(None, None)"
,,,,,Filippi,"Giacomo,",,,,s. Eufemia,ponte piccolo p. . .,,,,eufemia,Dorsoduro,"(None, None)"
,,,,,Franco,"Francesco,",,,,s. Pantaleone,in campo p. . .,,,,pantalon,Dorsoduro,"(None, None)"
,,,,,Fumato,"Giuseppe,",,,,s. Pantaleone,p.,,,,pantalon,Dorsoduro,"(None, None)"
,,,,,Furlanetto,"Antonio,",,,,s. Gio. in Bragora,pescaria p. . .,,,,giovanni in bragora,Castello,"(None, None)"
,,,,,Furlanetto,Giosué,,,detto Battistini,s. Silvestro,pescaria p.,18.0,,,silvestro,San Polo,"(12.335411826142662, 45.43811251967512)"
,,,,,Gaggietto,"Giacomo,",,,,s. Silvestro,pescaria p.,79.0,,,silvestro,San Polo,"(12.335355602671575, 45.43848351676723)"
,,,,,Garizzo,"Giuseppe,",,,,s. Salvatore,pescaria alla Cerva p.,128.0,,,salvador,San Marco,"(12.338271067541251, 45.434481857663485)"
,,,,,Gennaro,"Felice,",,,,s. Pietro,pescaria alla Tana p. . .,,,,pietro,Castello,"(None, None)"
,,,,,Gorin,"Angelo,",,,d. Bello,s. Silvestro,pescaria p.,92.0,,,silvestro,San Polo,"(12.33467570464658, 45.43899582741593)"
,,,,,Gorin,"Angelo,",,,d. Bello,s. Silvestro,pescaria p.,93.0,,,silvestro,San Polo,"(12.334698029585718, 45.43898033743566)"
,,,,,Gorin,"Antonio,",,,,s. Silvestro,p.,5.0,,,silvestro,San Polo,"(12.335819669399212, 45.438170840168034)"
,,,,,Gorin,"Domenico,",,,,s. Silvestro,p.,4.0,,,silvestro,San Polo,"(12.335786197265957, 45.43819048976881)"
,,,,,Gorin,"Giovanni,",,,,s. Silvestro,P.,44.0,,,silvestro,San Polo,"(12.334706837049657, 45.4388582842072)"
,,,,,Gorin,"Giovanni,",,,,s. Silvestro,P.,45.0,,,silvestro,San Polo,"(12.334680274498345, 45.4388782731247)"
,,,,,Gorin,"Luigi,",,,,s. Silvestro,p.,80.0,,,silvestro,San Polo,"(12.33533735500652, 45.43849368280671)"
,,,,,Gorin,"Luigi,",,,,s. Silvestro,p.,81.0,,,silvestro,San Polo,"(12.335323237116025, 45.438501548088745)"
,,,,,Gorin,"Luigi,",,,,s. Silvestro,p.,82.0,,,silvestro,San Polo,"(12.33538363512173, 45.43865401836072)"
,,,,,Marchetto,"Antonio,",,,,s. Gio. in Bragora,pescaria p. . .,,,,giovanni in bragora,Castello,"(None, None)"
,,,,,Marchetti,"Claudio,",,,,s. Silvestro,pescaria p.,59.0,,,silvestro,San Polo,"(12.334838365985394, 45.438612155023996)"
,,,,,Manoni,"Antonio,",,,,s. Geremia,fond. Canareggio p. . .,,,,geremia,Cannaregio,"(None, None)"
,,,,,Manoni,"Domenico,",,,,s. Geremia,p...,,,,geremia,Cannaregio,"(None, None)"
,,,,,Marangoni,"Luigi,",,,,s. Pantaleone,in campo p. . .,,,,pantalon,Dorsoduro,"(None, None)"
,,,,,Marangoni,Marco,,,,s. Pantaleone,p,,,,pantalon,Dorsoduro,"(None, None)"
,,,,,PMemmo,Angelo,"fratello,",,,s. Silvestro,pescarial p.,50.0,,,silvestro,San Polo,"(12.334616659389363, 45.43885416852534)"
,,,,,Molin,"Giovanni,",,,,s. Salvatore,pescaria alla Cerva p.,134.0,,,salvador,San Marco,"(12.338472895016727, 45.434567946014965)"
,,,,,Monaro,"Angelo,",,,,s. Silvestro,pescaria p.,19.0,,,silvestro,San Polo,"(12.335382764106308, 45.43814956488361)"
,,,,,Moro,"Giuseppe,",,,,s. Pietro,pescaria alla Tana p. . .,,,,pietro,Castello,"(None, None)"
,,,,,Nacari,"Giorgio,",,,,s. Silvestro,pescaria p.,72.0,,,silvestro,San Polo,"(12.335345122159007, 45.438358546637154)"
,,,,,Nordio,"Michiele,",,,,s. Silvestro,p.,34.0,,,silvestro,San Polo,"(12.335039706379767, 45.43863089592587)"
,,,,,Oran,"Giovanni,",,,,s. Pantaleone,in campo p. . .,,,,pantalon,Dorsoduro,"(None, None)"
,,,,,Oran,"Giuseppe,",,,,s. M. del Rosario,camp. della Chiesa,3689.0,,,madonna del rosario,Dorsoduro,"(12.3240508249745, 45.43525125421675)"
,,,,,Padovan,Giacomo,,,"di Giuseppe,",s. Pietro,pescaria alla Tana p. . .,,,,pietro,Castello,"(None, None)"
,,,,,Padovan,"Giuseppe,",,,,s. Gio. in Bragora,pescaria p. . .,,,,giovanni in bragora,Castello,"(None, None)"
,,,,,Padovan,"Luigi,",,,,s. Eufemia,ponte piccolo p. . .,,,,eufemia,Dorsoduro,"(None, None)"
,,,,,Padovan,"Pietro,",,,,s. Gio. in Bragora,pescaria p.,12.0,,,giovanni in bragora,Castello,"(None, None)"
275,,,,,,,,,,,,,,,,,"(None, None)"
,,,,,Pagan,"Idebrando,",,,,s. Pietro,pescaria alla Tana p. . .,,,,pietro,Castello,"(None, None)"
,,,,,Penso,"Domenico,",,,detto Casson,s. Silvestro,pescaria p.,12.0,,,silvestro,San Polo,"(12.335697239920194, 45.438166154513496)"
,,,,,Penso,"Giorgio,",,,detto Olivo,s. Silvestro,p.,9.0,,,silvestro,San Polo,"(12.33580100849354, 45.43810517267907)"
,,,,,Penso,"Vincenzo,",,,,s. Pietro,pescaria alla Tana p. . .,,,,pietro,Castello,"(None, None)"
,,,,,Perini,"Antonio,",,,detto Tati,s. Pietro,p.,11.0,,,pietro,Castello,"(12.361366588269142, 45.43389046126702)"
,,,,,Perini,"Bartolammeo,",,,detto Tati,s. Silvestro,pescaria p.,13.0,,,silvestro,San Polo,"(12.335669721590511, 45.43818232625191)"
,,,,,Perini,Girolamo,,,detto Tati,s. Silvestro,p.,83.0,,,silvestro,San Polo,"(12.33488717692614, 45.43878793327892)"
,,,,,Perlasca,"Santo,",,,detto Davide,s. Silvestro,p.,22.0,,,silvestro,San Polo,"(12.335496836251744, 45.43831825599094)"
,,,,,Perlasca,"Santo,",,,,s. M. del Rosario,fond. del bacala p. . .,,,,madonna del rosario,Dorsoduro,"(None, None)"
,,,,,Pirocco,"Antonio,",,,,s. Pantaleone,in campo p. . .,,,,pantalon,Dorsoduro,"(None, None)"
,,,,,Pitteri,"Gio.; Battista,",,,,s. Salvatore,pescaria alla Cerva p.,129.0,,,salvador,San Marco,"(12.338309290134408, 45.43449816129125)"
,,,,,Pitteri,"Gio.; Battista,",,,,s. Salvatore,pescaria alla Cerva p.,130.0,,,salvador,San Marco,"(12.33834337942056, 45.43451270188064)"
,,,,,Pulese,"Angelo,",,,detto Scottaure,s. Salvatore,pescaria p.,110.0,,,salvador,San Marco,"(12.337711362811987, 45.43423658983682)"
,,,,,Pulese,"Angelo,",,,detto Scottaure,s. Salvatore,pescaria p.,111.0,,,salvador,San Marco,"(12.337745275519595, 45.434252061280894)"
,,,,,Ravag,"Domenico,",,,,s. Silvestro,pescaria p.,91.0,,,silvestro,San Polo,"(12.334639772374045, 45.43896138412265)"
,,,,,Ravag,"Angelo,",,,detto Sangoletto,s. Silvestro,p.,84.0,,,silvestro,San Polo,"(12.334869873663731, 45.43880161369955)"
,,,,,Ravag,"Giovanni; Angelo,",,,detto Sangoletto.,s. Silvestro,p.,60.0,,,silvestro,San Polo,"(12.334926321200973, 45.438643290962986)"
,,,,,Ravag,Giuseppe,,,detto Sangoletto,s. Silvestro,p.,8.0,,,silvestro,San Polo,"(12.335836538335952, 45.438084292802856)"
,,,,,Ravag,Giuseppe,,,detto Sangoletto,s. Silvestro,p.,14.0,,,silvestro,San Polo,"(12.335610482620924, 45.43819110263958)"
,,,,,Regazzi,"Gerardo,",,,,s. Silvestro,p.,10.0,,,silvestro,San Polo,"(12.335767024068119, 45.438125144357755)"
,,,,,Rizzo,"Giuseppe,",,,,s. Silvestro,p.,28.0,,,silvestro,San Polo,"(12.335255196206417, 45.438484688023465)"
,,,,,Rizzo,"Giuseppe,",,,,s. Silvestro,p.,29.0,,,silvestro,San Polo,"(12.3352276625881, 45.43850627433625)"
,,,,,Rizzo,"Giuseppe,",,,,s. Silvestro,p.,38.0,,,silvestro,San Polo,"(12.334919514073487, 45.438713631195654)"
,,,,,Sambo,"Antonio,",,,,s. Pietro,pescarfa alla Tana p. . .,,,,pietro,Castello,"(None, None)"
,,,,,Sambo,"Benedetto,",,,,s. Salvatore,pescaria alla Cerva p.,100.0,,,salvador,San Marco,"(None, None)"
,,,,,Sambo,"Antonio,",,,detto Papadopoli,s. Silvestro,pescaria p.,1.0,,,silvestro,San Polo,"(12.3357034022776, 45.43833924734374)"
,,,,,Sambo,"Antonio,",,,detto Papadopoli,s. Silvestro,pescaria p.,2.0,,,silvestro,San Polo,"(12.335728444098258, 45.43822439339484)"
,,,,,Sambo,"Domenico,",,,detto Spinetta,s. Silvestro,p.,21.0,,,silvestro,San Polo,"(12.335517747552892, 45.438304074728016)"
,,,,,Sambo,"Domenico,",,,detto Spinetta,s. Silvestro,p.,30.0,,,silvestro,San Polo,"(12.335156424102653, 45.438551409276926)"
,,,,,Sambo,"Giovanni,",,,detto Spinetta,s. Silvestro,,96.0,,,silvestro,San Polo,"(12.334780224409347, 45.43892330721541)"
,,,,,Sambo,"Giovanni,",,,detto Spinetta,s. Silvestro,,97.0,,,silvestro,San Polo,"(12.334809213193841, 45.43890319357939)"
,,,,,Sambo,"Giuseppe,",,,detto Torda,s. Salvatore,pesc. alla Cerva p.,126.0,,,salvador,San Marco,"(12.338209786579283, 45.43445571862082)"
,,,,,Sambo,"Luigi,",,,detto Torda,s. Salvatore,p.,127.0,,,salvador,San Marco,"(12.33824227727151, 45.43446957733914)"
,,,,,Sambo,"Pietro,",,,detto Torda,s. Salvatore,pesc. alla Cerva p.,116.0,,,salvador,San Marco,"(12.337790314387686, 45.434421736746884)"
,,,,,Saonaro,"Luigi,",,,,s. Eufemia,ponte piccolo p...,,,,eufemia,Dorsoduro,"(None, None)"
,,,,,Scarpa,"Domenico,",,,,s. Geremia,fond. Canareggio p. . .,,,,geremia,Cannaregio,"(None, None)"
,,,,,Scarpa,"Girolamo,",,,d. Sarsegna,s. Silvestro,pescaria p.,7.0,,,silvestro,San Polo,"(12.335887478425374, 45.438131033314896)"
,,,,,Scattiggio,"Gaetano,",,,,s. Silvestro,p.,90.0,,,silvestro,San Polo,"(12.334671328210117, 45.43893723698335)"
,,,,,Schiavon,"Domenico,",,,,s. Gio. in Bragora,pescaria p. . .,,,,giovanni in bragora,Castello,"(None, None)"
,,,,,Seibezzi,"Giuseppe,",,,,s. Silvestro,pescaria p.,36.0,,,silvestro,San Polo,"(12.334984751336378, 45.43867056119119)"
,,,,,Silvestri,"Elena,",,,,s. M. del Rosario,calle della Chiesa,682.0,,,madonna del rosario,Dorsoduro,"(12.330616966383852, 45.43049544937072)"
,,,,,Spavento,"Filippo,",,,,s. Silvestro,pescaria p.,89.0,,,silvestro,San Polo,"(12.3347003578995, 45.4389152357602)"
,,,,,Tagliapietra,"Silvestro,",,,detto Biancolin,s. Silvestro,p.,71.0,,,silvestro,San Polo,"(12.335316954962646, 45.43837766917626)"
,,,,,Tagliapietra,"Antonio,",,,detto Carbonin,s. Silvestro,p.,57.0,,,silvestro,San Polo,"(12.334863380771804, 45.43868615114335)"
,,,,,Tagliapietra,"Giuseppe,",,,,s. Geremia,fond. Canareggio p. . .,,,,geremia,Cannaregio,"(None, None)"
,,,,,Tagliapietra,"Luigi,",,,,s. Silvestro,pescaria p.,48.0,,,silvestro,San Polo,"(12.334559763636804, 45.438892913983594)"
,,,,,Tagliapietra,"Matteo,",,,,s. Geremia,fond. Canareggio p. . .,,,,geremia,Cannaregio,"(None, None)"
,,,,,Varisco,"Giuseppe,",,,,s. Pietro,pescaria alla Tana p. . .,,,,pietro,Castello,"(None, None)"
,,,,,Venerando,"Sante,",,,,s. Salvatore,pescaria alla Cerya p.,123.0,,,salvador,San Marco,"(12.338105628858193, 45.43441129074259)"
,,,,,Venerando,"Sante,",,,,s. Salvatore,pescaria alla Cerya p.,124.0,,,salvador,San Marco,"(12.338137429889265, 45.434424855289905)"
276,,,,,,,,,,,,,,,,,"(None, None)"
,,,,,Venezia,"Giacomo,",,,,s. Geremia,fond. Canareggio p. . .,,,,geremia,Cannaregio,"(None, None)"
,,,,,Venturini,"Francesco,",,,,s. Geremia,p...,,,,geremia,Cannaregio,"(None, None)"
,,,,,Veronese,"Federico,",,,,s. Pietro,pescaria alla Tana p...,,,,pietro,Castello,"(None, None)"
,,,,,Veronese,"Giuseppe,",,,,s. Pietro,p,,,,pietro,Castello,"(None, None)"
,,,,,Veronese,"Vincenzo,",,,,s. Pietro,p...,,,,pietro,Castello,"(None, None)"
,,,,,Vianello,"Agostino,",,,,s. Pietro,p...,,,,pietro,Castello,"(None, None)"
,,,,,Vianello,"Bortolammeo,",,,,s. Pietro,p...,,,,pietro,Castello,"(None, None)"
,,,,,Vianello; Bressan," Ant.,",,,,s. M. del Rosario,fond. Catecum. p...,,,,madonna del rosario,Dorsoduro,"(None, None)"
,,,,,Vianello,"Giovanni,",,,,s. M. del Rosario,p...,,,,madonna del rosario,Dorsoduro,"(None, None)"
,,,,,Vianello,"Rocco,",,,,s. M. del Rosario,p...,,,,madonna del rosario,Dorsoduro,"(None, None)"
,,,,,Vidal,"Angelo,",,,,s. Pietro,pescaria alla Tana p. . .,,,,pietro,Castello,"(None, None)"
,,,,"fratelli,",Vio,,fratelli,,detto Condizion,s. Silvestro,pescaria p.,54.0,,,silvestro,San Polo,"(12.33473118266489, 45.43877617928025)"
,,,,,Vio,"Eugenio,",,,detto Gomena,s. Silvestro,p.,20.0,,,silvestro,San Polo,"(12.335541388915495, 45.43828901223105)"
,,,,,Vio,"Natale,",,,detto Gomena,s. Silvestro,p.,40.0,,,silvestro,San Polo,"(12.334822022230963, 45.43877889710854)"
,,,,,Vio,"Pellegrino,",,,detto Gomena,s. Silvestro,p.,39.0,,,silvestro,San Polo,"(12.334853781027443, 45.43875938948392)"
,,,,,Voltolina,"Natale,",,,d. Campana,s. Silvestro,p.,16.0,,,silvestro,San Polo,"(12.335520058557893, 45.438200834091816)"
,,,,,Zecchini,"Sante,",,,detto Barambagolle,s. Silvestro,p.,58.0,,,silvestro,San Polo,"(12.33488108009448, 45.43867409853786)"
,,PETTINI,,(fabbric. e vendit. di),,,,,,,,,,,,,"(None, None)"
,,,,,Crovato,Elisa,,,,ss. Ermag. e Fort.,salizz. s. Fosca,2209.0,,,ermargora e fortunato,NO MATCH,"(None, None)"
,,,,,Ghezzi,"Lucia,",,,,s. Salvatore,merceria,4921.0,,,salvador,San Marco,"(12.337251966733522, 45.43635544453553)"
,,,,,Tremonti,"Ermagora,",,,,s. Marco,ponte dei berretteri,718.0,,,marco,San Marco,"(12.33770198677258, 45.43608867006476)"
,,PIANTE (,,Vedi Fiori freschi).,,,,,,,,,,,,,"(None, None)"
,,"PIPE, E SCATTOLE.(venditori di)",,,,,,,,,,,,,,,"(None, None)"
,,,,,Buggini,"Gaetano,",,,,s. Marco,procuratie nuove,64.0,,,marco,San Marco,"(12.33784497705975, 45.43355010272568)"
,,,,,Buscovich,"Tommaso,",,,,s.Zaccaria,riva degli Schiavoni,4198.0,,,zaccaria,Castello,"(12.34199923361709, 45.43388303097321)"
,,,,,Codemo,"Bartolomeo,",,,,s. Zaccaria,riva degli Schiavoni,4186.0,,,zaccaria,Castello,"(12.342914887618047, 45.43405332282076)"
277,,,,,,,,,,,,,,,,,"(None, None)"
,,,,,Comin,"Pietro,",,,,s. Silvestro,ruga degli orefici,42.0,,,silvestro,San Polo,"(12.33476673668399, 45.438816619622884)"
,,,,,Cora,"Girolamo,",,,,s. Felice,calle dell’ oca,4368.0,,,felice,Cannaregio,"(12.335962798738102, 45.440821784199095)"
,,,,,Dabala,"Teresa,",,,,s. M. del Carmine,calle della Chiesa,3683.0,,,maria dei carmini,Dorsoduro,"(12.32394904405991, 45.43520514501271)"
,,,,,De Filareti,"Eugenio,",,,,Angelo Raff.,fond. pescaria,1769.0,,,angelo raffaele,NO MATCH,"(None, None)"
,,,,,Filippini,"Antonio,",,,,s. Marco,merceria s. Giuliano,312.0,,,marco,San Marco,"(12.339174808817784, 45.43499621313729)"
,,,,,Fonda,"Francesco,",,,,s. Salvatore,ponte di Rialto,5333.0,,,salvador,San Marco,"(12.336129609236728, 45.43798958586127)"
,,,,,Fumagalli,"Andrea,",,,,s. M. Formosa,calle lunga,5187.0,,,maria formosa,Castello,"(None, None)"
,,,,,"Giacomuzzi.Catterina,",,,,,"s, Canciano",campo,5987.0,,,canciano,Cannaregio,"(12.3383927288835, 45.439916942766594)"
,,,,,Heller,"Samuele,",,,,s. Marco,merceria dell’ orologio,224.0,,,marco,San Marco,"(None, None)"
,,,,,Hirsch,"Filippo,",,,,s. Marco,merceria dell’ orologio,221.0,,,marco,San Marco,"(12.338480589691745, 45.43531350138358)"
,,,,,Jona,"Lodovico,",,,,s. Marco,mereeria dell’ oralogio,188.0,,,marco,San Marco,"(None, None)"
,,,,,Lorandini,"Giovanni,",,,,s. M. del Giglio,calle Lunga s. Moisé,2087.0,,,maria del giglio,San Marco,"(12.335300380592964, 45.433078906762056)"
,,,,,Milani,"Francesco,",,,,s. Marco,procuratie vecchie,130.0,,,marco,San Marco,"(12.33834337942056, 45.43451270188064)"
,,,,,Missero,"Angelo,",,,,s. Geremia,fond. di pescaria,1294.0,,,geremia,Cannaregio,"(12.325521449968917, 45.44387498799347)"
,,,,,Mondini,"Carlotta,",,,,"ss, Giov. Paolo",salizzada,6357.0,,,giovanni e paolo,Castello,"(12.342589009161562, 45.43876864816347)"
,,,,,Nardini,Antonio,,,,ss. Ermag. e Fort.,rioterra due ponti,1370.0,,,ermargora e fortunato,NO MATCH,"(None, None)"
,,,,,Nordio,"Vincenzo,",,,,s. Stefano,calle delle botteghe,3458.0,,,stefano,San Marco,"(12.330356894254932, 45.43388821978473)"
,,,,,Palleri,"Anna,",,,,s. Marco,frezzeria,1179.0,,,marco,San Marco,"(12.336352731401938, 45.43401698223421)"
,,,,,Pusinich,"Giulia,",,,,s. Pietro,campo Ruga,313.0,,,pietro,Castello,"(12.357221444414943, 45.43357522603897)"
,,,,,Rogante,"Giuseppe,",,,,s. Pietro,via nuova,1815.0,,,pietro,Castello,"(12.354947111340845, 45.43254358753545)"
,,,,,Spongia,"Francesco,",,,,s. M. Glor. dei Frari,salizz. s. Polo,2088.0,,,maria gloriosa dei frari,San Polo,"(12.329662128643617, 45.43700353743846)"
,,,,,Stanzani,"Catterina,",,,,s. M. del Giglio,ponte dell’ ostriche,2456.0,,,maria del giglio,San Marco,"(12.3332643826739, 45.43246203681745)"
,,,,,Tironi,"Giuseppe,",,,,s. Luca,salizz.,4151.0,,,luca,San Marco,"(None, None)"
,,,,,Trevisan,"Maria,",,,,s. Geremia,fond. dei Scalzi,60.0,,,geremia,Cannaregio,"(12.322516901355417, 45.4415050440194)"
,,,,,Vaeni,"Teresa,",,,,s. Gio. in Bragora,riva degli Schiavoni,4137.0,,,giovanni in bragora,Castello,"(None, None)"
,,,,,Vincenti,"Luigi,",,,,s. M. del Carmine,fond. del Soccorso,2536.0,,,maria dei carmini,Dorsoduro,"(12.320228402518653, 45.43348625383003)"
,,,,,Zennaro,"Andrea,",,,,s. Canciano,salizz. s. Gio. Grisostomo,5736.0,,,canciano,Cannaregio,"(12.337065211480722, 45.439153258605955)"
,,PIUME.,,Vedi Fiori artifiziali ).,,,,,,,,,,,,,"(None, None)"
,,PIZZICAGNOLI.,,,,,,,,,,,,,,,"(None, None)"
,,,,,Balestra,"Giulio,",,,,s. Salvatore,calle della hissa,5411.0,,,salvador,San Marco,"(12.337241294375682, 45.43783716069296)"
,,,,,Ballielo,"Luigi,",,,,s. Marco,frezzeria,1132.0,,,marco,San Marco,"(12.336123457117848, 45.4344587320344)"
,,,,,Centenin,"Gio.Maria,",,,,"s. M, Formosa",salizzada,5411.0,,,maria formosa,Castello,"(12.339695099115932, 45.43693996991306)"
,,,,,Centenin,"Gio.Maria,",,,,ss. Ermagora e Fortunato,calle dell’ Anconetta,1820.0,,,ermargora e fortunato,NO MATCH,"(None, None)"
278,,,,,,,,,,,,,,,,,"(None, None)"
,,,,,Colussi,"Gio,; Battista,",,,,s. M. Formosa,calle lunga,5175.0,,,maria formosa,Castello,"(12.342397513445285, 45.43788477231449)"
,,,,,Dall’ Agnola; De Pian,"Biaggio; Giovanni,",,,,s. Silvestro,rughetta del ravano,1014.0,,,silvestro,San Polo,"(12.333457253993615, 45.43812977522868)"
,,,,,Dall’ Asta,"Antonio,",,,,s. Geremia,fond. Canareggio,1297.0,,,geremia,Cannaregio,"(12.325604691795178, 45.44382376973976)"
,,,,,Dall’ Asta,"Ciani; Elisabetta,",,,,s. Luca,calle dei fabbri,4666.0,,,luca,San Marco,"(12.33573771233622, 45.43613518257134)"
,,,,,Dall’ Asta,"Ciani; Elisabetta,",,,,s.Marziale,fondamenta Ormesini,2710.0,,,marziale,Cannaregio,"(12.328893843276072, 45.44545157289379)"
,,,,,Dal Curto,"Allegri; Lucia,",,,,s. Silvestro,camp. dei Meloni,1472.0,,,silvestro,San Polo,"(12.33114743116561, 45.43731981446551)"
,,,,,Dalle Nezze; Chiaruzzi," Maria,",,,,s. Marco,frezzeria,1160.0,,,marco,San Marco,"(12.336266576687704, 45.43414708485288)"
,,,,,Dal Tos,"Antonio,",,,,s. Francesco,salizz. del morion,3157.0,,,francesco,Castello,"(12.347216865860506, 45.43729787986483)"
,,,,,De Toni,"Maria,",,,,s. M. del Giglio,caile lunga s. Moisé,2187.0,,,maria del giglio,San Marco,"(12.334889282942376, 45.43293229407064)"
,,,,,Dorigo,"Stefano,",,,,s. Nicola da Tolentino,,3516.0,,,nicola da tolentino,Santa Croce,"(None, None)"
,,,,,Ghin,"Andrea,",,,,s. Luca,calle della mandola a s. Benedetto,3706.0,,,luca,San Marco,"(12.332977707545659, 45.43484957028281)"
,,,,,Ghin,"Andrea,",,,,s. Luca,calle dei fuseri,4280.0,,,luca,San Marco,"(12.335286721702847, 45.43532888526798)"
,,,,,Ghin,"Andrea,",,,,s. Gio Grisostomo,ponte dell’ olio,5789.0,,,giovanni grisostomo,Cannaregio,"(12.33704258835979, 45.43860408043496)"
,,,,,Ghin,"Andrea,",,,,s. M. Mater Domini,campo,2121.0,,,maria mater domini,Santa Croce,"(12.330295371891248, 45.43981610216087)"
,,,,,Ghin; Carli," Elena,",,,,s. M. del Rosario,calle del Bastion,195.0,,,madonna del rosario,Dorsoduro,"(12.332674915882606, 45.430731076272394)"
,,,,,Giacomuzzi,"Girolamo,",,,,s. Salvatore,in campo s. Bartolomeo,5175.0,,,salvador,San Marco,"(12.336652428253291, 45.437508196449585)"
,,,,,Marchi,"Pietro,",,,,s. Pietro,via nuova,1252.0,,,pietro,Castello,"(12.355258042955727, 45.43241619779755)"
,,,,,Modenato,"Antonio,",,,,s. Eufemia,fond. ponte piccolo,423.0,,,eufemia,Dorsoduro,"(12.330235126130308, 45.42863925053375)"
,,,,,Rossi,Giuseppe,,,"fu Pietro,",s. M. Formosa,salizz. s. Lio,5374.0,,,maria formosa,Castello,"(12.339570828880696, 45.43649226795615)"
,,,,,Sottroi,"Pietro,",,,,s. M. Glor. dei Frari,calle dei saoneri,2727.0,,,maria gloriosa dei frari,San Polo,"(12.32877175468554, 45.4367942962985)"
,,,,,Toga,"Giovanni,",,,,s. Canciano,salizzada,5986.0,,,canciano,Cannaregio,"(12.338335628006027, 45.43989484076842)"
,,,,,Vettori,"Gaetano,",,,,s. Pietro,via nuova,1383.0,,,pietro,Castello,"(12.353817633389832, 45.43201957764987)"
,,,,,Vettori,"Giacomo,",,,,s. Pietro,via nuova,1785.0,,,pietro,Castello,"(12.353203103717798, 45.43236883473105)"
,,,,,Vollo,"Antonio,",,,,s. Gio. in Bragora,salizz. s. Antonin,3456.0,,,giovanni in bragora,Castello,"(12.345581872375572, 45.43558748180825)"
,,POLLAJUOLI,,,,,,,,,,,,,,,"(None, None)"
,,,,,Bellini,"Pietro,",,,,s. Salvatore,calle della bissa,5419.0,,,salvador,San Marco,"(12.33714582082509, 45.43764235518691)"
,,,,,Benvenisti,"Lazzaro,",,,,s. Geremia,ghetto vecchio,1248.0,,,geremia,Cannaregio,"(12.325220458570234, 45.444228232823356)"
,,,,,Bon,"Natale,",,,,s. Silvestro,ruga dei spezieri,276.0,,,silvestro,San Polo,"(12.334163796434812, 45.439335094362995)"
,,,,,Bonfiol,"Francesco,",,,,s. Silvestro,calle della Madonna,603.0,,,silvestro,San Polo,"(12.334050441584283, 45.438499845572885)"
,,,,,Bonivento,"Giuseppe,",,,,s. Silvestro,calle della scimia,236.0,,,silvestro,San Polo,"(12.334406087851868, 45.43914918158166)"
,,,,,Buranello,"Francesco,",,,,s. Canciano,salizzada,5585.0,,,canciano,Cannaregio,"(12.337220068526712, 45.439692454645154)"
,,,,,Camolli,"Luigia,",,,,s. Silvestro,ruga degli orefici,83.0,,,silvestro,San Polo,"(12.33488717692614, 45.43878793327892)"
,,,,,Carbonari,"Vincenzo,",,,,s. Silvestro,ruga dei spezieri,377.0,,,silvestro,San Polo,"(12.334064913462603, 45.43921214068298)"
,,,,,Garraro,"Pasqua,",,,ved. Epis,s. Salvatore,fund. Tedeschi,5536.0,,,salvador,San Marco,"(12.336925327926526, 45.43801918192438)"
,,,,,Dozza,"Pietro; Luigi,",,,,s. Silvestro,ruga del Ravano,1051.0,,,silvestro,San Polo,"(12.333070601564467, 45.438036586637324)"
,,,,,Epis,"Angelo,",,,,s. Marco,frezzeria,1134.0,,,marco,San Marco,"(12.336101760931689, 45.43434994353864)"
279,,,,,,,,,,,,,,,,,"(None, None)"
,,,,,Epis,"Giovanni,",,,,s. Luca,salizz. s. Benedetto,4005.0,,,luca,San Marco,"(12.333197674906085, 45.434979722073685)"
,,,,,Fadiga,"Andrianna,",,,,s. Zaccaria,campo ss. Filippo e Giac.,4296.0,,,zaccaria,Castello,"(None, None)"
,,,,,Gennaro,"Rana; Carolina,",,,,s. Felice,calle Cà doro,3920.0,,,felice,Cannaregio,"(None, None)"
,,,,,Gennaro,"Giacomo,",,,,ss. Gerv. e Protas.,ramo III toletta ,1181.0,,,gervasio e protasio,Cannaregio,"(12.325896149079046, 45.44503731239652)"
,,,,,Gerotto,"Antonio,",,,,s. Luca,calle del pistor,4578.0,,,luca,San Marco,"(12.33555261920098, 45.43610972631177)"
,,,,,Giardini,"Gio.; Maria,",,,,s. Luca,calle dei fabbri,4662.0,,,luca,San Marco,"(12.335568167061584, 45.436306432400414)"
,,,,,Gugia,"Giuseppe,",,,,s. Silvestro,calle della donzella,316.0,,,silvestro,San Polo,"(12.33380528509892, 45.43937744556993)"
,,,,,Maggio,"Luigi,",,,,s. Gio. in Brag.,salizzada s. Antonin,3469.0,,,giovanni in bragora,Castello,"(12.345875540780337, 45.43559358362701)"
,,,,,Marder,"Alessandro,",,,,"s, Felice",calle,3808.0,,,felice,Cannaregio,"(12.334016020173804, 45.44163478099642)"
,,,,"vend. di uccelli vivi,",Musitelli,"Antonio,",,,,s. Zaccaria,fond dell’ Osmarin,4977.0,,,zaccaria,Castello,"(12.344067381962537, 45.435675062202186)"
,,,,,Nacamulli,"Giacobbe,",,,,s. Geremia,ghetto vecchio,2882.0,,,geremia,Cannaregio,"(12.32638628080763, 45.44542122901545)"
,,,,,Nacamulli,"Giacomo,",,,,s. Geremia,ghetto vecchio,1220.0,,,geremia,Cannaregio,"(12.326030850327529, 45.44506365546648)"
,,,,,Ongaro,"Angelo,",,,,s. Silvestro,campo delle beccarie,358.0,,,silvestro,San Polo,"(12.333599821235332, 45.43950137194608)"
,,,,,Pasquazza,"Gio.; Antonio,",,,,s. Marco,frezzeria,1585.0,,,marco,San Marco,"(12.336373009746866, 45.43391495798882)"
,,,,,Pavanello,"Giovanni,",,,,s. Francesco,salizz. delle gatte,3200.0,,,francesco,Castello,"(12.347599390073848, 45.43647542980837)"
,,,,,Penso,"Pasqua,",,,,"s. Gio, in Bragora",calle del Dose,3820.0,,,giovanni in bragora,Castello,"(12.347289745459344, 45.434663114527474)"
,,,,,Pizzato,"Antonio,",,,,s. M. Formosa,salizz. s. Lio,5547.0,,,maria formosa,Castello,"(12.338695324722357, 45.43738950977392)"
,,,,,Salviati,"Gie.; Maria,",,,,s. Silvestro,ruga degli orefici,91.0,,,silvestro,San Polo,"(12.334639772374045, 45.43896138412265)"
,,,,,Sartori,"Bernardo,",,,,s. M. Formosa,calle lunga,6133.0,,,maria formosa,Castello,"(12.341321180074509, 45.43752244738063)"
,,,,,Sartori,"Giovanni,",,,,s. Canciano,calle Dolfin,5623.0,,,canciano,Cannaregio,"(12.336403493546475, 45.4400455960926)"
,,,,,Scordilli,"Eugenio,",,,,s. Maria del Giglio,calle lunga s. Moisé,2100.0,,,maria del giglio,San Marco,"(12.335165925800961, 45.43297623725897)"
,,,,,Scordilli,"Felicita,",,,,s. Marco,calle larga,364.0,,,marco,San Marco,"(12.339271627887955, 45.435139845554446)"
,,,,,Silva,"Aronne,",,,,s. Geremia,ghetto vecchio,1224.0,,,geremia,Cannaregio,"(12.325926168580018, 45.444979595318394)"
,,,,,Tosato,"Antonio,",,,,s. M. del Carmine,calle delle botteghe s. Barnaba,3177.0,,,maria dei carmini,Dorsoduro,"(12.325300509168233, 45.43351186474687)"
,,,,,Tosini,"Francesco,",,,,"s, Pantaleone",calle del spezier,3750.0,,,pantalon,Dorsoduro,"(12.325179731505354, 45.4358496443722)"
,,,,,Trevisan,"Antonio,",,,,s. Silvestro,campo delle beccarie,356.0,,,silvestro,San Polo,"(None, None)"
,,,,,Vianello,"Natalina,",,,,s. Gio. in Bragora,calle Crosera,3910.0,,,giovanni in bragora,Castello,"(None, None)"
,,,,,Zacutti,"David,",,,,s. Geremia,ghetto vecchio,1152.0,,,geremia,Cannaregio,"(12.32562140455015, 45.444801285399734)"
,,PORCELLANE (,,Vedi Terraglie ).,,,,,,,,,,,,,"(None, None)"
,,PRESTINAI E VENDITORI DI PANE.,,,,,,,,,,,,,,,"(None, None)"
,,,,,Adami,"Felice; Luigi,",,,,s. Gio. in Bragora,campo,3741.0,,,giovanni in bragora,Castello,"(12.34647675615247, 45.43420282546853)"
,,,,,Alessandrini,"Alessandro,",,,,s. Catterina,calle lunga,5083.0,,,caterina,Cannaregio,"(12.340316685651374, 45.44264613386398)"
280,,,,,,,,,,,,,,,,,"(None, None)"
,,,,,Alexandre,"Pietro,",,,,s. Marco,campo s. Moisé,1467.0,,,marco,San Marco,"(None, None)"
,,,,,Alexandre,"Pietro,",,,,s. Marco,frezz.,1187.0,,,marco,San Marco,"(None, None)"
,,,,,Ancona,"Moisé,",,,,s. Felice,campo,3651.0,,,felice,Cannaregio,"(None, None)"
,,,,,Angelini,"Antonio,",,,,s. Marziale,fond. Ormesini,2711.0,,,marziale,Cannaregio,"(12.328853393974457, 45.44546312239803)"
,,,,,Apollonio,"Matteo,",,,,s. Felice,calle del forno,3865.0,,,felice,Cannaregio,"(12.334585008665327, 45.44188056611023)"
,,,,,Ardenghi,"Giacomo,",,,,s. Pietro,rio terra del forner,973.0,,,pietro,Castello,"(12.355695756745936, 45.43071729534898)"
,,,,,Arnoldo,"Liberale,",,,,s. Maria del Carmine,calle del traghetto s. Barnaba,2772.0,,,maria dei carmini,Dorsoduro,"(12.325267469127706, 45.432950302862466)"
,,,,,Baccalin,,fratelli,,"rapp. da Giacomo e Giovanni Baccalin,",s. Marco,frezzeria,1644.0,,,marco,San Marco,"(12.336239030648175, 45.43413854292367)"
,,,,,Baccalin,,fratelli,,"rapp. da Giacomo e Giovanni Baccalin,",ss. Apostoli,in campo,4546.0,,,apostoli,Cannaregio,"(12.33630791174015, 45.44071796790338)"
,,,,,Bacinello,"Giovanni,",,,,s. Marco,merceria dell’ Orologio,148.0,,,marco,San Marco,"(12.338848050663739, 45.43481227046503)"
,,,,,Ballarin,"Anna,",,,,s. M. del Rosario,fianco ‘ai Catecumeni,91.0,,,madonna del rosario,Dorsoduro,"(12.333906338699052, 45.42937728924743)"
,,,,,Barasciutti,"Maria,",,,,ss. Gio. e Paolo,calle della testa,6197.0,,,giovanni e paolo,Castello,"(12.341454154694596, 45.4381164294221)"
,,,,,Beccari,"Francesca,",,,,s. M. del Giglio,ponte delle ostriche,2437.0,,,maria del giglio,San Marco,"(12.333147920131045, 45.432482941339096)"
,,,,,Begiora,"Pietro,",,,,s. Nicola da Tolentino,fond.,169.0,,,nicola da tolentino,Santa Croce,"(12.321214796044014, 45.43720379085932)"
,,,,,Bellotto; Busetto," Angela,",,,,s. Pantaleone,fond. Malcanton,3553.0,,,pantalon,Dorsoduro,"(12.322256076690723, 45.43631008807316)"
,,,,,Bernardini,"Catterina,",,,,"s, Zaccaria","ponte s, Provolo",4520.0,,,zaccaria,Castello,"(12.34153564281177, 45.43501475921488)"
,,,,,Bertolin,"Fortunato,",,,,s. Gio. in Bragora,calle del forno,3782.0,,,giovanni in bragora,Castello,"(12.347415528763642, 45.434517766008064)"
,,,,,Bertotto,"Teresa,",,,,s. Nicola da Tolent.,campo dei Tedeschi,1006.0,,,nicola da tolentino,Santa Croce,"(12.325738297256546, 45.43972413579122)"
,,,,,Bogoni,"Angela,",,,,s. Luca,ealle della mandola,3727.0,,,luca,San Marco,"(12.332956680555052, 45.43486452790002)"
,,,,,Bolli,"Antonio,",,,,s. Silvestro,calle della Madonna,601.0,,,silvestro,San Polo,"(12.334110878771307, 45.43854970172005)"
,,,,,Bon; Rossi," Teresa,",,,,s. Gio. in Bragora,calle Sacrestia,4462.0,,,giovanni in bragora,Castello,"(12.342237369116274, 45.43573807338549)"
,,,,,Bonato,"Basilio,",,,,s. Luca,calle dei fuseri,4414.0,,,luca,San Marco,"(12.335814547877604, 45.43500944726468)"
,,,,,Bonato,"Domenico,",,,,ss.Gio. e Paolo,salizz.,6335.0,,,giovanni e paolo,Castello,"(12.342089757944061, 45.43887185681754)"
,,,,,Bonafin,"Gerolamo,",,,,s. Pietro,ruga stretta,128.0,,,pietro,Castello,"(12.35714789912494, 45.43399603044653)"
,,,,,Bonafin,"Marina,",,,,s. Pietro,campo ruga,333.0,,,pietro,Castello,"(12.357260454285615, 45.43392124034491)"
,,,,,Bonfin,"Gaetano,",,,,s. Geremia,rio terra,183.0,,,geremia,Cannaregio,"(12.323914034951681, 45.44242380562819)"
,,,,,Bonfin,"Gaetano,",,,,s. Geremia,rio terra,184.0,,,geremia,Cannaregio,"(12.323941141166136, 45.44243531594918)"
,,,,,Bonifacio,"Antonio,",,,,s. Luca,calle del teatro,4613.0,,,luca,San Marco,"(None, None)"
,,,,,Bonomo,"Pietro,",,,,all’Angelo Raff.,ford. Ceserin,2434.0,,,angelo raffaele,NO MATCH,"(None, None)"
,,,,,Bosara,"Maria; Angela,",,,,s. Salvat.,calle stagneri,5245.0,,,salvador,San Marco,"(12.337139637839197, 45.43723832811943)"
,,,,,Braghera,"Antonio,",,,,s. Martino,calle dell’Angelo,2610.0,,,martino,Castello,"(12.348706184552555, 45.43616042218262)"
,,,,,Brasi,"Elena,",,,,s. M. del Carmine,ramo cappeller,3225.0,,,maria dei carmini,Dorsoduro,"(12.325642977540399, 45.43415803012994)"
,,,,,Bressan,"Antonio,",,,,s. M. del Giglio,fond. malvasia,2619.0,,,maria del giglio,San Marco,"(12.33207447307346, 45.4327820255618)"
,,,,,Brigiacco,"Cristoforo,",,,,s. Zaccaria,calle delle rasse,4556.0,,,zaccaria,Castello,"(12.341813314746405, 45.43405014617655)"
,,,,,Brocea; Facchina," Domenico,",,,,s. M del Rosario,pisc. del forner,861.0,,,madonna del rosario,Dorsoduro,"(12.329549720649574, 45.430649751276526)"
,,,,,Brugiroto,"Luigi,",,,,s. Catterina,calle lunga,4978.0,,,caterina,Cannaregio,"(12.33638989741605, 45.443960384518654)"
,,,,,Buranello,"Maria,",,,,ss. Ermag. e Fort.,rio terra Maddalena,2362.0,,,ermargora e fortunato,NO MATCH,"(None, None)"
,,,,,Calchera; Vescovi," Lucia,",,,,s. Marco,calle fuseri,1802.0,,,marco,San Marco,"(12.335498183121604, 45.434482727925335)"
,,,,,Camin,"Giuseppe,",,,,s. M. Formosa,calle malvasia,5989.0,,,maria formosa,Castello,"(12.338438231656415, 45.438107349366405)"
,,,,,Canciani,"Bartolammeo,",,,,s. Marziale,fond. Ormesini,2926.0,,,marziale,Cannaregio,"(12.326238861201709, 45.446132653060715)"
,,,,,Canciani,"Maria,",,,,s. Felice,calle ca d’ oro,3946.0,,,felice,Cannaregio,"(12.334399326885766, 45.44121614650606)"
281,,,,,,,,,,,,,,,,,"(None, None)"
,,,,,Canella,"Domenico,",,,,s. Marco,ponte dei Dai,165.0,,,marco,San Marco,"(12.338003597904988, 45.434494005064785)"
,,,,,Capitanio.,"Lucia,",,,,"ss, Gerv. e Prot.",calle dell’avogheria,1626.0,,,gervasio e protasio,Cannaregio,"(12.327372316235067, 45.44312152734143)"
,,,,,Casellato,"Angelo,",,,,s. Marco,s. Moisé frezzeria,1697.0,,,marco,San Marco,"(12.335953015219879, 45.43448114917004)"
,,,,,Castagna,"Sante,",,,,ss. Gio. e Paolo,salizzada,6811.0,,,giovanni e paolo,Castello,"(12.341300426088125, 45.43905443279085)"
,,,,,Catullo,"Diodato,",,,,ss. Ermag.e Fort.,rio terra s. Leonardo,1356.0,,,ermargora e fortunato,NO MATCH,"(None, None)"
,,,,,Catulto; Scattola," Margherita,",,,,s. Geremia,lista di Spagna,242.0,,,geremia,Cannaregio,"(12.324437277319172, 45.442708468799054)"
,,,,,Cazzagon,"Maria,",,,,s. Francesco,caile fontico,2908.0,,,francesco,Castello,"(12.346447582847215, 45.437457555193646)"
,,,,,Celli,"Teresa,",,,,s. Zaccaria,ponte della Corona,4451.0,,,zaccaria,Castello,"(12.342054274399313, 45.435540819238604)"
,,,,,Chio,"Anna,",,,,s. Francesco,salizzada,3182.0,,,francesco,Castello,"(12.347321391175745, 45.436908909409205)"
,,,,,Cimegotto,"Angelo,",,,,s. Maria del Giglio,campo Barozzi,2164.0,,,maria del giglio,San Marco,"(12.335149255059576, 45.43246538830184)"
,,,,,Cimitan,"Francesco,",,,,s. Felice,calle Noal,2301.0,,,felice,Cannaregio,"(None, None)"
,,,,,Coelli,"Bonaventura,",,,,s. Pantaleone,calle del spezier,3764.0,,,pantalon,Dorsoduro,"(12.325203408217797, 45.43595262146166)"
,,,,,Colussi,"Andrea,",,,,s. Silvestro,camp. del forner,1743.0,,,silvestro,San Polo,"(12.332224212609049, 45.43927597716324)"
,,,,,Collotti,"Francesco,",,,,all’Angelo Raff.,fond. Barbarigo,2372.0,,,angelo raffaele,NO MATCH,"(None, None)"
,,,,,CoUotti,"Giovanni,",,,,Angelo Raff.,fond. Terese,2205.0,,,angelo raffaele,NO MATCH,"(None, None)"
,,,,,Colussi,"Angela,",,,,ss. Apostoli,calle del spezier,4793.0,,,apostoli,Cannaregio,"(12.337781783160858, 45.44189630489066)"
,,,,,Colussi,"Giacomo,",,,,ss. Ermag.e Fort.,rio terra s. Leonardo,1697.0,,,ermargora e fortunato,NO MATCH,"(None, None)"
,,,,,Contarini,"Giovaani,",,,,s. Silvestro,ruga del ravano,1065.0,,,silvestro,San Polo,"(12.332641239896427, 45.437820988333065)"
,,,,,Conti,"Pietro,",,,,s. M. del Rosario,fond. Prinli,1007.0,,,madonna del rosario,Dorsoduro,"(12.32668002423545, 45.43113619935067)"
,,,,,Corte,"Lorenzo,",,,,s. Gio. in. Bragora,calle del Dose,3800.0,,,giovanni in bragora,Castello,"(12.346358749867916, 45.434314622459326)"
,,,,,Cortesi; Rossi," Angela,",,,,s. M. del Rosario,fond. Venier,738.0,,,madonna del rosario,Dorsoduro,"(12.329405917385417, 45.43022517948973)"
,,,,,Coseia,"Antonio,",,,,ss. Salvatore,merceria s. Bartol.,5064.0,,,salvador,San Marco,"(None, None)"
,,,,,Cosma,"Elisabetta,",,,,s. Pietro,,223.0,,,pietro,Castello,"(12.35753644043752, 45.43277402995894)"
,,,,,Costantini,"Elisabetta,",,,,s. Apostoli,calle dell’oca,4268.0,,,apostoli,Cannaregio,"(12.3352665131026, 45.44089321280978)"
,,,,,Costantini,"Regina,",,,,s. Nicola da Tolent.,calle traghotto,674.0,,,nicola da tolentino,Santa Croce,"(12.322498417229523, 45.43978704577218)"
,,,,,Cottin,"Anna,",,,,s. M. del Carmine,calle lunga,2706.0,,,maria dei carmini,Dorsoduro,"(12.323772686772259, 45.43244883434318)"
,,,,,Cuzzel,"Dedin; Cipriano,",,,,s. M. del Carmine,a s. Margherita,3338.0,,,maria dei carmini,Dorsoduro,"(12.32480299199907, 45.434192353361254)"
,,,,,Dall’Asta,"Lorenzo,",,,,s. Silvestro,calle Vendramin,1460.0,,,silvestro,San Polo,"(12.330947947373517, 45.43720423054663)"
,,,,,Dal Mistro,"Pietro,",,,,s. Marco,calle specehieri,632.0,,,marco,San Marco,"(12.33911088492156, 45.43561345370267)"
,,,,,Dal Mistro,"Pietro,",,,,s. Silvestro,raga spezieri,233.0,,,silvestro,San Polo,"(12.334442735556198, 45.439081928047514)"
,,,,,Dal Monte,"Gtaconto,",,,,s. Canciano,salizz. s. Gio. Grisos.,5733.0,,,canciano,Cannaregio,"(12.337055995838767, 45.43921221130451)"
,,,,,Dal Monte.,"Mare,",,,,ss. Apostoli,calle dell’oca,4322.0,,,apostoli,Cannaregio,"(12.335680907023951, 45.44074959054511)"
,,,,,Dal Negro,"Gioachine,",,,,s. Martino,campo due pozzi,2610.0,,,martino,Castello,"(12.348706184552555, 45.43616042218262)"
,,,,,De Anna,"Ambrogio,",,,,s. Felice,,3717.0,,,felice,Cannaregio,"(None, None)"
,,,,,Del Carlo,"Camilla,",,,,s. M. Gloriosa dei Frari,rio terra,2331.0,,,maria gloriosa dei frari,San Polo,"(12.328426291355138, 45.43833149398236)"
,,,,,Denola,"Francesco,",,,,s. M. Glor. dei Frari,calle saoneri,2745.0,,,maria gloriosa dei frari,San Polo,"(12.328739760284837, 45.436762109332214)"
,,,,,De Bernardini,"Giovenni,",,,,"s, Canciano",calle del forno s. Giov. Grisostomo,5977.0,,,canciano,Cannaregio,"(None, None)"
,,,,,De Stefani,"Cristina,",,,,s. Gio. in Bragora,salizz. s. Antonino,3504.0,,,giovanni in bragora,Castello,"(12.346793540801013, 45.43538635499579)"
,,,,,De Ventura,"Giacomo,",,,,s. Gio. e Paolo,calle della testa,6395.0,,,giovanni e paolo,Castello,"(12.343272872922347, 45.43789659085639)"
282,,,,,,,,,,,,,,,,,"(None, None)"
,,,,,Doni,"Teresa,",,,,ss. Apostoli,calle del spezier,4785.0,,,apostoli,Cannaregio,"(12.337711083925043, 45.441733678131534)"
,,,,,Donadon,"Giovanni,",,,,s. M. Glor. dei Frari,a s. Toma,2796.0,,,maria gloriosa dei frari,San Polo,"(None, None)"
,,,,,Donaggio,"Rizzi; Rosa,",,,,s. Pietro,corte Salomona,292.0,,,pietro,Castello,"(12.357393560693453, 45.43338642425465)"
,,,,,Donati,"Domenico,",,,,s. Pietro,calle riello,221.0,,,pietro,Castello,"(12.357522460355645, 45.43280977352731)"
,,,,,Donati,"Giovanni,",,,,s. Pantaleone,calle crosera,3829.0,,,pantalon,Dorsoduro,"(12.325794562804804, 45.43571871656851)"
,,,,,Ercola,"Giovanni,",,,,s. M. Gloriosa dei Frari,campo s. Polo,2096.0,,,maria gloriosa dei frari,San Polo,"(12.329298027529058, 45.436958577155906)"
,,,,,Eya,"Andrea,",,,,"s, Stefano",calle del forno s. Maurizio,2677.0,,,stefano,San Marco,"(12.331520804847925, 45.43243823940779)"
,,,,,Fabretti,"Giuseppe,",,,,s. Marco,frezzeria,1586.0,,,marco,San Marco,"(12.336354335655127, 45.4339520938904)"
,,,,,Falchetta,"Sebastiano,",,,,s. Silvestro,ruga Rialto,76.0,,,silvestro,San Polo,"(12.33549234598682, 45.43825279995778)"
,,,,,Fano,"Lazzaro,",,,,s. M. del Carmine,campo s. Margherita,2933.0,,,maria dei carmini,Dorsoduro,"(12.323310793357331, 45.43418903121368)"
,,,,,Fasan,"Anna,",,,,s. M. Formosa,"salizz. s, Leone",5672.0,,,maria formosa,Castello,"(12.338810905934226, 45.43742154245322)"
,,,,,Favretta,"Chiara,",,,,s. M. del Rosario,fond. Venier,733.0,,,madonna del rosario,Dorsoduro,"(12.32962374163595, 45.4305894358643)"
,,,,,Festari,"Maria,",,,,s. M. del Rosario,piscina s. Agnese,830.0,,,madonna del rosario,Dorsoduro,"(12.328685031416596, 45.42983118393816)"
,,,,,Filippi,"Giovanni,",,,,s. Eufemia,camp. del forno,477.0,,,eufemia,Dorsoduro,"(12.331424167267395, 45.42964341378557)"
,,,,,Filippini; Arsiero,"Giovanni; Angela,",,,,s. Martino,calle forno,2625.0,,,martino,Castello,"(12.348227556949395, 45.435883479614475)"
,,,,,Filli; Narduzzi," Teresa,",,,,s. Eufemia,fond. s. Biagio,802.0,,,eufemia,Dorsoduro,"(12.327628482853406, 45.42944895697319)"
,,,,,Fini,"Giacomo,",,,,s. Marco,corte Locatella,592.0,,,marco,San Marco,"(12.338608102669962, 45.43601013588833)"
,,,,,Fioravanti,"Francesco,",,,,s. M. Glor. dei Frari,campo s. Polo,2181.0,,,maria gloriosa dei frari,San Polo,"(12.32981998148244, 45.438252597361405)"
,,,,,Fiori,"Anna,",,,,s. Gio. in Bragora,pescaria,3961.0,,,giovanni in bragora,Castello,"(None, None)"
,,,,,Franco,"Lazzaro,",,,,ss. Erm. e Fort.,rioterra s. Leonardo,1617.0,,,ermargora e fortunato,NO MATCH,"(None, None)"
,,,,,Gambara,"Eleonora,",,,,s. Stefano,calle botteghe,3456.0,,,stefano,San Marco,"(12.330299797205083, 45.433915060918544)"
,,,,,Gasparinetti,"Basilio,",,,,s. Nicola da Tolentino,fond. s. Chiara,511.0,,,nicola da tolentino,Santa Croce,"(12.318225032830414, 45.439217042294786)"
,,,,,Gasparinetti,"Luigi,",,,,s. Felice,calle del Forno,3880.0,,,felice,Cannaregio,"(12.334321196552159, 45.44148794777622)"
,,,,,Gasparo,"Giovanni,",,,,s. Pietro,calle Riello,478.0,,,pietro,Castello,"(12.357058816142713, 45.432931124931095)"
,,,,,Gastaldelli,"Rosa,",,,,s. M. del Rosario,piscina s. Agnese,825.0,,,madonna del rosario,Dorsoduro,"(12.328810067384367, 45.42985033585685)"
,,,,,Gastaldello,"Elisabetta,",,,,s. M. Glor. dei Frari,campo s. Stinn.,2501.0,,,maria gloriosa dei frari,San Polo,"(12.327004909044199, 45.43812176402453)"
,,,,,Gatti,"Pietro,",,,,s. Felice,calle del forno,3848.0,,,felice,Cannaregio,"(12.33404457606356, 45.441673923223206)"
,,,,,Gatti,"Pietro,",,,,ss. Apostoli,calle del Cristo,4244.0,,,apostoli,Cannaregio,"(12.335774201100051, 45.44144781609534)"
,,,,,Gavagnin,"Elisa,",,,,Angelo Raff.,fond. s. Marco,2486.0,,,angelo raffaele,NO MATCH,"(None, None)"
,,,,,Ghezzi,"Gio.; Battista,",,,,s. Felice,,4033.0,,,felice,Cannaregio,"(12.335578628129387, 45.441853997655286)"
,,,,,Giorgietta,"Giovanna,",,,,s. M. del Rosario,piscina Venier,853.0,,,madonna del rosario,Dorsoduro,"(12.329172615895235, 45.43070598086644)"
,,,,,Gornauto,"Gaspare,",,,,s. Marco,s. Moisé campo Scuola,1910.0,,,marco,San Marco,"(None, None)"
,,,,,Gregolin,"Nicold,",,,,s. Silvestro,ponte Madonnetta,1980.0,,,silvestro,San Polo,"(12.330717393399361, 45.43669188501653)"
,,,,,Hartz,"Luigia,",,,,s. Pietro,yia nuova,1686.0,,,pietro,Castello,"(12.351326043933087, 45.432527588860516)"
,,,,,Hender,"Luigia,",,,,s. Francesco,calle dell’ olio,3063.0,,,francesco,Castello,"(12.348804442411787, 45.43713081077255)"
,,,,,Hentz,"Rodolfo,",,,,s. Pietro,via nuova,1639.0,,,pietro,Castello,"(12.351515087714759, 45.43201616501782)"
,,,,,Lazzari,"Andrianna,",,,,ss. Erm. e Fort.,rioterra due ponti,1513.0,,,ermargora e fortunato,NO MATCH,"(None, None)"
,,,,,Lazzarini,"Giuseppe,",,,,s. M. del Carmine,calle del forno,2970.0,,,maria dei carmini,Dorsoduro,"(12.323191590783056, 45.43472644045262)"
,,,,,Lazzarini,"Giuseppe,",,,,s. M. del Carmine,calle del forno,3049.0,,,maria dei carmini,Dorsoduro,"(12.3235851456615, 45.433633079200305)"
,,,,,Longato,"Angela,",,,,s. M. Formosa,borgoloco,5164.0,,,maria formosa,Castello,"(12.342963984143045, 45.43767572195296)"
,,,,,Longega,"Gaetano,",,,,s. Simeone Prof.,calle del forno,235.0,,,simeon profeta,Santa Croce,"(12.321578964564553, 45.43904575049446)"
283,,,,,,,,,,,,,,,,,"(None, None)"
,,,,,Longo; Gero," Marianna,",,,,s. Luca,calle dei fabbri,4707.0,,,luca,San Marco,"(12.336167138812954, 45.435762212331355)"
,,,,,Lovato,"Salvatore,",,,,ss. Apostoli,campo,4467.0,,,apostoli,Cannaregio,"(12.337035839771056, 45.440401492803964)"
,,,,,Lunardi,"Antonio,",,,,ss. Salvatore,ponte Rialto,5167.0,,,salvador,San Marco,"(12.336379826336058, 45.43770044235239)"
,,,,,Luzzatto,"Benedetto,",,,,s. Geremia,Ghetto vecchio,1136.0,,,geremia,Cannaregio,"(12.325452346521367, 45.44447086717013)"
,,,,,Macor,"Giovanna,",,,,s. Gio. in Bragora,calle Crosera,3969.0,,,giovanni in bragora,Castello,"(12.347595176349643, 45.434143535531206)"
,,,,,Magnarico,"Maria,",,,,s. Gio. in Bragora,salizz.s. Antonin,3470.0,,,giovanni in bragora,Castello,"(12.345899887777499, 45.43559373415655)"
,,,,,Magri,"Antonio,",,,,s. Felice,ponte Noal,3660.0,,,felice,Cannaregio,"(12.332988078886885, 45.4419802554781)"
,,,,,Manerva,"Elisabetta,",,,,s. Marziale,fond. sensa,3254.0,,,marziale,Cannaregio,"(12.328452872372822, 45.44653937154818)"
,,,,,Marani; Pescarolo," Maria,",,,,s. Pietro,calle lunga,110.0,,,pietro,Castello,"(12.357155085059178, 45.4344050830169)"
,,,,,Marangoni,"Angela,",,,,s. Silvestro,ruga orefici,46.0,,,silvestro,San Polo,"(12.33463143585952, 45.43891007135472)"
,,,,,Marchi,"Sebastiano,",,,,s. Silvestro,ruga spezieri,373.0,,,silvestro,San Polo,"(12.333826378382312, 45.439330764955756)"
,,,,,Marchi,"Teresa,",,,,s. Pietro,fond. s. Gioachino,513.0,,,pietro,Castello,"(12.357315229402573, 45.43254313897191)"
,,,,,Marchesini,"Orsola,",,,,ss. Gio. Paolo,calle della testa,6344.0,,,giovanni e paolo,Castello,"(12.34252377796567, 45.43878227802272)"
,,,,,Marigo,"Antonio,",,,,s. Catterina,calle Varisia,5474.0,,,caterina,Cannaregio,"(12.339614950650217, 45.440970173079926)"
,,,,,Martelli,"Marco,",,,,s. Cassiano,ponte dei morti,1856.0,,,cassiano,Santa Croce,"(12.329732344213692, 45.441248607460025)"
,,,,,Mattiazzi,"Rosa,",,,,s. Martino,calle dei scudi,3185.0,,,martino,Castello,"(12.347500759053366, 45.43678850475925)"
,,,,,Mayer; Benvenisti," Aronne,",,,,s. Pietro,via nuova,1810.0,,,pietro,Castello,"(12.354727584968465, 45.432528397437146)"
,,,,,Mayer; Benvenisti," Aronne,",,,,s. Stefano,calle botteghe,3126.0,,,stefano,San Marco,"(12.329929290945632, 45.43409407213962)"
,,,,,Mazzoleni,"Cristoro,",,,,ss. Erm. e Fort.,calle magazzen,1702.0,,,ermargora e fortunato,NO MATCH,"(None, None)"
,,,,,Mazzolini,"Gio.; Battista,",,,,s. Pietro,fond. s. Gioachino,455.0,,,pietro,Castello,"(12.35600380158837, 45.43258961437217)"
,,,,,Mazzotti,"Vincenzo,",,,,s. M. del Giglio,calle Assassini,3959.0,,,maria del giglio,San Marco,"(12.332377516707798, 45.43541444917169)"
,,,,,Menegazzi,"Giuseppe,",,,,s. Francesco,salizz. gatte,3206.0,,,francesco,Castello,"(12.347597150273335, 45.43642273917568)"
,,,,,Menegazzi,"Maria,",,,,all’ Ang. Raff.,arzer s. Marta,2020.0,,,angelo raffaele,NO MATCH,"(None, None)"
,,,,,Merelli,"Carlo,",,,,s. Giacomo dall’ orio,salizz. s. Stae,1911.0,,,giacomo dall'orio,Santa Croce,"(12.329578901264197, 45.44056128193371)"
,,,,,Miani,"Giuseppe,",,,,s. Silvestro,rughetta del Ravano,1015.0,,,silvestro,San Polo,"(12.333397849307527, 45.438081496384115)"
,,,,,Molin,"Antonio,",,,,s. M. Formosa,calle caffettier,6651.0,,,maria formosa,Castello,"(12.344760535016027, 45.438544032827835)"
,,,,,Monaco,"Pietro,",,,,s. M. Formosa,calle dell’ oratorio alla Fava,5528.0,,,maria formosa,Castello,"(12.338616442686908, 45.43705249110423)"
,,,,,Mondini,"Domenico,",,,,s. Pantaleone,¢alle spezier,3729.0,,,pantalon,Dorsoduro,"(None, None)"
,,,,,Monti,"Marco,",,,,s. M. Formosa,casselleria,5350.0,,,maria formosa,Castello,"(12.339760295095465, 45.43655949508307)"
,,,,,Moro,"Giuseppe,",,,,s. Marco,calle del forno,457.0,,,marco,San Marco,"(None, None)"
,,,,,Moro,"Giuseppe,",,,,s. M. Formosa,salizzada s. Leone,5785.0,,,maria formosa,Castello,"(12.339703765829247, 45.43697698738876)"
,,,,,Moro,"Teresa,",,,,s. Martino,ramo Arsenale,2387.0,,,martino,Castello,"(12.349705058652837, 45.43454375018778)"
,,,,,Moredon,"Giacomo,",,,,s. Geremia,salizzada,327.0,,,geremia,Cannaregio,"(12.325328390241086, 45.443584067120845)"
,,,,,Mosca,"Sante,",,,,ss. Erm. e Fort.,calle Anconetta,1815.0,,,ermargora e fortunato,NO MATCH,"(None, None)"
,,,,,Munari,"Antonio,",,,,s. Stefano,calle batteghe,2965.0,,,stefano,San Marco,"(12.33044315275812, 45.43381569895851)"
,,,,,Negrinotti,"Catterina,",,,,ss. Gio. e Paolo,campo s. Giustina,6513.0,,,giovanni e paolo,Castello,"(12.34563390282651, 45.43826726877659)"
,,,,,Nenzi,"Giacomo,",,,,s. Marco,rioterra delle Campane,979.0,,,marco,San Marco,"(12.33718888718541, 45.43524749891571)"
,,,,,Orsaria,"Marianna,",,,,s. M. del Carmine,calle lunga,2869.0,,,maria dei carmini,Dorsoduro,"(12.323696552147887, 45.43265316284155)"
,,,,,Padella,"Gio.; Battista,",,,,s. Gio. in Bragora,salizz. s. Antonin,3470.0,,,giovanni in bragora,Castello,"(12.345899887777499, 45.43559373415655)"
,,,,,Pagliari,"Luigi,",,,,s. Nicola da Tolentino,fond.,166.0,,,nicola da tolentino,Santa Croce,"(12.321207554319932, 45.43712137404708)"
284,,,,,,,,,,,,,,,,,"(None, None)"
,,,,,Palma,"Luigi,",,,,s. Geremia,rioterri,126.0,,,geremia,Cannaregio,"(12.322955563430623, 45.44187700791531)"
,,,,,Palma,"Maria,",,,,s. Marco,calle della Chiesa s. Zulian,625.0,,,marco,San Marco,"(12.33902953675123, 45.435681727094156)"
,,,,,Panciera,"Vincenzo,",,,,s. Marziale,calle del forno,2668.0,,,marziale,Cannaregio,"(12.329695725687671, 45.445635596599075)"
,,,,,Pasquali,"Anna,",,,ved. Scarparo,s. Nicola da Tol.,fond. Canal,659.0,,,nicola da tolentino,Santa Croce,"(12.323474738429494, 45.43903545455325)"
,,,,,Pavanello,"Andrea,",,,,s. Pietro,via nuova,1672.0,,,pietro,Castello,"(12.351289800453397, 45.43231572920959)"
,,,,,Pavisich.; Battaggia," Giovanna,",,,,s. Pietro,via nuova,1790.0,,,pietro,Castello,"(12.353464615067594, 45.4324059899775)"
,,,,,Pedrocchi,"Cristoforo,",,,,s. Salvatore,salizz. Tedeschi,5541.0,,,salvador,San Marco,"(12.337002321845139, 45.438178778601014)"
,,,,,Pellegrinotti,"Antonio,",,,,s. Giac. dall’Orio,lista vecehia bari,1274.0,,,giacomo dall'orio,Santa Croce,"(12.326294692370952, 45.441298094652254)"
,,,,,Pelloni,"Matteo,",,,,'s. Giac. dall’Orio,lista vecchia bari,1202.0,,,giacomo dall'orio,Santa Croce,"(12.324979526404853, 45.440832051833326)"
,,,,,Peratte,"Giovanni,",,,,s. M. del Rosario,rio terra s. Vio,489.0,,,madonna del rosario,Dorsoduro,"(12.33103158722863, 45.4296646088659)"
,,,,,Peruggini,"Giuseppe,",,,,s. Gio. in Bragora,calle furlani,3272.0,,,giovanni in bragora,Castello,"(12.34679654132744, 45.436156842773926)"
,,,,,Petrin,"Girolamo,",,,,s. Silvestro,sottop. cappeller,1688.0,,,silvestro,San Polo,"(12.33255437721735, 45.43965481560273)"
,,,,,Pezzoli,"Andrea,",,,,ss. Gio e Paolo,calle ospedalette,6398.0,,,giovanni e paolo,Castello,"(12.342843195061329, 45.4385051182912)"
,,,,,Piccolomini,"Gaetano,",,,,s. Luca,calle del earbon,4184.0,,,luca,San Marco,"(None, None)"
,,,,,Pietroboni,"Giorgio,",,,,s. Marco,spadaria,698.0,,,marco,San Marco,"(12.33872242043649, 45.435512767407204)"
,,,,,Pisolato,"Marianna,",,,,s. Silvestro,rughetta del ravano,1059.0,,,silvestro,San Polo,"(12.332880375922484, 45.43790869240175)"
,,,,,Pivatelto,"Domenica,",,,,s. M. Formosa,borgoloco,5142.0,,,maria formosa,Castello,"(12.342904033070273, 45.43739819819882)"
,,,,,Polacco,"Giuseppe,",,,,s. Marziale,fond. Cannareggio,1251.0,,,marziale,Cannaregio,"(12.325179744246942, 45.4440463088151)"
,,,,,Pollato,"Domenico,",,,,s. Zaccaria,campo ss. Filippe e Giac.,4336.0,,,zaccaria,Castello,"(12.341248064818613, 45.43513833275632)"
,,,,,Ponteviggio,"Maria,",,,,s. M. Formosa,salizs. s. Lio,5765.0,,,maria formosa,Castello,"(12.339480648658105, 45.43713575449277)"
,,,,,Pornale,"Carlo,",,,,s. Luca,in campo,4577.0,,,luca,San Marco,"(12.335570610442279, 45.436097973205605)"
,,,,,Posocco,"Domenico,",,,,s. Marziale,fond.,2553.0,,,marziale,Cannaregio,"(12.331693461975737, 45.44470426637512)"
,,,,,Previtali,"Giovanni,",,,,s. Silvestro,ruga veechia,654.0,,,silvestro,San Polo,"(12.333923653595935, 45.43839804867045)"
,,,,,Previtali,"Giovanni,",,,,s. Silvestro,camp. scoazze,945.0,,,silvestro,San Polo,"(12.3324520450322, 45.43842984659209)"
,,,,,Previtali,"Giovanni,",,,,s. Cassiano,calle dei botteri,1572.0,,,cassiano,Santa Croce,"(12.328248733773501, 45.43968839859881)"
,,,,,Punta; Centenari," Maria,",,,,s. Pietro,riello,430.0,,,pietro,Castello,"(12.356667145438122, 45.43329484777226)"
,,,,,Rabazzo,"Valentino,",,,,ss. Apostoli,calle Dolfin,5686.0,,,apostoli,Cannaregio,"(None, None)"
,,,,,Raffael,"Pietro,",,,,s. Geremia,fond. Savorg,505.0,,,geremia,Cannaregio,"(12.32265922654384, 45.444779735527455)"
,,,,,Ratto,"Andrea,",,,,s. Gio. in Bragora,salizz. s. Antonin,3496.0,,,giovanni in bragora,Castello,"(12.34664496313419, 45.435456066398864)"
,,,,,Ravag,"Luigi,",,,,s. Pietro,corte del Magazzen,535.0,,,pietro,Castello,"(12.356989206059781, 45.43161909175563)"
,,,,,Ravane,"Maria,",,,,s. Silvestro,calle del perden,1295.0,,,silvestro,San Polo,"(12.332069391577077, 45.43783701719433)"
,,,,,Rebeschini,"Alessandro,",,,,s. Simeone Prof.,calle savesina,1299.0,,,simeon profeta,Santa Croce,"(12.32539272774425, 45.4418287848057)"
,,,,,Rebeschini,"Giacomo,",,,,ss. Apostoli,calle del Criste,4222.0,,,apostoli,Cannaregio,"(12.335436971504606, 45.441505526434646)"
,,,,,Reggio,Pasquale,,,"fu Francesco,",s. M. del Carm.,ealle lunga,2760.0,,,maria dei carmini,Dorsoduro,"(12.324861194361844, 45.432867993256394)"
,,,,,Retzel,"Martino,",,,,s. M. Formosa,casselleria,5342.0,,,maria formosa,Castello,"(12.339810167106151, 45.43653993841692)"
,,,,,Rigo,"Bernardo,",,,,s. Stefano,s. Samuele,3134.0,,,stefano,San Marco,"(12.329794166400697, 45.43433609602314)"
,,,,,Rizzardini,"Paeifieo,",,,,s. Zaccaria,rugagiuffa,4745.0,,,zaccaria,Castello,"(12.342523999019104, 45.43606667753104)"
,,,,,Rizzardini,"Paeifieo,",,,,s. Maria Formosa,campo s. Lio,5637.0,,,maria formosa,Castello,"(12.33803517377232, 45.437872066050495)"
,,,,,Rizzardini,"Paeifieo,",,,,s. Maria Formosa,campo s. Lio,5640.0,,,maria formosa,Castello,"(12.338321890923678, 45.43783887397162)"
,,,,,Rizzetto,"Pietro,",,,,s. Silvestro,calle del Cristo,1723.0,,,silvestro,San Polo,"(12.332310269383019, 45.43951157375698)"
,,,,,Roda,"Angela,",,,,s. M. del Carmine,campo s. Margherita,2963.0,,,maria dei carmini,Dorsoduro,"(12.323539040193136, 45.43452245279231)"
,,,,,Roelli,"Giacomo,",,,,s. Pietro,via nuova,1806.0,,,pietro,Castello,"(None, None)"
285,,,,,,,,,,,,,,,,,"(None, None)"
,,,,,Roelli,"Luigi,",,,,s. Martino,calle dei coraazeri,3593.0,,,martino,Castello,"(12.347182510219174, 45.43492425858823)"
,,,,,Rogantini,"Giosué,",,,,"s, Giac. dall’Orio",calle forne,1851.0,,,giacomo dall'orio,Santa Croce,"(12.329611993944846, 45.44112784888238)"
,,,,,Rogantin,"Giovanni,",,,,s. Silvestro,calle Tiepolo,1420.0,,,silvestro,San Polo,"(12.331286193728081, 45.43704554662094)"
,,,,,Rosati,"Luigia,",,,,s. Silvestro,rughetta del ravano,1048.0,,,silvestro,San Polo,"(12.333246006636859, 45.438094552089986)"
,,,,,Rosso,"Angela,",,,,s. Gio. in Bragora,riva dei schiavoni,4009.0,,,giovanni in bragora,Castello,"(12.348491572513394, 45.434274445649976)"
,,,,,Rota,"Francesco,",,,,s. Pantaleone,in campo,3701.0,,,pantalon,Dorsoduro,"(12.324419358734431, 45.435570821361075)"
,,,,,Rugini,"Teresa,",,,,s. M. del Giglio,calle lunga s. Moisé,2035.0,,,maria del giglio,San Marco,"(12.334945541519039, 45.433016511932586)"
,,,,,Rusponiti,"Anna,",,,,ss. Gerv. e Prot.,fond. Borgo,1165.0,,,gervasio e protasio,Cannaregio,"(12.325403112178046, 45.44497954521609)"
,,,,,Sabinotto; de," Giovanni,",,,,s. Luca,calle fuseri,4340.0,,,luca,San Marco,"(12.335279538604222, 45.43514577838747)"
,,,,,Saonaro,"Angela,",,,,"s, M. del Carmine",calle lurga,2635.0,,,maria dei carmini,Dorsoduro,"(12.322084970917667, 45.43223586190927)"
,,,,,Sartogo,"Francesco,",,,,ss. Gio. e Paolo,barbaria tavole,6483.0,,,giovanni e paolo,Castello,"(12.345017112207048, 45.438477049428684)"
,,,,,Sartogo,"Gio.; Battista,",,,,s. Silvestro,campo bella Vienna,222.0,,,silvestro,San Polo,"(12.334800814864268, 45.439159973194116)"
,,,,,Sartori; Costantini," Angela,",,,,"s, Luca",in campo,4587.0,,,luca,San Marco,"(None, None)"
,,,,,Savioni,"Gio.; Battista,",,,,s. Stefano,calle botteghe,3126.0,,,stefano,San Marco,"(12.329929290945632, 45.43409407213962)"
,,,,,Scandella,Giovanni,,,"fu Antonio,",s. Marziale,fond. Ormesini,211.0,,,marziale,Cannaregio,"(12.323616603344043, 45.44292087054674)"
,,,,,Scargicllo,"Adelaide,",,,,s. Gio. in Brag.,calle crosera,398.0,,,giovanni in bragora,Castello,"(None, None)"
,,,,,Scarpa,"Giuseppe,",,,,s. Zaccaria,campo ss. Filippo e Giac.,4297.0,,,zaccaria,Castello,"(12.340955432935536, 45.43504596263736)"
,,,,,Scarpa,"Lucia,",,,,ss. Gio. e Paolo,salizzada,6344.0,,,giovanni e paolo,Castello,"(12.34252377796567, 45.43878227802272)"
,,,,,Scarpa,"Rosa,",,,,ss. Gerv. e Prot.,fondamenta Borgo,1320.0,,,gervasio e protasio,Cannaregio,"(None, None)"
,,,,,Scarpa,"Vincenzo,",,,,s. Pietro,via nuova,1780.0,,,pietro,Castello,"(12.352971810677742, 45.432341956417275)"
,,,,,Scevola,"Michiele,",,,,s. M. del Giglio,s. Moise calle del teatro,2251.0,,,maria del giglio,San Marco,"(12.334500108678377, 45.43286948535577)"
,,,,,Schneider,"Giovanni,",,,,s. M. Formosa,casselleria,5181.0,,,maria formosa,Castello,"(12.342295808853764, 45.43784895914028)"
,,,,,Schneider,"Giovanni,",,,,s. M. Formosa,casselleria,5182.0,,,maria formosa,Castello,"(12.342230954240495, 45.43783407765943)"
,,,,,Scorzini,"Rosa,",,,,s. M. Gloriosa dei Frari,fond.,2562.0,,,maria gloriosa dei frari,San Polo,"(12.327194792570683, 45.43739555010286)"
,,,,,Serraglia,"Maria,",,,,s. Pietro,calle riello,164.0,,,pietro,Castello,"(12.357033981079551, 45.43329956461293)"
,,,,,Settimo,"Giacomo,",,,,s. M. Formosa,calle della Fava,5183.0,,,maria formosa,Castello,"(12.342112870665083, 45.43779803133867)"
,,,,,Signoretti,"Marianna,",,,,s. M. del Rosario,fond. Bragadin,629.0,,,madonna del rosario,Dorsoduro,"(12.329664718023427, 45.430288049495644)"
,,,,,Sinigaglia,"Antonio,",,,,s. Pietro,ruga stretta,114.0,,,pietro,Castello,"(12.357150291138822, 45.43428941839872)"
,,,,,Soranzo; Cricchi," Chiara,",,,,s. Nicola da Tolent.,campo,187.0,,,nicola da tolentino,Santa Croce,"(12.32133143512169, 45.43783804537032)"
,,,,,Stampetta,"Lucia,",,,,s. Giac. dall’Orio,calle Corner,2197.0,,,giacomo dall'orio,Santa Croce,"(12.331631436652883, 45.44035039819728)"
,,,,,Stefanelli,"Querino,",,,,s. M. del Giglio,"calle del teatro s. Moisé,",1940.0,,,maria del giglio,San Marco,"(12.333462950906718, 45.43386735433085)"
,,,,,Stefani,"Angela,",,,,s. Pantaleone,fond. Gaffaro,3527.0,,,pantalon,Dorsoduro,"(12.321232883146083, 45.43692172793621)"
,,,,,Stoper,"Matteo,",,,,s. M. del Giglio,calle lunga s. Moisé,2281.0,,,maria del giglio,San Marco,"(12.334326045588304, 45.432841417902864)"
,,,,,Stoper,"Matteo,",,,,s. M. del Giglio,corte del figher,2297.0,,,maria del giglio,San Marco,"(None, None)"
,,,,,Stringhetta,"Giacomo,",,,,s. M. Formosa,calle lunga,5186.0,,,maria formosa,Castello,"(12.341932409007859, 45.43774225315995)"
,,,,,Todero,"Carlotta,",,,,"s, Silvestro",calle del Cristo,1731.0,,,silvestro,San Polo,"(12.332406697199215, 45.439427539286314)"
,,,,,Todero,"Giovenni,",,,,s. M. del Carmine,ramo Cappello,3348.0,,,maria dei carmini,Dorsoduro,"(12.324659122429845, 45.43433628205226)"
,,,,,Tomasetti,"Andrea,",,,,s. Felice,calle del Linarol,3651.0,,,felice,Cannaregio,"(None, None)"
,,,,,Tommaselli,"Pietro,",,,,s. Marco,frezzeria,1233.0,,,marco,San Marco,"(12.336500387721152, 45.4337567679713)"
,,,,,Tommasi,"Bartolammeo,",,,,s. M Glor. dei Frari,calle dell’olio,2427.0,,,maria gloriosa dei frari,San Polo,"(12.326141836733683, 45.43883515571293)"
,,,,,Tommasini,"Catterina,",,,,s. Geremia,calle beccarie,710.0,,,geremia,Cannaregio,"(12.318953301081757, 45.44621799720245)"
286,,,,,,,,,,,,,,,,,"(None, None)"
,,,,,Tonini,"Natale,",,,,ss. Ermag. e Fort.,rio terra due ponti,1320.0,,,ermargora e fortunato,NO MATCH,"(None, None)"
,,,,,Torres,"Maria,",,,,s. Geremia,fond. Savorg,411.0,,,geremia,Cannaregio,"(12.323963019684177, 45.44433409916629)"
,,,,,Tossuto,"Maria,",,,,s. Geremia,salizzada,318.0,,,geremia,Cannaregio,"(12.325119506180133, 45.443529118619935)"
,,,,,Trabucco,"Andrea,",,,,ss. Apostoli,in campo,4544.0,,,apostoli,Cannaregio,"(12.336447300098653, 45.44045179749003)"
,,,,,Trapolin,"Gaetano,",,,,s. Geremia,campo,277.0,,,geremia,Cannaregio,"(None, None)"
,,,,,Trevisan,"Francesco,",,,,"ss, Salvatore",campo s. Bortol.,5310.0,,,salvador,San Marco,"(12.336875949380257, 45.43766260712767)"
,,,,,Trezzi,"Francesca,",,,,s. Marziale,fond. s. Girolamo,3042.0,,,marziale,Cannaregio,"(12.32508661090499, 45.44641522825679)"
,,,,,Valconi,"Giacomo,",,,,ss. Ermag. e Fort.,rio terra Madd.,2340.0,,,ermargora e fortunato,NO MATCH,"(None, None)"
,,,,,Valconi,"Giovanni,",,,,s. Marco,all’Ascensione,1294.0,,,marco,San Marco,"(None, None)"
,,,,,Valeri,"Gio.; Battista,",,,,s. Zaccaria,campo s. Filippo e Giac.,4506.0,,,zaccaria,Castello,"(12.34169684633738, 45.43525458289789)"
,,,,,Varagnolo,"Giovanna,",,,,ss. Ermag. e Fort.,rioterra Madd.,2102.0,,,ermargora e fortunato,NO MATCH,"(None, None)"
,,,,,Venerando,"Filippo,",,,,s. Geremia,rio terra,128.0,,,geremia,Cannaregio,"(12.323004706959736, 45.44191766114044)"
,,,,,Vial,"Bartolammeo,",,,,s. Silvestro,calle dall’Angelo,821.0,,,silvestro,San Polo,"(12.33395584192545, 45.43914173220855)"
,,,,,Vianello,"Domenica,",,,,s. Pietro,via nuova,1476.0,,,pietro,Castello,"(12.353566982512872, 45.43220872592715)"
,,,,,Vianello,"Girolamo,",,,,s. Silvestro,ruga spezieri,234.0,,,silvestro,San Polo,"(12.334404905604282, 45.43909832358367)"
,,,,,Vianello,"Giovanni,",,,,s. Martino,,2634.0,,,martino,Castello,"(12.34808329368586, 45.43596409815128)"
,,,,,Vianello,"Nicold,",,,,ss. Ermag. e Fort.,fond. Corner,2409.0,,,ermargora e fortunato,NO MATCH,"(None, None)"
,,,,,Vianello,"Santa,",,,,s. M. del Rosario,fond. Bragadin,662.0,,,madonna del rosario,Dorsoduro,"(12.329852809556664, 45.4305075262882)"
,,,,,Vianello,"Teresa,",,,,s. M. del Rosario,fond. Bragadin,588.0,,,madonna del rosario,Dorsoduro,"(12.32921053845442, 45.429583682201496)"
,,,,,Vianello,"Teresa,",,,,"ss, Ermagora e Fort.",fond. due Mori,3365.0,,,ermargora e fortunato,NO MATCH,"(None, None)"
,,,,,Veronese,"Pietro,",,,,s. Francesco,salizz. s. Giustina,2994.0,,,francesco,Castello,"(None, None)"
,,,,,Vettori,"Clemente,",,,,ss. Gio. e Paolo,calle della testa,6329.0,,,giovanni e paolo,Castello,"(12.341782892142815, 45.43881588175067)"
,,,,,Volpato,"Vespasiano,",,,,s. Pietro,via nuova,4559.0,,,pietro,Castello,"(12.341853885847447, 45.434067263601165)"
,,,,,Volpato,"Vespasiano,",,,,ss. Ermag. e Fort.,all'anconetta,1976.0,,,ermargora e fortunato,NO MATCH,"(None, None)"
,,,,,Zaffini,"Maria,",,,,s. Pietro,via nuova,1828.0,,,pietro,Castello,"(12.355583045832871, 45.43258387115533)"
,,,,,Zagato,"Nicold,",,,,s. Zaccaria,campo s. Provolo,4664.0,,,zaccaria,Castello,"(12.342381427360452, 45.434953668892895)"
,,,,,Zanchi,"Elena,",,,,s. Silvestro,calle del Paradiso,705.0,,,silvestro,San Polo,"(12.333863834945507, 45.437947647818575)"
,,,,,Zanetti,"Modesta,",,,,s. Zaccaria,rugagiuffa,4867.0,,,zaccaria,Castello,"(12.342043745587265, 45.436617372511385)"
,,,,,Zaniol,"Giovanni,",,,,s. M. del Carmine,campo s. Margh.,3662.0,,,maria dei carmini,Dorsoduro,"(12.323856289496094, 45.43497383930531)"
,,,,,Zanioli,"Teresa,",,,,s. Pietro,cao marina,736.0,,,pietro,Castello,"(12.357290601806252, 45.431268495165725)"
,,,,,Zanus,"Carlo,",,,,s. Geremia,fond. Scalzi,58.0,,,geremia,Cannaregio,"(12.322465248519713, 45.44146888747309)"
,,,,,Zardinoni,"Graziosa,",,,,s. M. Glor. dei Frari,calle traghetto,2812.0,,,maria gloriosa dei frari,San Polo,"(12.328223517031397, 45.435790175398104)"
,,,,,Zebelin,"Giulio,",,,,ss. Ermag. e Fortunato,,1976.0,,,ermargora e fortunato,NO MATCH,"(None, None)"
,,,,,Zecchini,"Giuseppe,",,,,s. Canciano,sottoportico,5603.0,,,canciano,Cannaregio,"(None, None)"
,,,,,Zennaro,Antonio,,,,s. Gio. in Bragora,caHe del forno,3787.0,,,giovanni in bragora,Castello,"(12.347280160286475, 45.43425662649299)"
,,,,,Zennaro,"Teresa,",,,,s. Cassiano,calle dei botteri,1887.0,,,cassiano,Santa Croce,"(12.32885824879565, 45.439659329947865)"
,,,,,Zupponi,"Giuseppe,",,,,s. Canciano,campo,5545.0,,,canciano,Cannaregio,"(12.338312640009422, 45.439920023228346)"
287,,,,,,,,,,,,,,,,,"(None, None)"
,,PROFUMIERI.,,,,,,,,,,,,,,,"(None, None)"
,,,,,Bertini,"Antonio,",,,,s. Marco,ai Leoni,314.0,,,marco,San Marco,"(12.339344780904044, 45.434929134876676)"
,,,,,Garbato,"Antonio,",,,,s. Salvatore,in Merceria,5026.0,,,salvador,San Marco,"(12.336691795810426, 45.43688777176457)"
,,,,,Hadin,"Giuseppe,",,,,s. Marco,procuratie vecchie,114.0,,,marco,San Marco,"(12.337836360675437, 45.43429361558293)"
,,,,,Gerardi,"Faustino,",,,,s. Marco,procuratie nuove,60.0,,,marco,San Marco,"(12.338083682474593, 45.433615666830136)"
,,,,,Tarreghetta,"Giuseppe,",,,,s. Marco,frezzeria s. Moisé,1643.0,,,marco,San Marco,"(12.336270363958139, 45.43409422599822)"
,,,,,Tarreghetta,"Giuseppe,",,,,s. Marco,frezzeria s. Moisé,1176.0,,,marco,San Marco,"(12.336385398766062, 45.43415390039264)"
,,,,,Tschurtschenthaler,"Giuseppe,",,,,s. M. Form.,corte Perina s. Lio,5477.0,,,maria formosa,Castello,"(12.338999044782591, 45.43717276925835)"
,,PROPRIETARJ DI BASTIMENTI( Armatort).,,,,,,,,,,,,,,,"(None, None)"
,,,,,Amadi,Antonjo,,,"fu: Sante,",s. Pietro,,1546.0,,,pietro,Castello,"(None, None)"
,,,,,Antonini,Andrea,,,"rapp. anche p. p. da Antonini Nicold,",s. Zaccaria,rugagiuffa palazzo Grimani,48.0,,,zaccaria,Castello,"(None, None)"
,,,,,Bacchiani,"Vincenzo,",,,,s. Pietro,vie nuova,1776.0,,,pietro,Castello,"(12.352772303719162, 45.43232165551514)"
,,,,,Ballarin,"Domenico,",,,detto Pagna,s. M del Rosario,calle Lanza,141.0,,,madonna del rosario,Dorsoduro,"(12.333167285429756, 45.43026173172405)"
,,,,,Buranelli,"Antonio,",,,,s. Gio. in Bragora,calle dei Furlani,3267.0,,,giovanni in bragora,Castello,"(12.347024901832194, 45.43616007945542)"
,,,,,Busetto,Angelo,,,"detto Bubba di Domenico,",ss. Gervasio e Protasio,sulle Zattere,1416.0,,,gervasio e protasio,Cannaregio,"(12.32870475740706, 45.44435330445061)"
,,,,,Busetto,Antonio,,,"detto Petich,",s. Luca,calle Benzon s. Bened.,3927.0,,,luca,San Marco,"(12.331734528175529, 45.43562853224856)"
,,,,,Busetto,Giovanni,,,"detto Fisola,",s. Zaccaria,calte Padovani,4543.0,,,zaccaria,Castello,"(12.341574728273924, 45.43438746436714)"
,,,,,Caime,"Giacinto,",,,,s. Pietro,corte Coltrera,1954.0,,,pietro,Castello,"(12.353587860882879, 45.43278479607223)"
,,,,,Galiazzi,"Antonio,",,,,s. Zaccaria,calle dei preti,5022.0,,,zaccaria,Castello,"(12.343843519215701, 45.436057216513696)"
,,,,,Gavagnin,Giuseppe,,,"detto Capojani,",ss. Gerv. e Protasio,fondamenta Priuli,1101.0,,,gervasio e protasio,Cannaregio,"(12.324166864403285, 45.44465370834825)"
,,,,,Gavagnin,Giuseppe,,,"fu Bartolomeo,",s. M. del Giglio,calle lunga s.Moisé,2036.0,,,maria del giglio,San Marco,"(12.334938541015896, 45.43301526804226)"
,,,,,Gavagnin,Nicold,,,"detto Capojani,",ss. Gervasio e Protasio,ponte lungo sulle Zattere,1386.0,,,gervasio e protasio,Cannaregio,"(12.327887692938928, 45.44422978736773)"
,,,,,Gavagnin,"Sebastiano,",,,,s. M. del Rosario,Catecumeni,90.0,,,madonna del rosario,Dorsoduro,"(12.333970226618497, 45.42914410390312)"
,,,,,Genova,Vincenzo,fratelli,,"rapp. da Vincenzo Genova,",s. Zaccaria,calle della Madonnetta,5153.0,,,zaccaria,Castello,"(12.343206458330478, 45.43757344683905)"
,,,,,Giunta,"Stefano,",,,,s. Pietro,fond. della tana,2077.0,,,pietro,Castello,"(12.352415290006578, 45.432943242860524)"
,,,,,Ivancich,Luigi; Anton,,,"rapp. da Luigi Ivancich fu Antonio,",s. Zaccaria,calle del rimedio,4421.0,,,zaccaria,Castello,"(12.340523087994693, 45.435978255276474)"
288,,,,,,,,,,,,,,,,,"(None, None)"
,,,,,Lanza,"Lulgi,",,,,s. Gio. in Bragora,pescaria,3973.0,,,giovanni in bragora,Castello,"(12.347450811333779, 45.433921130374344)"
,,,,,Levi,Jacob,figli,,"rapp. da Angelo Levi, da Angelo di A.",s. M. Formosa,casselleria,5314.0,,,maria formosa,Castello,"(12.339815944248247, 45.43611979621064)"
,,,,,Medini,"Luca,",,,,s. Pietro,ealle Seresina,1216.0,,,pietro,Castello,"(12.355504532838824, 45.431242380402054)"
,,,,,Millin,"Filippo,",,,,s. Gio. in Bragora,ealte Lion,3390.0,,,giovanni in bragora,Castello,"(12.344715888564444, 45.43624135381667)"
,,,,,Mondaini,"Antonio,",,,,s. Pietro,fond. s. Anna,152.0,,,pietro,Castello,"(12.356991203261446, 45.43363150348179)"
,,,,,Mondaini,"Paolo,",,,,s. Gio. in Bragora,rame del forno,3497.0,,,giovanni in bragora,Castello,"(12.3467265360473, 45.43552376525447)"
,,,,,Mondolfo,"Giuseppe,",,,,s. Marco,calle del Cappello,181.0,,,marco,San Marco,"(12.338583544795638, 45.43477151841125)"
,,,,,Musatti,E.; A.,fratelli,,,s. M. del Giglio,in campo,2498.0,,,maria del giglio,San Marco,"(12.332662440200318, 45.432492491424306)"
,,,,,Olivo,"Gio.Battista,",,,,s. M. Glor. dei Frari,calle dei Saoneri,2672.0,,,maria gloriosa dei frari,San Polo,"(12.328448202805916, 45.43693052588085)"
,,,,,Rosada; Mondolfo,"Angelo; Giuseppe,",,,,s. Gio. in Bragora,ponte Lion,3394.0,,,giovanni in bragora,Castello,"(12.344481628222056, 45.43616530924941)"
,,,,,Rossinovich; Rota,"Vittore,; Giuseppe,",,,,s. Gio. in Bragora,,3729.0,,,giovanni in bragora,Castello,"(12.346333809047318, 45.43433720378129)"
,,,,,Savini,"Achille,",,,,s. Canciano,corte Remera,5706.0,,,canciano,Cannaregio,"(12.336258746554293, 45.43938507225943)"
,,,,,Scarpa,Lorenzo,,,"fu Antonio detto Tomiollo e Bello,",s. M. del Rosario,fond. Soranzo,331.0,,,madonna del rosario,Dorsoduro,"(12.332612217870565, 45.429735974226766)"
,,,,,Scarpa,Tommaso,,,"detto Bello,",s. M. del Rosario,ai Catecumeni,104.0,,,madonna del rosario,Dorsoduro,"(12.333726145781087, 45.4297625742393)"
,,,Societa della Diga di Malamocco,,,,,,"rapp. da Missiuglia Antonio e Mondolfo Giuseppe,",s. Luca,,1828.0,,,luca,San Marco,"(12.33491459497747, 45.43427207944506)"
,,,"Societa delle Fabbriche unite di canna di vetro e smalti,",,,,,,,ss. Apostoli,calle della pegola,4280.0,,,apostoli,Cannaregio,"(12.334810269053255, 45.44038547253792)"
,,,Societa del Lloyd Austriaco,,,,,,"rapp. da BonifaciO Rossignoli,",s. Marco,procuratie nuove,3.0,,,marco,San Marco,"(12.339444030778719, 45.43326529417869)"
,,,Societa del Lloyd Austriaco,,,,,,"rapp. da BonifaciO Rossignoli,",s. Marco,procuratie nuove,4.0,,,marco,San Marco,"(12.339457840224458, 45.433300524136115)"
,,,Societa del Lloyd Austriaco,,,,,,"rapp. da BonifaciO Rossignoli,",s. Marco,procuratie nuove,5.0,,,marco,San Marco,"(12.33944287484287, 45.433329543257145)"
,,,Societa del Lloyd Austriaco,,,,,,"rapp. da BonifaciO Rossignoli,",s. Marco,procuratie nuove,6.0,,,marco,San Marco,"(12.339428574639022, 45.43335727254314)"
,,,,,Sponza,Giovanni,,,"fu Pacifico,",s. Marco,corte det Balloni,207.0,,,marco,San Marco,"(12.33834652074899, 45.43518754865067)"
,,,,,Steissich,"Mattes,",,,,s. Pietro,via nuova,1813.0,,,pietro,Castello,"(12.354868191772193, 45.432538307551084)"
,,,,,Venerande,"Giovanni,",,,,s. Pantaleone,calle della frescada,,,,pantalon,Dorsoduro,"(None, None)"
,,,,,Vianello,"Francesco,",,,,s. M. del Rosario,fond. Zorzi o Bragadin,378.0,,,madonna del rosario,Dorsoduro,"(12.332028294746705, 45.43030820197565)"
,,,,,Vianello,,,,detto Gobbi,s. M.del Rosario,,267.0,,,madonna del rosario,Dorsoduro,"(12.332726110588911, 45.428551828755715)"
,,,,,Vianello,Giuseppe,,,"detto Moro,",s. M. del Rosario,,111.0,,,madonna del rosario,Dorsoduro,"(12.334228872470113, 45.43025905634675)"
,,,,,Vianello,Giuseppe,,,"detto Pagatutti,",s. M. del Rosario,rioterra catecumeni,87.0,,,madonna del rosario,Dorsoduro,"(12.333406907500892, 45.43000695439985)"
,,,,,Vianello,"Natale,",,,,ss. Ger. e Prot.,calle Gambara,4055.0,,,gervasio e protasio,Cannaregio,"(12.335333913511812, 45.441960884068806)"
,,PROPRIETARJ DI BURCHI E BARCHE MINORI.,,,,,,,,,,,,,,,"(None, None)"
,,,,,Archigiano,"Bonaldo,",,,,s. Martino,piscina,2525.0,,,martino,Castello,"(12.348167650005202, 45.43548171799337)"
,,,,,Bertolini,"Francesco,",,,,s. Marziale,corte dei facchini,2530.0,,,marziale,Cannaregio,"(12.332377400889083, 45.44441688660644)"
,,,,,Boscolo,"Natale,",,,,s. M. del Rosario,fond. Saloni,73.0,,,madonna del rosario,Dorsoduro,"(12.33361415087773, 45.429597048047306)"
289,,,,,,,,,,,,,,,,,"(None, None)"
,,,,,Buscovich,"Giovanni,",,,dette Nanarello,s. Zaccaria,calle dietro il magazzen,4808.0,,,zaccaria,Castello,"(12.341867803024321, 45.43628006089828)"
,,,,,Carlin,"Sante,",,,,ss. Gerv. e Prot.,calle nuova,1681.0,,,gervasio e protasio,Cannaregio,"(12.327824458790683, 45.44333914141605)"
,,,,,Casagrande,"Ambrogio,",,,,ss. Apostoli,fond. s. Catterina,4939.0,,,apostoli,Cannaregio,"(12.337126444289778, 45.44302187595512)"
,,,,,Cavezzago,"Vincenzo,",,,,s. Felice,ramo I dell’erbe,4097.0,,,felice,Cannaregio,"(12.335641812489177, 45.44247006309762)"
,,,,,Ceolin,"Vincenzo,",,,,s. Gio. in Bragora,calle della pietaé,3677.0,,,giovanni in bragora,Castello,"(None, None)"
,,,,,Citton,Antonio,,,"detto Barbier,",s. Maria del Giglio,calle delle ostriche,2436.0,,,maria del giglio,San Marco,"(12.333199958306412, 45.43248543879622)"
,,,,,Cosma,"Nicold,",,,,s. Marziale,fond. Ormesini,2843.0,,,marziale,Cannaregio,"(12.326799119880597, 45.4459897414092)"
,,,,,Costa,"Giosué,",,,,s. Pietro,dietro la tana,2102.0,,,pietro,Castello,"(12.352218972363463, 45.43288086204341)"
,,,,,Dabala,"Paolo,",,,,all’Angelo Raff.,fond. Barbarigo,2356.0,,,angelo raffaele,NO MATCH,"(None, None)"
,,,,,Dal Fiol,Matteo;Vincenzo,,,,s. Zaccaria,fond. dell’ osmarin,4171.0,,,zaccaria,Castello,"(12.343470338039372, 45.434082122472816)"
,,,,,Damian,"Giacomo,",,,,s. Francesco,calle dell’ olio,3132.0,,,francesco,Castello,"(12.347729312553215, 45.43690318764938)"
,,,,,Dazzi,"Domenico,",,,,s. Gio. in Bragora,calle dei furlani,3274.0,,,giovanni in bragora,Castello,"(12.346672292089087, 45.43615725050513)"
,,,,,Fabris,Angelo,,,"di Angelo,",s. Pietro,corte nuova,2061.0,,,pietro,Castello,"(12.352863584419444, 45.43300664213175)"
,,,,,Fabris,"Cherubino,",,,,s. Pietro,camp. della Colomba,426.0,,,pietro,Castello,"(12.356449076834059, 45.43332923411169)"
,,,,,Fabris,"Giorgio,",,,,s. Gio. in Bragora,calle Querini,3684.0,,,giovanni in bragora,Castello,"(12.344884588905646, 45.43499156091157)"
,,,,,Fabris,"Luigi,",,,,s. Gio. in Bragora,corte Bollani,3643.0,,,giovanni in bragora,Castello,"(12.345406833928855, 45.43486418023155)"
,,,,,Fassi,"Andrea,",,,,ss. Gio. e Paolo,calle dello squero,6306.0,,,giovanni e paolo,Castello,"(12.34191567279173, 45.43876448633311)"
,,,,,Fassi,"Valentino,",,,,ss. Gervasio e Prot.,campo squero,1302.0,,,gervasio e protasio,Cannaregio,"(12.325877223385143, 45.443748144874846)"
,,,,,Fiorentina,"Valentino,",,,,s. Maria del Carmine,calle sporca delle pazienze,2887.0,,,maria dei carmini,Dorsoduro,"(12.322602760033732, 45.432848942164696)"
,,,,,Folin,"Gio.; Battista,",,,,ss. Gerv. e Prot.,fond. s. Baseggio,1641.0,,,gervasio e protasio,Cannaregio,"(12.32759331893798, 45.44351748010935)"
,,,,,Franco,"Andrea,",,,,s. Nicola da Tolen.,fond. rio delle burchielle,400.0,,,nicola da tolentino,Santa Croce,"(None, None)"
,,,,,Gambin,"Giuseppe,",,,,s. Gio. in Bragora,campo,3810.0,,,giovanni in bragora,Castello,"(12.346703699608849, 45.4343981290754)"
,,,,,Gavagnin,"Domenico,",,,,s. M. del Rosario,fond. Bragadin,621.0,,,madonna del rosario,Dorsoduro,"(12.32951847370364, 45.43004916564406)"
,,,,,Giacomuzzi,Giuseppe,,,"di Pietro,",s. Canciano,campo,5538.0,,,canciano,Cannaregio,"(12.338349029372964, 45.44012500355599)"
,,,,,Lombardo,"Angelo,; Felice,; Giovanni; Paolo",,,,s. M. del Rosario,"Abazia s. Gregorio,",772.0,,,madonna del rosario,Dorsoduro,"(12.328860216182528, 45.42932900498378)"
,,,,,Marinelli,Giovanni,,,"fu Antonio,",ss. Apostoli,fond. s. Catter.,4947.0,,,apostoli,Cannaregio,"(12.335617883963074, 45.443503162229725)"
,,,,,Massaria,"Antonio,",,,,all’Angelo Raff.,fond. procuratie,2474.0,,,angelo raffaele,NO MATCH,"(None, None)"
,,,,,Mazziol,"Antonio,",,,,ss. Gio. e Paolo,ramo dei mendicanti,6769.0,,,giovanni e paolo,Castello,"(None, None)"
,,,,,Miani,Pietro,,,"detto Naso,",s. Francesco,calle dei furlani,3242.0,,,francesco,Castello,"(12.3465088464333, 45.4361960872153)"
,,,,,Monello,"Bartolomeo,",,,,s. M. del Rosario,fond. dei saloni,62.0,,,madonna del rosario,Dorsoduro,"(12.334320234581996, 45.42917005721509)"
,,,,,Moro,"Giuseppe,",,,,s. M. Formosa,salizz. s. Lio,5785.0,,,maria formosa,Castello,"(12.339703765829247, 45.43697698738876)"
,,,,,Morosini,"Giuseppe,",,,,s. Geremia,fond. penitenti,890.0,,,geremia,Cannaregio,"(12.318948156321612, 45.446810091247606)"
,,,,,Padovan,"Domenico,",,,,s. Pietro,fond. s. Giuseppe,673.0,,,pietro,Castello,"(12.35855117120799, 45.43114812579357)"
,,,,,Padevan,"Giovanni,",,,,s. Pietro,calle Pedrocchi,1605.0,,,pietro,Castello,"(12.35207662181827, 45.431786300033075)"
,,,,,Pellegrini,Michiele,,,,s. Pietro,campazzo quintavalle,31.0,,,pietro,Castello,"(12.359216254499508, 45.43312432612711)"
,,,,,Pezzotti; Cucito," Antonia,",,,,s. Pantaleone,,3878.0,,,pantalon,Dorsoduro,"(12.32640301081139, 45.4350595815056)"
290,,,,,,,,,,,,,,,,,"(None, None)"
,,,,,Puntarotto,Giovanni,,,del fu Alvise,s. M. Formosa,calle della Sacrestia,4463.0,,,maria formosa,Castello,"(12.342237818897498, 45.435701418554345)"
,,,,,Quintavalle,"Natale,",,,,s. Pietro,campo ruga,329.0,,,pietro,Castello,"(12.357290018413279, 45.43377773237177)"
,,,,,Scarpa,"Frances¢o,",,,detto Baicolo,s. Nicola da Tolentino,calle Passamonte,3501.0,,,nicola da tolentino,Santa Croce,"(None, None)"
,,,,,Scarpa,"Domenico,",,,,s. Gio. in Bragora,calle della pietà,3680.0,,,giovanni in bragora,Castello,"(None, None)"
,,,,,Scarpa,"Luigi,",,,,s. M. del Giglio,fond. dell’ostriche,2346.0,,,maria del giglio,San Marco,"(12.333595461616737, 45.43238005353527)"
,,,,,Scarpa,Girol.,,,detto Panetti,s. M. del Rosario,fond. s. Agnese,773.0,,,madonna del rosario,Dorsoduro,"(12.32873441064105, 45.42917877080469)"
,,,,,Scarpa’,"Stefano,",,,,ss. Apostoli,rio terra,4756.0,,,apostoli,Cannaregio,"(12.33859980307221, 45.441501208276556)"
,,,,,Spanio,"Anlonio,",,,detto Capra,s. Zaccaria,rugagiufla,4880.0,,,zaccaria,Castello,"(12.342363538168884, 45.43672591140554)"
,,,,,Spanio,"Tommaso,",,,detto Capra,s. Zaccaria,calle in faccia alla Sacrestia,4387.0,,,zaccaria,Castello,"(12.34121442372008, 45.43563511077826)"
,,,,,Tassan,"Giovanni,",,,,all’Angelo Raff.,calle Camerini,2251.0,,,angelo raffaele,NO MATCH,"(None, None)"
,,,,,Vianello,"Giuseppe,",,,fetto Bolza,s. Giacomo dall’ Orio,"calle del Cristo,",852.0,,,giacomo dall'orio,Santa Croce,"(12.326146309439439, 45.43919538578593)"
,,,,,Vianello,"Giovanni,",,,detto Chiaccherina,s. M. del Carmine,corte calderer,2912.0,,,maria dei carmini,Dorsoduro,"(12.322737354875102, 45.43397208589093)"
,,,,,Vianello,"Olivo,",,,detto Gige,s. M.'del Rosario,Abazia s. Greg.,172.0,,,madonna del rosario,Dorsoduro,"(12.333830836395578, 45.430801166936924)"
,,,,,Vianello,Giac.,,,detto Labia,ss. Gerv. e Prot.,fond. borgo,1133.0,,,gervasio e protasio,Cannaregio,"(12.325366040540658, 45.44441232901832)"
,,,,,Vianello,Giuseppe,,,"fu Antonio,",s. M. del Rosario,fond. saloni,87.0,,,madonna del rosario,Dorsoduro,"(12.333406907500892, 45.43000695439985)"
,,,,,Vianetlo,"Spiridione,",,,,"s, Gio. in Bragora",riva degli Schiavoni,4146.0,,,giovanni in bragora,Castello,"(12.345559701132837, 45.43399273616934)"
,,,,,Vianetlo,"Spiridione,",,,,s. Zaccaria,Ramo II. Madonnetta,5159.0,,,zaccaria,Castello,"(12.343101611103464, 45.437785558385585)"
,,,,,Vicari,"Lorenzo,",,,detto Bari,ss. Gio. e Paolo,"calle dei meloni, ",6335.0,,,giovanni e paolo,Castello,"(12.342089757944061, 45.43887185681754)"
,,,,,Zennaro,,fratelti,,"rapp. da Domenico Zennaro,",s. M. Gloriosa dei Frari,rio terra,2425.0,,,maria gloriosa dei frari,San Polo,"(12.326298708055543, 45.438799915965994)"
,,,,,Zennaro,Giovanni,,,detto Gallinetta,s. Simeone Prof.,rio Marin,868.0,,,simeon profeta,Santa Croce,"(12.3257020521663, 45.43935908564072)"
,,RAMI DIVERSE,,Appallatori ed Imprenditori,,,,,,,,,,,,,"(None, None)"
,,,,,Alveria,"Bartolames,",,,,ss. Apostoli,calle Tagtiapietra,4750.0,,,apostoli,Cannaregio,"(12.338227543688923, 45.4414172981114)"
,,,,,Asti,"Luigi,",,,,ss. Gerv. e Protasio,,1343.0,,,gervasio e protasio,Cannaregio,"(12.326765864751051, 45.44410351556295)"
,,,,,"Beaufré; Faido,",,,,,s.Zaccaria,fond. dell'Osmatin,4975.0,,,zaccaria,Castello,"(12.343725313194998, 45.435647557809766)"
,,,,,Bernardi,"Giuseppe,",,,,s. Geremia,fund. Penitenti,1020.0,,,geremia,Cannaregio,"(12.322574271363232, 45.44516016623679)"
291,,,,,,,,,,,,,,,,,"(None, None)"
,,,,,Berri,Bernardo,fratelli,,"rapp. da Berri Bernarde,",ss. Ermagora e Fortunato,,1473.0,,,ermargora e fortunato,NO MATCH,"(None, None)"
,,,,,Biondetti,"Carlo,",,,,s. Francesco,calle dei Furlani,3281.0,,,francesco,Castello,"(12.346278158554552, 45.436149532714694)"
,,,,,Biondetti,"Gaspare,",,,,s. M. del Rosario,s. Vio,715.0,,,madonna del rosario,Dorsoduro,"(12.331071634078766, 45.430810166030206)"
,,,,,Busetto,Antonio,,,"detto Beo,",all’ Ang. Raff.,,2580.0,,,angelo raffaele,NO MATCH,"(None, None)"
,,,,,Busetto,Antonio,,,"detto Petich,",s. Luca,calle Benzon s. Bened.,3927.0,,,luca,San Marco,"(12.331734528175529, 45.43562853224856)"
,,,,,Busetto,Giovanni,,,"detto Fisola,","s, Zaccaria",calle Padovani,4543.0,,,zaccaria,Castello,"(12.341574728273924, 45.43438746436714)"
,,,,,Busetto,Luigi,,,"detto Fisola,",s. M. del Carmine,,2591.0,,,maria dei carmini,Dorsoduro,"(12.320415193340125, 45.43337573669931)"
,,,,,Cadel,"Sebastiano,",,,,s. Marziale,fond. della sensa,3268.0,,,marziale,Cannaregio,"(12.328665300524975, 45.44689122662609)"
,,,,,Cassetti,"Luigi,",,,,s. Simeone Prof.,,597.0,,,simeon profeta,Santa Croce,"(12.321480279647544, 45.438725478299865)"
,,,,,Cecchini,"Gio.; Battista,",,,,s. Marco,corte del Teatro s. Moisé,2240.0,,,marco,San Marco,"(None, None)"
,,,,,Cendalli,"Giuseppe,",,,,s. Stefano,campo,2776.0,,,stefano,San Marco,"(12.330845957151295, 45.433434759841056)"
,,,,,Costa,"Angelo,",,,,s. Giacomo dall’ Orio,calle Tagliapietra,2582.0,,,giacomo dall'orio,Santa Croce,"(None, None)"
,,,,,Cottin,"Marco,",,,,s. Simeone Prof.,calle Vissega,797.0,,,simeon profeta,Santa Croce,"(12.324790905583711, 45.439384456779074)"
,,,,,Crovato,"Francesco,",,,,s. Canciano,calle Noris,5532.0,,,canciano,Cannaregio,"(12.33837363468793, 45.440328142206994)"
,,,,,Crovato,"Giuseppe,",,,,ss. Apostoli,rioterra,4757.0,,,apostoli,Cannaregio,"(12.338443755992838, 45.44157330825127)"
,,,,,Dabala,"Paolo,",,,,all’ Ang. Raffaele,fond. Barbarigo,2356.0,,,angelo raffaele,NO MATCH,"(None, None)"
,,,,,Dall’ Asta,"Domenico,",,,,s.Canciano,calle del Campanil,1762.0,,,canciano,Cannaregio,"(12.328905431856864, 45.44278923791457)"
,,,,,Dal Maschio,"Audrea,",,,,s. Luca,calle delle locande,4322.0,,,luca,San Marco,"(12.334855809797888, 45.434982518114985)"
,,,,,Dal Turco,"Pietro,",,,,s. Cassiano,ponte Pesaro,2073.0,,,cassiano,Santa Croce,"(12.33128176854295, 45.44118424561874)"
,,,,,De Lorenzi,"Demenico,",,,,s. M. del Carmine,fond. rossa,2525.0,,,maria dei carmini,Dorsoduro,"(12.32056371027878, 45.434359656791244)"
,,,,,Demitri,"Gio.; Andrea,",,,,s. Felice,fond. del tintor,3604.0,,,felice,Cannaregio,"(12.33445141007862, 45.44275533639137)"
,,,,,De Piccoli; Berri,,,,,s. Stefano,corte Corner s. Samuele,3366.0,,,stefano,San Marco,"(12.329419000671752, 45.43479618911782)"
,,,,,Fadiga,"Vincenzo,",,,,s. Stefano,eorte del Tagliapietra s. Maurizio,2699.0,,,stefano,San Marco,"(None, None)"
,,,,,Filippini,"Antonio,",,,,s. Pietro,via nueva,1770.0,,,pietro,Castello,"(12.352546594194383, 45.43230146997335)"
,,,,,Franco,"Carlo,",,,,s. Marco,calle fiubera,946.0,,,marco,San Marco,"(12.337609082529362, 45.435209074726245)"
,,,,,Giacomelli,"Antonio,",,,,s. M. del Rosario,fond. Soranzo,342.0,,,madonna del rosario,Dorsoduro,"(12.332564209677875, 45.430444386480396)"
,,,,,Giacomuzzi,"Marc’Antonio; Pietro,",,,figlio,s. M. Gloriosa dei Frari,corte scura s. Polo,2057.0,,,maria gloriosa dei frari,San Polo,"(12.329917984051741, 45.43659122568256)"
,,,,,Granziotto,"Pietro,",,,,s. M. Glor. dei Frari,calle del campanil,2826.0,,,maria gloriosa dei frari,San Polo,"(12.327725573690461, 45.43637027884441)"
,,,,,Guidini,"Gio.; Battista,",,,,s. M. Glor. dei Frari,s. Toma,2808.0,,,maria gloriosa dei frari,San Polo,"(12.32788728031764, 45.43600101632691)"
,,,,,Guidini,"Giuseppe,",,,,s. M. del Carmine,calle del traghette s. Barbaba,2806.0,,,maria dei carmini,Dorsoduro,"(12.325259690668817, 45.433211159488884)"
,,,,,Jenna,,Comp.,,"rapp. da Giacomo ed Isacco Jenna,",s. Marco,s. Giuliano,605.0,,,marco,San Marco,"(12.338401948180385, 45.43578944540195)"
,,,,,Leonarduzzi,"Antonio,",,,,s: Giacomo dall’ Orio,satiza. Carminati,1894.0,,,giacomo dall'orio,Santa Croce,"(12.32926882478196, 45.44007998746324)"
,,,,,Levi,"David,s.",,,,Zaccaria,fond. del Rimedio,4420.0,,,zaccaria,Castello,"(12.340448471613222, 45.435935891344386)"
,,,,,Levi,"Giacomo,",,,,"ss. Ermag. e Fort,",camp. Lombardo,1974.0,,,ermargora e fortunato,NO MATCH,"(None, None)"
,,,,,Leeatelli,"Giovanni,",,,,s. M. Glor. dei Frari,calle dei Saoneri,2666.0,,,maria gloriosa dei frari,San Polo,"(12.328692844482664, 45.43730373091787)"
,,,,,Mander,"Ambrogio,",,,,s. Felice,calle correnfe,4061.0,,,felice,Cannaregio,"(12.33536284710888, 45.44216177528369)"
292,,,,,,,,,,,,,,,,,"(None, None)"
,,,,,Mander,"Romualdo,",,,,s. Canciano,rioterra,5412.0,,,canciano,Cannaregio,"(12.3395929389477, 45.44015771840448)"
,,,,,Mantecchini,"Antonio,",,,,all’ Ang. Raff.,s. Bastian,1688.0,,,angelo raffaele,NO MATCH,"(None, None)"
,,,,,Marchesan,"Bartolomeo,",,,,ss. Apostoli,rioterra,4674.0,,,apostoli,Cannaregio,"(12.336816159417491, 45.441635682741236)"
,,,,,Mora,"Giovanni,",,,,s. Canciano,rioterra,5386.0,,,canciano,Cannaregio,"(12.340853642781044, 45.44134042537811)"
,,,,,Newille,Augusto,,,"rapp. dalla Ditta Palazzi Angelo,",s. Marco,ramo Minotto,2338.0,,,marco,San Marco,"(12.333725583781138, 45.43227524168331)"
,,,,,Ongaro,"Luigi,",,,,ss. Apostoli,,4500.0,,,apostoli,Cannaregio,"(12.338142842118986, 45.44045203461145)"
,,,,,Padovan,Vettore,,,"rapp. dal figlio Domenico,",s. Silvestro,calle delSturion,677.0,,,silvestro,San Polo,"(12.334416072056053, 45.43763800110066)"
,,,,,Parocco,"Giuseppe,",,,,s. Nicola da Tolent.,fond. Malcanton,3633.0,,,nicola da tolentino,Santa Croce,"(None, None)"
,,,,,Pascotto,"Giovanni,",,,,s. Cassiano,,2359.0,,,cassiano,Santa Croce,"(12.331815326655386, 45.43987986530033)"
,,,,,Patrizio,"Giovanni,",,,,s. Canciano,corte della stua s. Gio. Grisost.,5695.0,,,canciano,Cannaregio,"(12.336761737449399, 45.439431787845756)"
,,,,,Pellanda,"Ambrogio,",,,,ss. Apostoli,rioterra,4628.0,,,apostoli,Cannaregio,"(12.337658841657193, 45.440953324929914)"
,,,,,Pellizzato,"Bartolomeo,",,,,s. Stefano,calle dei frati,3530.0,,,stefano,San Marco,"(12.331047534602964, 45.4340185719053)"
,,,,,Porri,Antonio,sorelle,,"rapp. da Porri Antonio,",s. Pietro,calle s.Domenico,4208.0,,,pietro,Castello,"(None, None)"
,,,,,Remy,"Alessandro,",,,,s. Giacomo dall’ Orio,,204.0,,,giacomo dall'orio,Santa Croce,"(12.321615602793084, 45.43819314190325)"
,,,,,Sardi,"Nicold,",,,,s. Stefano,calle del stampator,3089.0,,,stefano,San Marco,"(12.329059836399518, 45.43344360763038)"
,,,,,Sartori,"Francesco,",,,,s. M. Formosa,calle lunga,5176.0,,,maria formosa,Castello,"(12.342233827827426, 45.43799228728105)"
,,,,,Seguso,"Lorenzo,",,,,s. Stefano,corte del teatro s. Samuele,3052.0,,,stefano,San Marco,"(12.328127412722536, 45.43271538745307)"
,,,,,Serravalle,"Raffaele,",,,,ss. Ermag. e Fort.,,2176.0,,,ermargora e fortunato,NO MATCH,"(None, None)"
,,,,,Silva,"Abramo,",,,,s. Geremia,Ghetto vecchio,1469.0,,,geremia,Cannaregio,"(12.328005156630343, 45.4453453166881)"
,,,Societa della Diga di Malamocco,,Silva,"Abramo,",,,"rapp. da Missiaglia Antonio e Mondolfo Giuseppe,",s. Marco,frezzeria,1821.0,,,marco,San Marco,"(None, None)"
,,,Societa dell’ Iuminazione a gas,,Silva,"Abramo,",,,"rapp. da Giovellina Carlo,",s. Zaccaria,calle dél Rimedio,4419.0,,,zaccaria,Castello,"(12.340248409434412, 45.43583031337044)"
,,,,,Somassi,"Francesco,",,,,s. M. del Carmine,,3648.0,,,maria dei carmini,Dorsoduro,"(12.322852895484976, 45.43544473747265)"
,,,,,Tellatin,"Michiele,",,,,ss. Gio. e Paolo,,6245.0,,,giovanni e paolo,Castello,"(12.341938130472048, 45.43785061922289)"
,,,,,Tessarotto,"Lodovico,",,,,ss. Gerv. e Prot.,ponte tongo,1400.0,,,gervasio e protasio,Cannaregio,"(12.328049040725986, 45.444037341950484)"
,,,,,Vareton,"Pietro,",,,,ss. Gio. e Paolo,ponte della panada,6408.0,,,giovanni e paolo,Castello,"(12.342909712721156, 45.43844254401058)"
,,,,,Vianello,"Domenico,",,,detto Chiodo,s. M. Gloriosa dei Frari,palazzo Barbaro,2765.0,,,maria gloriosa dei frari,San Polo,"(12.329131362728747, 45.43626936313035)"
,,RAFFINERIE DI ZUCCHERI.,,,,,,,,,,,,,,,"(None, None)"
,,,,,Giuriato,Gio.Antonio,Comp.,,"rapp. da Giuriato Giuseppe q. Gio Antonio, Prejalmini Domenico;q. Giacomo, e Zorzetto Angelo di Melchiore,",s. Marziale,fond. s. Girolamo,2991.0,,,marziale,Cannaregio,"(12.322367997353599, 45.44707203417915)"
,,,,,Giuriato,Gio.Antonio,Comp.,,"rapp. da Giuriato Giuseppe q. Gio Antonio, Prejalmini Domenico;q. Giacomo, e Zorzetto Angelo di Melchiore,",s. Marziale,fond. s. Girolamo,2992.0,,,marziale,Cannaregio,"(12.322432778460959, 45.44705696296489)"
293,,,,,,,,,,,,,,,,,"(None, None)"
,,,,,Reali,Giuseppe,,,"q. Antonio rapp. da Giuseppe de Reali,",s. M. Formosa,campo della Fava,5527.0,La Raffineria é sita a,,maria formosa,Castello,"(12.3377450185756, 45.43706787742113)"
,,,,,Reali,Giuseppe,,,,s. Marziale,fond. della Misericordia,2612.0,,,marziale,Cannaregio,"(12.330601066185668, 45.44500906979568)"
,,RAME(vedi Ferramenta),,,,,,,,,,,,,,,"(None, None)"
,,RICAMI DISEGNI ED ARTIOOLI DIVERSI(venditori di),,,,,,,,,,,,,,,"(None, None)"
,,,,,Bonafede,"Angelo,",,,,ss. Apostoli,campo,4435.0,,,apostoli,Cannaregio,"(12.336317586615095, 45.440585283322)"
,,,,,Bonafede; Salvini," Lyigia,",,,,s. Marco,merceria dell’ orologio,228.0,,,marco,San Marco,"(12.338374476325052, 45.43546641879876)"
,,,,,Fasoli,"Angelo,",,,,s. Marco,merceria s. Giuliano,722.0,,,marco,San Marco,"(12.337649648920499, 45.436070317020885)"
,,,,,Fasoli,"Giovanni,",,,,s. Marco,s. Giuliano,735.0,,,marco,San Marco,"(12.338113743583696, 45.435821216928886)"
,,,,,Fasoli,"Giovanni,",,,,s. Salvatore,merceria,4922.0,,,salvador,San Marco,"(12.33729491500597, 45.436332051893274)"
,,,,,Gamba,"Antonio; Carlo,",,,,s. Marco,merceria s. Giuliano,716.0,,,marco,San Marco,"(12.337772445242441, 45.43605032657176)"
,,,,,Leon,"Arnoldo,",,,,s. Marco,merceria dell’ orologio,223.0,,,marco,San Marco,"(12.338432395387436, 45.4353848750388)"
,,,,lav. merletti.,Michielini,"Maria,",,,,s. Simeone Prof.,calle larga Bari,1100.0,,,simeon profeta,Santa Croce,"(12.325237220875605, 45.44020744847706)"
,,,,lav. merletti.,Stegagnini,"Marianna,",,,,s. Canciano,sottoportico Ca Dolfin,5606.0,,,canciano,Cannaregio,"(None, None)"
,,RIGATTIERI.,,,,,,,,,,,,,,,"(None, None)"
,,,,,Adolfo,"Antonio,",,,,s. Silvestro,ruga del ravano,696.0,,,silvestro,San Polo,"(12.333703218847319, 45.43826032340868)"
,,,,,Armani,"Giuseppe,",,,,s. Silvestro,ruga vecchia,427.0,,,silvestro,San Polo,"(12.33403122400637, 45.43895684765104)"
,,,,,Bacchi,"Elia,",,,,ss. Ermag. e Fort.,rio terra,2351.0,,,ermargora e fortunato,NO MATCH,"(None, None)"
,,,,,Baldi,"Giovanni,",,,,s. Luca,calle dei fuseri,4355.0,,,luca,San Marco,"(12.335270689568347, 45.43499086082057)"
,,,,,Balestra,"Domenico,",,,,s. Marco,calle fiubera,969.0,,,marco,San Marco,"(12.337743922645629, 45.43539351470802)"
294,,,,,,,,,,,,,,,,,"(None, None)"
,,,,,Bassanese,"Domenico,",,,,s. Canciano,calle della Chiesa,5836.0,,,canciano,Cannaregio,"(12.337303427351754, 45.43898638443063)"
,,,,,Bassanin,"Gioseffa,",,,,ss. Ermag. e Fort.,rio terra,2003.0,,,ermargora e fortunato,NO MATCH,"(None, None)"
,,,,,Battaglia,"Angelo,",,,,s. M. Gloriosa dei Frari,campo s. Polo,2086.0,,,maria gloriosa dei frari,San Polo,"(12.329778036829731, 45.43694583671484)"
,,,,,Bedendo,"Pietro,",,,,s. Zaccaria,calle degli Albanesi,4268.0,,,zaccaria,Castello,"(12.341468781726784, 45.434875270162344)"
,,,,,Biancafior,"Giovanni,",,,,s. M. del Carmine,"campo s, Margh.",2962.0,,,maria dei carmini,Dorsoduro,"(12.323515256074407, 45.43447904327618)"
,,,,,Boceassini,"Angelo,",,,,s. Silvestro,calle della Madonnetta,1457.0,,,silvestro,San Polo,"(12.331097348717464, 45.437252182646034)"
,,,,,Bottesella,"Francesco,",,,,ss. Gerv. e Prot.,fond. Priuli,1017.0,,,gervasio e protasio,Cannaregio,"(12.32252104507983, 45.44531029923284)"
,,,,,Bugno,"Eleonora,",,,,ss. Apostoli,in campo,4450.0,,,apostoli,Cannaregio,"(12.336399792568534, 45.44019802056605)"
,,,,,Cargnello,"Domenico,",,,,ss. Gio. in Bragora,campo,3806.0,,,giovanni in bragora,Castello,"(12.346486996015171, 45.434450728694735)"
,,,,,Caravaglio,"David,",,,,ss. Ermagora e Fort.,camp. dei fiori,2244.0,,,ermargora e fortunato,NO MATCH,"(None, None)"
,,,,,Casarini,"Domenico,",,,,s. Zaccaria,rugagiuffa,4838.0,,,zaccaria,Castello,"(12.342019132151309, 45.436609761479275)"
,,,,,Cassetti,"Giacomo,",,,,s. M. Formosa,campo s. Marina,6067.0,,,maria formosa,Castello,"(12.339089318268648, 45.438460207621105)"
,,,,,Castagnari,"Pietro; Antonio,",,,,s. Salvatore,sottop. dell’acque,4936.0,,,salvador,San Marco,"(12.337752071205747, 45.43637643821985)"
,,,,,Chellero; Brussa," Elena,",,,,s. Zaccaria,rugagiufla,4899.0,,,zaccaria,Castello,"(12.342259428013088, 45.436400191201535)"
,,,,,Cippola; Marchetti," Catterina,",,,,s. Giac. dall’Orio,calle del tintor,1581.0,,,giacomo dall'orio,Santa Croce,"(12.327753193388387, 45.439593493591)"
,,,,,Collalto,"Maria,",,,,s. Luca,calle dei fuseri,4466.0,,,luca,San Marco,"(12.335307017842181, 45.435474835075645)"
,,,,,Dacci,"Giacomo,",,,,s. Zaccaria,campo ss. Filippo e Giac.,4293.0,,,zaccaria,Castello,"(12.341121492246206, 45.43505407503351)"
,,,,,Dalla Venezia,"Gio.; Maria,",,,,s. Silvestro,calle del paradiso,700.0,,,silvestro,San Polo,"(12.333718386766135, 45.43810144315511)"
,,,,,Dal Mas,"Lorenzo,",,,,s. M. Formosa,salizz. s. Lio,5727.0,,,maria formosa,Castello,"(12.339311101514316, 45.43724760280623)"
,,,,,Dal Medico,"Giuseppe,",,,,s. Silvestro,calle del paradiso,710.0,,,silvestro,San Polo,"(12.333983182011359, 45.43780805063766)"
,,,,,Danieli,"Giovanni,",,,,s. Zaccaria,,4665.0,,,zaccaria,Castello,"(12.342453015814286, 45.43495074974334)"
,,,,,De Sandra,"Mattia,",,,,s. Gio. in Bragora,calle pestrin,3837.0,,,giovanni in bragora,Castello,"(12.347621617668517, 45.434936689568836)"
,,,,,De Zorzi,"Antonio,",,,,s.Salvatore,calle del pistor,5538.0,,,salvador,San Marco,"(12.336951316336306, 45.438069832919666)"
,,,,,Dona,"Diserra; Antonio,",,,,s. Salvatore,calle stretta s. Bartol.,5391.0,,,salvador,San Marco,"(None, None)"
,,,,,Fanti,"Pietro,",,,,s. Canciano,corte del forno,5964.0,,,canciano,Cannaregio,"(12.338058554742746, 45.43933897374012)"
,,,,,Fedati,"Catterina,",,,,s. M. del Giglio,calle del fruttarol.,1847.0,,,maria del giglio,San Marco,"(12.334525563229596, 45.43414475719248)"
,,,,,Gandolfo,"Maria,",,,,s. M. Formosa,calle s. Antonio,5461.0,,,maria formosa,Castello,"(12.339267519468672, 45.43694427329576)"
,,,,,Gardazzo,"David,",,,,s. Stefano,sotto i chiostri,3547.0,,,stefano,San Marco,"(None, None)"
,,,,,Gasparini,"Giacomo,",,,,s. Silvestro,calle del perdon,1328.0,,,silvestro,San Polo,"(12.331696587083414, 45.437588030112444)"
,,,,,Lacchin,"Valentino,",,,,s. Pantaleone,salizzada,116.0,,,pantalon,Dorsoduro,"(12.334018551565935, 45.43034497755951)"
,,,,,Lanza,"Giuseppe,",,,,s. Salvatore,calle della bissa,5454.0,,,salvador,San Marco,"(12.337385554762957, 45.43777132754405)"
,,,,,Lazzari,"Pietro,",,,,s. Canciano,calle Dolfin,5620.0,,,canciano,Cannaregio,"(12.336720547788628, 45.43985033485125)"
,,,,,Levis,"Giuseppe,",,,,s. M. Gloriosa dei Frari,calle dei saoneri,2658.0,,,maria gloriosa dei frari,San Polo,"(12.32826011827562, 45.437103142348825)"
,,,,,Lombardini,"Giuseppe,",,,,s. M. Formosa,salizz. s. Lio,5474.0,,,maria formosa,Castello,"(None, None)"
,,,,,Lovisetto,"Giuseppe,",,,,ss. Ermag. e Fort.,rio terra due ponti,1705.0,,,ermargora e fortunato,NO MATCH,"(None, None)"
,,,,,Manussi,Antonio,,,"fu Francesco,",s. Luca,calle della Chiesa s. Benedetto,4000.0,,,luca,San Marco,"(12.333059861567639, 45.43511135408407)"
,,,,,Mason,"Antonio,",,,,s. Canciano,calle Dolfin,5681.0,,,canciano,Cannaregio,"(None, None)"
,,,,,Massari,"Marianna,",,,,s. Marco,corte Contarina,1565.0,,,marco,San Marco,"(12.335939989280115, 45.43371070494106)"
,,,,,Massier,"Elisabetta,",,,,s. Salvatore,calle della bissa,5430.0,,,salvador,San Marco,"(12.337052508232164, 45.43765322401081)"
,,,,,Mayer,"Pietro,",,,,ss. Apostoli,campo,4459.0,,,apostoli,Cannaregio,"(12.336799792089387, 45.44020673171658)"
295,,,,,,,,,,,,,,,,,"(None, None)"
,,,,,Mazzocchi,"Giovanna,",,,,s. Salvatore,calle della bissa,5527.0,,,salvador,San Marco,"(12.337196015803531, 45.438062314269594)"
,,,,,Meneghello,"Angelo,",,,,s. Salvatore,calle della bissa,5415.0,,,salvador,San Marco,"(None, None)"
,,,,,Meneghello,"Giuseppe,",,,,s. Salvatore,calle della bissa,5424.0,,,salvador,San Marco,"(12.337249873815775, 45.437771115212314)"
,,,,,Meneghello,"Teresa,",,,,s. Salvat.,ealle della bissa,5480.0,,,salvador,San Marco,"(12.337292348530747, 45.43790448396777)"
,,,,,Milani,Francesco;,,,,s. Luca,calle del lovo,4752.0,,,luca,San Marco,"(12.335663829230283, 45.43647113416992)"
,,,,,Mistrello,"Regina,",,,,s. Pietro,secco Marina,982.0,,,pietro,Castello,"(12.356240515373592, 45.43106772821073)"
,,,,,Montagnin,"Felicita,",,,,s. Francesco,salizz. delle gatte,3198.0,,,francesco,Castello,"(12.347636883758135, 45.436528639877466)"
,,,,,Musitelli,"Antonio,",,,,s. Zaccaria,fond. dell’osmarin,4977.0,,,zaccaria,Castello,"(12.344067381962537, 45.435675062202186)"
,,,,,Nalesso,"Giuseppe,",,,,s. M. Gloriosa,campo s. Toma,2862.0,,,maria gloriosa dei frari,San Polo,"(12.32704846116975, 45.436102797023146)"
,,,,,Negro,"Angelo,",,,,s. M. Formosa,campo s. Marina,5903.0,,,maria formosa,Castello,"(12.339385233298115, 45.438307881124786)"
,,,,,Olpéer,"Guglielmo,",,,,ss. Ermag. e Fort.,rio terra due ponti,1704.0,,,ermargora e fortunato,NO MATCH,"(None, None)"
,,,,,Padovan,"Giovanni,",,,,s. M. Formosa,corte specchiera,6015.0,,,maria formosa,Castello,"(12.338468757765396, 45.4382315848269)"
,,,,,Pase,"Domenico,",,,,s. Silvestro,sottop. rialto,65.0,,,silvestro,San Polo,"(12.33509444769956, 45.43852880283273)"
,,,,,Payan,"Vincenzo,",,,,s. Silvestro,ruga vecchia,479.0,,,silvestro,San Polo,"(12.33439960180939, 45.43879566691869)"
,,,,,Penso,"Giovanni,",,,,s. Gio. in Bragora,calle scoazzera,3973.0,,,giovanni in bragora,Castello,"(12.347450811333779, 45.433921130374344)"
,,,,,Pezzei,"Angela,",,,,s. Francesco,salizzada,3159.0,,,francesco,Castello,"(12.347224509132664, 45.437254878079024)"
,,,,,Pupilli,"Giovanni,",,,,s. M. Formosa,eampo,6125.0,,,maria formosa,Castello,"(12.34101275093482, 45.43761996406227)"
,,,,,Querini,"Teresa,",,,,s. Salvatore,calle della bissa,5468.0,,,salvador,San Marco,"(12.337561280856315, 45.43775175237105)"
,,,,,Rioppi,"Giuseppe,",,,,s. Salvatore,calle della bissa,5417.0,,,salvador,San Marco,"(12.337177504855893, 45.437707799643604)"
,,,,,Roncan,"Giovanni,",,,,s. Gio. in Bragora,calle del cagnoletto,4079.0,,,giovanni in bragora,Castello,"(12.347761335605902, 45.433970876513904)"
,,,,,Rossetti,"Romanato; Concetta,",,,,ss. Ermagora e Fort.,rioterra dei due ponti,1701.0,,,ermargora e fortunato,NO MATCH,"(None, None)"
,,,,,Rossi,"Angelo,",,,,s. Marco,calle del Selvadego,1215.0,,,marco,San Marco,"(None, None)"
,,,,,Rossi,"Giuseppe,",,,,s. Marziale,calle Braso,3345.0,,,marziale,Cannaregio,"(12.331380029053761, 45.445797489646985)"
,,,,,Saccomani,"Eugenio,",,,,s. M. Formosa,campo s. Lio,5610.0,,,maria formosa,Castello,"(12.337924540843655, 45.437616076343495)"
,,,,,Sagramora,"Giovanni,",,,,s. M. del Carmine,calle Foscari,3258.0,,,maria dei carmini,Dorsoduro,"(12.325828672194227, 45.43441501080566)"
,,,,,Sbrignadello,"Giuseppe,",,,,s. Felice,ealle della Racchetta,3786.0,,,felice,Cannaregio,"(12.334909038357814, 45.4425587768974)"
,,,,,Scerenech,"Giovanni,",,,,s. Canciano,calle del fumo,5137.0,,,canciano,Cannaregio,"(12.340578944763555, 45.44196860420707)"
,,,,,Spinola,"Lucia,",,,,s. Salvatore,calle della bissa,5405.0,,,salvador,San Marco,"(12.337129762946166, 45.43802410231186)"
,,,,,Stella,"Giuseppe,",,,,ss. Ermag. e Fort.,rioterra della Maddal.,2343.0,,,ermargora e fortunato,NO MATCH,"(None, None)"
,,,,,Taddeo,"Giovanni,",,,,s. M. del Carmine,fond. Scaletter,2915.0,,,maria dei carmini,Dorsoduro,"(12.322837067383855, 45.43382755608522)"
,,,,,Tonissi,"Luigi,",,,,s. M. del Giglio,calle della Verona,3672.0,,,maria del giglio,San Marco,"(12.333377414461253, 45.434462269356715)"
,,,,,Torresan,"Andrea,",,,,s. Cassiano,calle dei botteri,1553.0,,,cassiano,Santa Croce,"(12.327724853669299, 45.43922686041766)"
,,,,,Valerio,"Sante,",,,,s. Salvatore,calle della bissa,5529.0,,,salvador,San Marco,"(12.337133331309412, 45.43807596087356)"
,,,,,Valier; Prior," Lacia,",,,,s. Salvatore,calle della bissa,5482.0,,,salvador,San Marco,"(12.337262350359593, 45.43801737821789)"
,,,,,Varda; Selai," Maria,",,,,s. Marco,campiello di piscina,1658.0,,,marco,San Marco,"(12.33542629401683, 45.434044391439855)"
,,,,,Usigli,"Leone,",,,,s. Marziale,fond. Ormesini,2803.0,,,marziale,Cannaregio,"(12.327888929110554, 45.44570685357795)"
,,,,,Usigli,"Moisé,",,,,ss. Ermag. e Fort.,rioterra,2001.0,,,ermargora e fortunato,NO MATCH,"(None, None)"
,,,,,Zampieri,"Bartolomeo,",,,,s. Luca,campo s. Angelo,3819.0,,,luca,San Marco,"(12.33167016323914, 45.43423260022673)"
,,,,,Zocco,"Vincenzo,",,,,s. Felice,calle della Chiesa,3947.0,,,felice,Cannaregio,"(12.334430397368173, 45.44120126331162)"
,,,,,Zuliani,"Giovanni,",,,,s. M. Formosa,campo,5855.0,,,maria formosa,Castello,"(12.34064253994068, 45.43737172117112)"
296,,,,,,,,,,,,,,,,,"(None, None)"
,,SALUMI.(negosianti di),,,,,,,,,,,,,,,"(None, None)"
,,,,,Barettin,"Antonio,",,,,s. M. Glor. dei Frari,calle Bern. s. Polo,2196.0,,,maria gloriosa dei frari,San Polo,"(12.329542976220983, 45.4387255420014)"
,,,,,Bloot,"Gerardo; Enrico,",,,,ss. Apostoli,calle lunga s. Catteriria,4998.0,,,apostoli,Cannaregio,"(12.336541153513437, 45.44411319598811)"
,,,,,Bödtker,Job.,,,,s. Zaccaria,campo s. Lorenzo,5060.0,,,zaccaria,Castello,"(12.344495154269742, 45.43696529745091)"
,,,,,Cerro;Lago,"Girolamo; Coeredi; Domenico,",Comp.,,,s. Silvestro,in pescaria,202.0,,,silvestro,San Polo,"(12.335354746139163, 45.43919592418299)"
,,,,,Dal Pra,"Giovanni,",,,,s. Silvestro,in pescaria,201.0,,,silvestro,San Polo,"(12.335357653346502, 45.439193617365774)"
,,,,,Dal Pra,"Vincenzo,",,,,s. Silvestro,in Pescaria,200.0,,,silvestro,San Polo,"(12.335359770169726, 45.43919193770428)"
,,,,,De Angelis,Gio.Battista,,,,s.Silvestro,campo della bella Vienna,230.0,,,silvestro,San Polo,"(12.334599768306981, 45.43910384044622)"
,,,,,Gianniotti,Costantino;Teodoro,,,,s. Zaccaria,fond. del Rimedio,4428.0,,,zaccaria,Castello,"(12.340944539724733, 45.43617536749883)"
,,,,,Levi,"Abramo; Alessandro,",,,,ss. Ermagora e Fortunato,rioterra della Maddalena,2005.0,,,ermargora e fortunato,NO MATCH,"(None, None)"
,,,,,Maggioli,"Giovanni,",,,,s. Silvestro,riva del vin,729.0,,,silvestro,San Polo,"(12.335102103409188, 45.43784752846989)"
,,,,,Marovich,"Giovanni,",,,,s. Silvestro,ruga degli Orefici,26.0,,,silvestro,San Polo,"(12.335315846815938, 45.43844385065209)"
,,,,,Messulam,Giacomo,,,,s.Marco,spaderia,677.0,,,marco,San Marco,"(12.338717254378919, 45.435565084442715)"
,,,,,Millin,Giovanni;Antonio;Pietro,"fratelli,",,,s. Felice,calle corrente,4114.0,,,felice,Cannaregio,"(12.335970484778102, 45.44290662988621)"
,,,,,Millosevich,"Elia,",,,,s. Zaccaria,campo s. Provolo,4701.0,,,zaccaria,Castello,"(12.342594076508815, 45.435064128980024)"
,,,,,Palazzi,Angelo,,,"rdpp. da Palazzi Alessandro, Palazzi Giacomo e Palazzi Vincenzo,",s. M. del Giglio,fond. dell’ ostriche,2338.0,,,maria del giglio,San Marco,"(12.333725583781138, 45.43227524168331)"
,,,,,Pastrovich,"Antonio,",,,,s. Geremia,fond. Crotta,132.0,,,geremia,Cannaregio,"(12.323116686858633, 45.442005321861984)"
,,,,,Romiti,Carl;Massimiliano,,,,s. Silvestro,ruga vecchia,736.0,,,silvestro,San Polo,"(12.334795412763528, 45.437662567376485)"
,,,,,Sciepsevich,"Pietro,",,,,s. Zaccaria,riva degli Schiavoni,4199.0,,,zaccaria,Castello,"(12.34195821758965, 45.433877225399385)"
,,SANGUISUGHE.,,(venditori di),,,,,,,,,,,,,"(None, None)"
,,,,,Belizze,"Girolamo,",,,,s. Salvatore,calle della fava,5182.0,,,salvador,San Marco,"(12.336811080689463, 45.437319135920724)"
,,,,,Lanza,"Giuseppe,",,,,s. Marco,sottop. ponte dei dai,172.0,,,marco,San Marco,"(12.337958300078734, 45.43450039338094)"
,,,,,Ponci,"Giuseppe,",,,,s. Salvatore,merceria stretta,5054.0,,,salvador,San Marco,"(12.336430968355085, 45.43715909813474)"
,,,,,Soffietti,Tommaso,,,rapp. da Suman Maria,s. Marco,calle larga,384.0,,,marco,San Marco,"(12.340116232030717, 45.435388412808216)"
297,,,,,,,,,,,,,,,,,"(None, None)"
,,SAPONI.(Fabbricatori di),,,,,,,,,,,,,,,"(None, None)"
,,,,,Apostolopulo,Giorgio,Comp.,,"rapp. da Apostolopulo Giorgio,",s. Geremia,lista di Spagna,233.0,,,geremia,Cannaregio,"(12.324190349905695, 45.44257300153979)"
,,,,,Dal Ceré,Antonio,Comp.,,"rapp. da. Antonio Dal Ceré,e Luigi Zanini,",s. Silvestro,ruga vecchia,763.0,,,silvestro,San Polo,"(12.333695138780342, 45.43784411102831)"
,,,,"rapp. la fabbrica saponi della Mira,",Valatelli,Giuseppe,,,q. Antonio,s. M. Formosa,rugagiufla ramo Grimani,4857.0,,,maria formosa,Castello,"(12.342032456008589, 45.43690189225134)"
,,SARTI.,,,,,,,,,,,,,,,"(None, None)"
,,,,,Agostinis,"Giovanni,",,,,s. Salv.,al ponte della fava,5329.0,,,salvador,San Marco,"(12.335992107086005, 45.43806967874082)"
,,,,,Bambolini,"Andrea,",,,,s. Canciano,salizz. s. Gio. Grisostomo,5801.0,,,canciano,Cannaregio,"(12.337113589031896, 45.43896918892127)"
,,,,,Bambolini,"Angelo,",,,,s. Marco,merceria s. Giuliano,733.0,,,marco,San Marco,"(12.338053082864942, 45.43585564396789)"
,,,,,Bernardi,"Andrea,",,,,s. Salvatore,campo,4827.0,,,salvador,San Marco,"(12.336272505059519, 45.43692333047448)"
,,,,,Brasil,"Giuseppe,",,,,s. Luca,calle del carbon,4155.0,,,luca,San Marco,"(12.334886531284026, 45.43592236729855)"
,,,,,Cardin,"Giovanni,",,,,s. Pietro,via nuova,1597.0,,,pietro,Castello,"(12.352033730011021, 45.432082168842875)"
,,,,,Cardin,"Pietro,",,,,s. Marco,calle in faccia alla Chiesa s. Giul.,733.0,,,marco,San Marco,"(12.338053082864942, 45.43585564396789)"
,,,,,Cardin,"Vincenzo,",,,,s. Marco,spaderia,694.0,,,marco,San Marco,"(12.33880063110531, 45.435443911277666)"
,,,,,Campanini,"Francesco,",,,,s. Marco,calle dei fabbri,880.0,,,marco,San Marco,"(None, None)"
,,,,,Casonato,"Francesco,",,,,s. Silvestro,calle del cinque,616.0,,,silvestro,San Polo,"(12.334502256174028, 45.43807990826316)"
,,,,,Casoratti,"Paolina,",,,,si M. del Giglio,calle lunga s. Moisé,2363.0,,,maria del giglio,San Marco,"(None, None)"
,,,,,Chinaglia,"Vincenzo,",,,,s. Gio. in Brag.,salizz. s. Antonino,3312.0,,,giovanni in bragora,Castello,"(12.345439783319833, 45.43563479521861)"
,,,,,Cominotto,"Osvaldo,",,,,s. Marco,calle dei specchieri,634.0,,,marco,San Marco,"(12.339155166366217, 45.435568844370906)"
,,,,,Cominotto,"Osvaldo,",,,,s. M.Gloriosa dei Frari,rio terra,2614.0,,,maria gloriosa dei frari,San Polo,"(12.328097292083715, 45.437253429056184)"
,,,,,Comirazzi,"Teresa,",,,,s. M. del Giglio,calle del Cristo s Moisé,2052.0,,,maria del giglio,San Marco,"(12.334362979817142, 45.43337970624004)"
,,,,,Cremonini,"Antonio,",,,,s. Luca,calle dei fuseri,4271.0,,,luca,San Marco,"(12.33526036206292, 45.435611164238644)"
,,,,,Dal Fabbro,"Giovanni,",,,,ss. Gio. e Paolo,calle della testa,6339.0,,,giovanni e paolo,Castello,"(12.342279882893187, 45.438827746586725)"
,,,,,Dalla Venezia,"Gaetano,",,,,s. Canciano,ponte dell’ olio,5787.0,,,canciano,Cannaregio,"(12.33705658103368, 45.43852194619946)"
,,,,,De Giudici,"Leonardo,",,,,s. Francesco,campo delle gatte,3222.0,,,francesco,Castello,"(12.3474317798357, 45.43643142513455)"
,,,,,Dolcetti,"Antonio,",,,,s. Pantaleone,calle del spezier,3754.0,,,pantalon,Dorsoduro,"(12.325001813472717, 45.435663930704536)"
,,,,,Fabris,"Pietro,",,,,s. Marco,merceria s. Giuliano,731.0,,,marco,San Marco,"(12.337989684689312, 45.43589137703134)"
,,,,,Feruzzi,"Vincenzo,",,,,s. Marco,calle al ponte dell’ Angelo,390.0,,,marco,San Marco,"(12.34002686576067, 45.43554958180172)"
,,,,,Finetti,"Paolo,",,,,s. Marco,frezzeria,1582.0,,,marco,San Marco,"(12.336429021479914, 45.43379645347632)"
,,,,,Finco,"Antonio; Vincenzo,",,,,s. Marco,calle larga,362.0,,,marco,San Marco,"(12.33922464624832, 45.43512444080657)"
,,,,,Francesconi,"Amadeo,",,,,s. Martino,campo dell’Arsenale,2398.0,,,martino,Castello,"(12.349639910604454, 45.43469967543851)"
,,,,,Gris,"Vincenzo,",,,,s. M. Glor. dei Frari,calle della Madon.,1969.0,,,maria gloriosa dei frari,San Polo,"(12.33073320986053, 45.43717859026911)"
298,,,,,,,,,,,,,,,,,"(None, None)"
,,,,,Jacotti,"Giuseppe,",,,,s. Marco,spaderia,679.0,,,marco,San Marco,"(12.338664924686942, 45.43561016234249)"
,,,,,Jacotti,"Giuseppe,",,,,s. Silvestro,calle della donzella,966.0,,,silvestro,San Polo,"(12.333391982259457, 45.43840362361836)"
,,,,,Jesurum,"Sara,",,,,s. Marco,ponte dei berretteri,720.0,,,marco,San Marco,"(12.337676546578436, 45.436154228916735)"
,,,,,Lukasiewiez,"Bernardo,",,,,s. Marco,ai leoni,317.0,,,marco,San Marco,"(12.339545386817468, 45.43502008225944)"
,,,,,Mariotti,"Filippo,",,,,s. Marco,frezzeria Ramo II Contarina,1761.0,,,marco,San Marco,"(12.33596925386537, 45.43452965688705)"
,,,,,Melchiorri,"Gio.; Battista,",,,,s. Marco,ponte delle pignate,1017.0,,,marco,San Marco,"(12.336623445412156, 45.435454165605535)"
,,,,,Michieli,"Michele,",,,,s. Salvatore,calle dei fabbri,4747.0,,,salvador,San Marco,"(12.335547144941321, 45.43639137803304)"
,,,,,Milella,"Filippo,",,,,s. Gio. in Bragora,ponte ca di Dio,4091.0,,,giovanni in bragora,Castello,"(12.347964211934938, 45.43363448190422)"
,,,,,Miotto; Faurlin,"Antonio; Francesco,",,,,s. Salv.,ponte rialto,5170.0,,,salvador,San Marco,"(12.336629109793703, 45.43763364540434)"
,,,,,Molinari,"Domenico,",,,,s. Marco,castel cimesin,281.0,,,marco,San Marco,"(None, None)"
,,,,,Molla,"Carlotta,",,,,s. Stefano,calle dei zotti s. Samuele,3149.0,,,stefano,San Marco,"(12.329495799276101, 45.43421995185109)"
,,,,,Ostuzzi,"Valentino,",,,,s. M. Formosa,calle del pistor,5631.0,,,maria formosa,Castello,"(12.338278504717382, 45.437727597797085)"
,,,,,Padovan,"Gio.; Battista,",,,,s. Stefano,salizz. Malipiero,3230.0,,,stefano,San Marco,"(12.328017756749672, 45.43347021616991)"
,,,,,Pegoraro,"Pietro,",,,,s. Marco,calle dei balloni,196.0,,,marco,San Marco,"(None, None)"
,,,,,Persico,"Natale,",,,,s. Stefano,a s. Samuele,3434.0,,,stefano,San Marco,"(12.330279718047958, 45.4341525639265)"
,,,,,Pever’,"Gio.; Battista,",,,,s. Silvestro,riva del vin,728.0,,,silvestro,San Polo,"(12.335118655545092, 45.43785786129734)"
,,,,,Pini,"Luigi,",,,,s. Marco,calle dei specchieri,468.0,,,marco,San Marco,"(12.339115027769486, 45.43564598981371)"
,,,,,Pinzan,"Antonio,",,,,s. Silvestro,ruga s. Giovanni,777.0,,,silvestro,San Polo,"(12.334007690964405, 45.438536764068346)"
,,,,,Pittoni,"Nicold,",,,,s. Canciano,calle Dolfin,5649.0,,,canciano,Cannaregio,"(12.336675202049515, 45.43986863831126)"
,,,,,Pupin,"Bortolommeo,",,,,s. Silvestro,ruga dei spezieri,382.0,,,silvestro,San Polo,"(12.334332827276342, 45.4390940718378)"
,,,,,Quagliatini,"Vincenzo,",,,,s. M. del Giglio,calle della Verona,3675.0,,,maria del giglio,San Marco,"(12.333327154618564, 45.434501892586894)"
,,,,,Rizzardi,"Domenico,",,,,ss. Ermag. e Fort:,rioterri due ponti,1302.0,,,ermargora e fortunato,NO MATCH,"(None, None)"
,,,,,Rondina; Ridottolo," Elena,",,,,s. Stefano,corte vecchia,3504.0,,,stefano,San Marco,"(12.33082154084683, 45.43471969544584)"
,,,,,Rossi,"Antonio,",,,,s. Marco,calle dei fabbri,880.0,,,marco,San Marco,"(None, None)"
,,,,,Rossi,"Bernardo,",,,,s. Luca,ramo va in campo,4104.0,,,luca,San Marco,"(None, None)"
,,,,,Rossi,"Giovanni,",,,,s. Zaccaria,calle delle rasse,4612.0,,,zaccaria,Castello,"(12.341826209007943, 45.43474104142967)"
,,,,,Ruggine,"Pietro,",,,,s. Martino,fond. s. Biaggio,2242.0,,,martino,Castello,"(12.349634703442877, 45.4336351866577)"
,,,,,Sagramora,"Vincenzo,",,,,s. Zaccaria,campo s. Filippo e Giac.,4339.0,,,zaccaria,Castello,"(None, None)"
,,,,,Solerti,"Angelo,",,,,s. Marco,salizz. s. Moisé,1350.0,,,marco,San Marco,"(12.336379686856164, 45.43327769780471)"
,,,,,Ticcd,Guglielmo,"frat.,",,,s. Silvestro,rio terra,1057.0,,,silvestro,San Polo,"(12.332961539839275, 45.43784691035729)"
,,,,,Tisatto,"Giovanni,",,,,s. Salvatore,calle dei spezieri,5249.0,,,salvador,San Marco,"(12.337025933904796, 45.437270762958704)"
,,,,,Tomasi,"Antonio,",,,,s. M. Formosa,calle del pistor,5632.0,,,maria formosa,Castello,"(12.338294128647702, 45.437767502799005)"
,,,,,Vio,"Angelo,",,,detto Genova,ss. Ermag. e Fort.,salizz. s. Fosca,2218.0,,,ermargora e fortunato,NO MATCH,"(None, None)"
,,,,,Visconti,"Gaetano,",,,,ss. Ermagora e Fort.,rioterra della Madd.,2342.0,,,ermargora e fortunato,NO MATCH,"(None, None)"
,,,,,Zaghetti,"Girolamo,",,,,s. Salvatore,calle della bissa,5393.0,,,salvador,San Marco,"(None, None)"
,,SOCIETA’ D’ ASSICURAZIONI. :,,,,,,,,,,,,,,,"(None, None)"
,,,Agenzia Generale per il Lombardo Veneto e Tirolo Italiano dell’ I.R. Privilegiata Riunione Adriatica di Sicurta in Trieste,,,,,,"rapp. da Coen Abramo Floriano,","s, Marco",bocca di piazza,1238.0,,,marco,San Marco,"(12.336697997040364, 45.43377479148032)"
299,,,,,,,,,,,,,,,,,"(None, None)"
,,,"Agenzia dello Stabilimento la Fortuna in Trieste,",,,,,,"rapp. da Lombardo Domenico,",s. Marco,calle larga,658.0,,,marco,San Marco,"(12.33919570138983, 45.43517689218126)"
,,,"Assicurazioni Generali di Trieste e Venezia,",,,,,,"rapp. da Della Vida Samuele,",s. Marco,procuratie vecchie,83.0,,,marco,San Marco,"(12.337202439753574, 45.434090812112935)"
,,,"Banco filiale di Assicurazione,",,,,,,"rapp. da Cosulich Matteo Aniceto,",s.Marco,procuratie nuove,54.0,,,marco,San Marco,"(12.338441366527539, 45.43371391024293)"
,,,"Compagnia d’Assicurazione, di Milano contro i danni degli incendj,rendite vitalizie ec.,",,,,,,"rapp. da Colli Antonio,",s. Canciano,calle Dolfin,6095.0,,,canciano,Cannaregio,"(12.33930757269242, 45.43910615022834)"
,,,"Nuova Societa Commerciale di Assicurazione,",,,,,,"rapp. da Serpos Giuseppe,",s. Marco,sotto le procuratie vecchie.,,,,marco,San Marco,"(None, None)"
,,,"Nuovo Stabilimento Veneto d’Assicurazione,",,,,,,"rapp. da Rosada Angelo, Conomo Giorgio, e Karrer Giovanni,",s. Marco,merceria dell’ orologio.,,,,marco,San Marco,"(None, None)"
,,,"Prima Austriaca Societa d’Assicurazione in Vienna,",,,,,,"rapp. da Gasparini Giorgio,",s. Marco,procuratie vecchie,86.0,,,marco,San Marco,"(12.337222533543159, 45.43414187234312)"
,,,"Rappresentanza per il Lombardo-Veneto dell’I. R. Azienda Assicuratrice di Trieste,",,,,,,"rapp. da Foldi Giovanni e Bruni Vincenzo,",s. Marco,procuratie vecchie,144.0,,,marco,San Marco,"(12.338798638966507, 45.43471497941089)"
,,,"Stabilimento d’ Assicurazione la Provvidenza di Trieste,",,,,,,"rapp. nel Lombardo-Veneto da Santini Antonio,",s. Marco,calle del Pellegrin,290.0,,,marco,San Marco,"(12.338990040528248, 45.43480385220649)"
,,SOCIETA’ MONTANISTICHE.,,,,,,,,,,,,,,,"(None, None)"
,,,"Agenzia della Privilegiata Societ’ Montanistica dell’ Adriatico,",,,,,,"rapp. da Carlo Edoardo Apperle,",s. Eufemia,fond. s. Biaggio,800.0,,,eufemia,Dorsoduro,"(12.32760646736321, 45.42941236538175)"
,,,"Societé Veneta per la ricerca ed escavo dei minerali,",,,,,,"rapp. da Papadopoli Spiridione, Patrich 0’ Conor, Giuseppe de Reali, Schiellin Giacomo e Berti Antonio,",s. Marco,calle dei fabbri,837.0,,,marco,San Marco,"(12.337542009976941, 45.43484645799043)"
,,"SPAZZOLE, PENELLI E FRUSTE.(fabbricatori e venditori di)",,,,,,,,,,,,,,,"(None, None)"
,,,,,Azzalini,"Candido,",,,,s. Zaccaria,calle delle rasse,4620.0,,,zaccaria,Castello,"(12.34184649282469, 45.43495087094876)"
,,,,,Bianchini,"Angelo,",,,"rapp. da Gio. Battista e Luigi Bianchini fu Angelo,",s. Canciano,salizzada,5587.0,,,canciano,Cannaregio,"(12.33720412217634, 45.43973771209566)"
300,,,,,,,,,,,,,,,,,"(None, None)"
,,,,,Gandiani,"Girolamo,",,,Eredi di,s. Zaccaria,campo ss. Filippo e Giacomo,4324.0,,,zaccaria,Castello,"(12.341087674304767, 45.435094460997426)"
,,,,,Gandiani,"Girolamo,",,,,ss. Ermagora e Fort.,rio terra della Maddalena.,,,,ermargora e fortunato,NO MATCH,"(None, None)"
,,,,,Candon.,"Luigi,",,,,s. Canciano.,calle ca Dolfin.,5614.0,,,canciano,Cannaregio,"(12.336873622310415, 45.439791363324616)"
,,,,,Fortunato,,Comp.,,"rapp. da Fortunato Antonio,",s. M. Formosa,in campo,5252.0,,,maria formosa,Castello,"(12.341385024025367, 45.43675267721052)"
,,,,,Indrigo,"Lorenzo,",,,,s. Pietro,Riello,469.0,,,pietro,Castello,"(12.356575343689443, 45.433017428443684)"
,,,,,Lovetti,"Antonio,",,,,s. Marco,merceria s. Giuliano,726.0,,,marco,San Marco,"(12.337781779356357, 45.436004454738885)"
,,,,,Marelli,"Alvise,",,,,s. Eufemia,corte grande II.,566.0,,,eufemia,Dorsoduro,"(12.32941327042452, 45.42927247015941)"
,,,,,Zorzi,"Giuseppe,",,,,s. Zaccaria.,campo s. Provolo,4708.0,,,zaccaria,Castello,"(12.342478977043193, 45.43509774612766)"
,,,,,Zuliani,"Giuseppe,",,,,s. Zaccaria,riva degli Schiavoni,4174.0,,,zaccaria,Castello,"(12.343414488131275, 45.4340779442974)"
,,SPECCHI.,,(fabbricatori di),,,,,,,,,,,,,"(None, None)"
,,,,,Bassani,"Isacco,",,,,s. Marziale,fond. dei Servi,2593.0,,,marziale,Cannaregio,"(12.331062096396675, 45.44527927997741)"
,,,,,Viamin,"Domenico,",,,,ss. Gio. e Paolo,calle della testa,6296.0,,,giovanni e paolo,Castello,"(12.34208004232906, 45.43869123788256)"
,,SPEDITORI.,,,,,,,,,,,,,,,"(None, None)"
,,,,,"Boldrin; Angeli,",,,,,s. Luca,calle dei fuseri,4274.0,,,luca,San Marco,"(12.335270805737188, 45.43552786446098)"
,,,,,Bontempelli,"Luigi,",,,,s. Luca,calle di mezzo,4172.0,,,luca,San Marco,"(12.33444406909211, 45.436749652086746)"
,,,,,Borgato,"Luigi,",,,,ss. Apostoli,rio terra,4659.0,,,apostoli,Cannaregio,"(12.337593390804507, 45.441526342212356)"
,,,,,Bovardi,"Luigi,",,,,s. M. del Giglio,campo s. Fantino,2000.0,,,maria del giglio,San Marco,"(12.334394218864105, 45.433684185166015)"
,,,,,Brull,Ignazio,,,"rapp. da Ermanno Scharl,",s. Maria del Giglio,calle della Verona,1901.0,,,maria del giglio,San Marco,"(12.333692147747655, 45.434184498453504)"
,,,,,Canali,"Camillo,",,,,s. Marco,calle dei preti s. Moisé,1208.0,,,marco,San Marco,"(None, None)"
,,,,,Cicconi;Gentille,G.;D.,,,"rapp. da Gio. Domenico Cicconi e Giacomo Gentille, e p. p. da Luigi Planck,",s. Maria Formosa,calle del Console,6240.0,,,maria formosa,Castello,"(12.341860220726398, 45.43806529641523)"
,,,,,Cigogna,"Eugenio,",,,,ss. Gio. e Paolo,calle dei morti,6814.0,,,giovanni e paolo,Castello,"(12.341201415880306, 45.438931283005616)"
,,,,,Cuniali,Bortol.; Maria,,,,ss. Gio. e Paolo,fondam. s. Gio. Laterano,6391.0,,,giovanni e paolo,Castello,"(12.343940983495553, 45.43761065504698)"
,,,,,Fontanella,Vincenzo,Comp.,,"rapp. da Fontanella Vincenza e Tesia Antonio,",s. Marco,piscina .s. Moisé.,,,,marco,San Marco,"(None, None)"
301,,,,,,,,,,,,,,,,,"(None, None)"
,,,,,"Giussani,",Ghinzani,Comp.,,"rapp. da Giussani Gaetano, Ghinzani Enrico e Perelli Paradisi Napoleone,",s. Canciano,ponte dell' Olio,5786.0,,,canciano,Cannaregio,"(12.336974069973602, 45.43853203036301)"
,,,,,Leiss.,"Josophat; Fortunato,",,,,s. Zaccaria,fond. s. Severo,5001.0,,,zaccaria,Castello,"(12.342658793030711, 45.4371699206056)"
,,,,,Loisement;Stellot,,,,"rapp. da Augusto Loisement,",s. Salvatore,calle bombaseri,5109.0,,,salvador,San Marco,"(12.33598612635773, 45.437285984421365)"
,,,,,Loisement;Stellot,,,,"rapp. da Augusto Loisement,",s. Salvatore,riva del ferro,5122.0,,,salvador,San Marco,"(12.335655436586531, 45.437444550392954)"
,,,,,Mayer,Francesco,Comp.,,"rapp. da Mayer Francesco,","s, Zaccaria",fond. s. Severo,5006.0,,,zaccaria,Castello,"(12.34290515912689, 45.43677142316966)"
,,,,,Pietroboni,Faustino,Comp.,,"rapp. da Faustino Pietroboni e Bini Vincenzo,",s. Luca,corte dei preti,1000.0,,,luca,San Marco,"(12.337149067073362, 45.4355901596352)"
,,,,,Pruckmayer,"Cristoforo,",,,,s. Canciano,campo,6053.0,,,canciano,Cannaregio,"(12.338907373149397, 45.440066560873525)"
,,,,,Rosa,"Valentino,",,,,ss. Gio. e Paolo,fond. s. Gio. Laterano,6386.0,,,giovanni e paolo,Castello,"(12.343098140969094, 45.438219071626314)"
,,,,,Venuti,"Giuseppe; Stufferia,",,,,s. Silves.,sottop. Galizai,1029.0,,,silvestro,San Polo,"(12.333368895889569, 45.43803733708043)"
,,,,,Vivante,Raffaele;Giacomo,,,,"s, Zaccaria",campo ss. Filippo e Giacomo,4475.0,,,zaccaria,Castello,"(12.342293065178907, 45.43548858204202)"
,,,,,Zennaro,,Comp.,,"rapp. da Domenico Zennaro,",s. M. Gloriosa dei Frari,rio terra s. Stin.,,,,maria gloriosa dei frari,San Polo,"(None, None)"
,,,,,Zucchelli,Gaetano,Comp.,,"rapp. da Zucchelli, Gaetano e p. p. da Diana Federico,",s. Gio. in Bragora,,3382.0,,,giovanni in bragora,Castello,"(12.344646645426254, 45.4362164945802)"
,,SPUNGHE.(negoziante di),,,,,,,,,,,,,,,"(None, None)"
,,,,,Cesare,"Michiele,",,,,s. Canciano,salizz. s. Gio. Grisostomo,5875.0,,,canciano,Cannaregio,"(12.337813089220129, 45.43915249075892)"
,,SPIRITI (,,Vedi Liquori ).,,,,,,,,,,,,,"(None, None)"
,,STAMPATORI IN TELA E COTONINE.,,,,,,,,,,,,,,,"(None, None)"
,,,,,Palesa,"Antonio,",,,,"ss, Gerv. e Protasio",alla Carita,1045.0,,,gervasio e protasio,Cannaregio,"(12.323144702799183, 45.44542660298969)"
,,,,,Torri,"Angelo,",,,,s. M. Gloriosa dei Frari,camp. del librer s.Polo,1994.0,,,maria gloriosa dei frari,San Polo,"(12.330403391652617, 45.43710518764902)"
,,"STAMPE INCISE, QUADRI, OGGETTI DI BELLE ARTI E DI ANTICHITA’(negozianti e venditori di)",,,,,,,,,,,,,,,"(None, None)"
,,,,oggetti di ant.,Bianchi,"David,",,,,s. Marziale,fond. e ponte dei Servi,2382.0,,,marziale,Cannaregio,"(12.33141172584414, 45.4438061124712)"
302,,,,,,,,,,,,,,,,,"(None, None)"
,,,,,Brizeghel,"Giovanni,",,,,s. Marco,procuratie veechie,137.0,,,marco,San Marco,"(12.338575975365325, 45.434611914346135)"
,,,,,Engertsberger,"Luigi,",,,,s. Marco,salizz. s.Moisé,1491.0,,,marco,San Marco,"(12.336380010392771, 45.43331987212318)"
,,,,oggetti. di antic.,Grotti,Pietro; Erede,,,di Alvise,s. Silvestro,calle del Paradiso,761.0,,,silvestro,San Polo,"(12.333741491545323, 45.43786861776681)"
,,,,,Habnit,"Giuseppe; Antonio,",,,,s. Marco,procuratie vecchie,102.0,,,marco,San Marco,"(12.337605351122804, 45.43419211027626)"
,,,,,Kier,"Giuseppe,",,,,s. Marco,merceria dell’ qrologio,263.0,,,marco,San Marco,"(12.338575343663145, 45.43523886655287)"
,,,,oggetti diant.,Marini,"Spiridione,",,,,s. M. del Rosario,campo s. Vio,729.0,,,madonna del rosario,Dorsoduro,"(12.330347703253958, 45.430848473542625)"
,,,,,Milani,"Giuseppe,",,,,s. Marco,procuratie nuove,77.0,,,marco,San Marco,"(12.337274420979776, 45.433597729957995)"
,,,,,Miiaster,"Ermanno; Federico,",,,,s. Marco,procuratie nuove,72.0,,,marco,San Marco,"(12.33710293533707, 45.43355274896968)"
,,,,,Miiaster,"Ermanno; Federico,",,,,s. Marco,procuratie nuove,73.0,,,marco,San Marco,"(None, None)"
,,,,,Miiaster,"Ermanno; Federico,",,,,s. Marco,procuratie nuove,74.0,,,marco,San Marco,"(None, None)"
,,,,oggetti di ant.,Porri,"Gio; Battista,",,,,s. Marco,spadaria,690.0,,,marco,San Marco,"(12.338932064669136, 45.43534941277502)"
,,,,oggetti di ant.,Ricchetti,"Consiglio,",,,,ss. Erm. e Fortunato,corte Erizzo,2137.0,,,ermargora e fortunato,NO MATCH,"(None, None)"
,,,,oggetti di ant.,Rietti,"David,",,,,s. Marziale,ghetto nuovo,2910.0,,,marziale,Cannaregio,"(12.327218063193065, 45.44528301055106)"
,,,,,Ripamonti; Carpano, Paolo,,,,s. Marco,procuratie vechie,90.0,,,marco,San Marco,"(12.337364435438326, 45.4340920233254)"
,,,,oggetti di ant.,Roncan,"Giovanni,",,,,s. Gio. in Bragora,calle del Cagnoletto,4079.0,,,giovanni in bragora,Castello,"(12.347761335605902, 45.433970876513904)"
,,,,,Schübeler.,"Giulio,",,,,s.Marco,procuratie vecchie,127.0,,,marco,San Marco,"(12.33824227727151, 45.43446957733914)"
,,,,,Testolini,"Eugenio,",,,,s. Marco,procuratie vecchie,111.0,,,marco,San Marco,"(12.337745275519595, 45.434252061280894)"
,,,,"oggelti di ant. e quadri,",Tironi,"Pier; Antonio,",,,,s. M. del Carmine,calle del traghetto,2795.0,,,maria dei carmini,Dorsoduro,"(12.326697972294374, 45.43317538984222)"
,,,,oggetti di ant.,Vallardi,"Paolo,",,,,s. Marco,bocca di piazza,1231.0,,,marco,San Marco,"(12.336478775730887, 45.433798562829395)"
,,,,oggetti di ant.,Usigli,"Leone,",,,,s. Marziale,fond. Ormesini,1803.0,,,marziale,Cannaregio,"(12.329166097509143, 45.44364951366757)"
,,,,oggetti di ant. e fabb. bollini cartacei.,Zen,"Antonio,",,,,s. Canciano,calle Tron,1959.0,,,canciano,Cannaregio,"(12.329994724016217, 45.44440482855069)"
,,STUFE( Vedi Fumisti ).,,,,,,,,,,,,,,,"(None, None)"
,,STUOJE DI PAVERA E DI BRULLA (,,Fabbricatori e venditori di).,,,,,,,,,,,,,"(None, None)"
,,,"Casa Civica d’ Industria diretta da Giuseppe Vedova,",fabb. e vend.,,,,,,s. Zaccaria,campo s. Lorenzo.,,,,zaccaria,Castello,"(None, None)"
,,,,vend.,Lazzari,"Gaetano,",,,,s. M. del Rosario,calle dello squero,30.0,,,madonna del rosario,Dorsoduro,"(None, None)"
,,,,,Marchiori,"Pujotto; Antonio,",,,,s. Zaccaria,calle del Vin.,,,,zaccaria,Castello,"(None, None)"
,,,,fabb. e vend.,Olivotti,Luigi,,,,s. M. Gloriosa dei Frari,calle Bernardo,2185.0,,,maria gloriosa dei frari,San Polo,"(12.329555513466428, 45.4385594375548)"
303,,,,,,,,,,,,,,,,,"(None, None)"
,,TAGLIAPIETRA.,,,,,,,,,,,,,,,"(None, None)"
,,,,,Bellini,"Angelo,",,,,ss. Gerv.e Prot.,fond. Zattere,1510.0,,,gervasio e protasio,Cannaregio,"(12.325840517760948, 45.44362636188508)"
,,,,,Bellini,"Salvatore,",,,,ss. Erm. e Fort.,calle Loredana,2703.0,,,ermargora e fortunato,NO MATCH,"(None, None)"
,,,,,Bonin,"Giacomo,",,,,ss. Erm. e Fort.,rioterra dietro la Chiesa,1777.0,,,ermargora e fortunato,NO MATCH,"(None, None)"
,,,,,Carati,"Giuseppe,",,,,s. M. Glor. dei Frari,sottop. e calle nuova,2444.0,,,maria gloriosa dei frari,San Polo,"(12.326035092842698, 45.4385501251177)"
,,,,,Cellante,"Giovanni,",,,,s. Simeone Prof.,fond. dei Tolentini,223.0,,,simeon profeta,Santa Croce,"(12.321424949609165, 45.438634911829794)"
,,,,,Dall’ Ore,"Giovanni,",,,,ss. Erm. e Fort,camp. del Remer,1577.0,,,ermargora e fortunato,NO MATCH,"(None, None)"
,,,,,Da Par,"Pietro,",,,,ss. Gerv. e Prot.,fond. zattere,1418.0,,,gervasio e protasio,Cannaregio,"(12.328740895072665, 45.44440504984279)"
,,,,,Dorigo,"Gio.; Antonio,",,,,s. Pantaleone,camp. delle mosche,21.0,,,pantalon,Dorsoduro,"(12.334463817143961, 45.42976607542438)"
,,,,,Dorigo,"Stefano,",,,,s. Nicola da Tolen.,fond. Minotto,135.0,,,nicola da tolentino,Santa Croce,"(12.32256365836667, 45.43668803752562)"
,,,,,Fadiga,"Ignazio,",,,,"s, Pantaleone",calle Foscari,3861.0,,,pantalon,Dorsoduro,"(12.325992722522445, 45.4349602071851)"
,,,,,Fadiga,"Vincenzo,",,,,s. Stefano,ramo del pozzetto s. Maurizio.,2699.0,,,stefano,San Marco,"(None, None)"
,,,,,Fadiga,"Vincenzo,",,,,s. Stefano,calle del Tagliapietra,2705.0,,,stefano,San Marco,"(None, None)"
,,,,,Galvante; Pasetto,"Domenico; Antonio,",,,,s. Simeone Prof. ,fondamenta s. Simeone piccolo.,,,,simeon profeta,Santa Croce,"(None, None)"
,,,,,Gerardi,"Michele,",,,,s. M. Gloriosa dei frari ,rioterra s. Toma,2543.0,,,maria gloriosa dei frari,San Polo,"(12.327074511584227, 45.43771801303528)"
,,,,,Manfrin,"Giuseppe,",,,,s. Marziale,calle del capitello,3153.0,,,marziale,Cannaregio,"(12.327866802204015, 45.44756972712795)"
,,,,,Monello,"Massimiliano,",,,,s. M. Glor. dei Frari,ramo Doanetta,2680.0,,,maria gloriosa dei frari,San Polo,"(12.328319548867013, 45.43700684120179)"
,,,,,Monticelli,"Luigi,",,,,s. Geremia,fond. Savorg,476.0,,,geremia,Cannaregio,"(None, None)"
,,,,,Parocco,"Giuseppe,",,,,s. Nicola da Tolent.,fond. Malcanton,3630.0,,,nicola da tolentino,Santa Croce,"(None, None)"
,,,,,Pompeo,Giovanni.,,,,s. Marziale,corte Zappa,2822.0,,,marziale,Cannaregio,"(12.327599419579483, 45.44616208966941)"
,,,,,Rogantin,"Domenico,",,,,s. Giacomo dall’ Orio,camp. della Comare,1322.0,,,giacomo dall'orio,Santa Croce,"(12.327196448745369, 45.441797881959374)"
,,,,,Rossi,"Francesco,",,,,s. M. del Carmine,fond. del scalctter,2902.0,,,maria dei carmini,Dorsoduro,"(12.32251589874011, 45.4337685582603)"
,,,,,Rumor,"Francesco,",,,,s. Giacomo dall’ Orio,camp. delle stroppe,1039.0,,,giacomo dall'orio,Santa Croce,"(12.326718055297196, 45.43938672072387)"
,,,,,Sacchetto,"Domenico,",,,,s. M. del Rosario,calle della Madonna,3607.0,,,madonna del rosario,Dorsoduro,"(12.322937287991621, 45.4358197762825)"
,,,,,Sartorello,"Giovanni,",,,,s. Giac. dall’ Orio,fond. della Chiesa,1677.0,,,giacomo dall'orio,Santa Croce,"(12.327357607457595, 45.44132520403339)"
,,,,,Spiera,"Angelo,",,,,s. Salvatore,calle del Tagliapietra,4898.0,,,salvador,San Marco,"(12.336785938670603, 45.43601699478748)"
,,,,,Spicra,Giacomo,,,"q. Domenico,",s. Canciano.,sott. e corte Visciera,113.0,,,canciano,Cannaregio,"(12.322365606523402, 45.441655448760436)"
,,,,,Spicra,Giacomo,,,,S. Marziale,fond. della Misericordia,3588.0,,,marziale,Cannaregio,"(12.33360390885062, 45.44371916644952)"
,,,,,Spiera,Giacomo,,,"q. Giuseppe,",s. Marziale,,3588.0,,,marziale,Cannaregio,"(12.33360390885062, 45.44371916644952)"
,,,,,Squario,"Giovanni,",,,,s. M. del Carmine,calle Bonazza,2515.0,,,maria dei carmini,Dorsoduro,"(12.32047469704484, 45.434823628745704)"
,,,,,Tagliapictra,"Vincenzo,",,,,s. Nicola da Tolent.,fond. del Gaffaro,3533.0,,,nicola da tolentino,Santa Croce,"(None, None)"
,,,,,Voltolina,"Vincenzo,",,,,s. M. del Carmine,corte del Tagliapietra,2718.0,,,maria dei carmini,Dorsoduro,"(12.324040707210454, 45.43239715432646)"
,,,,,Zambon,Vincenzo;,,,,ss. Ermag. e Fort.,camp. Lombardo,1959.0,,,ermargora e fortunato,NO MATCH,"(None, None)"
,,TAPPEZZERIE DI CARTA. (,,"Vedi Carta, tappezzerie di)",,,,,,,,,,,,,"(None, None)"
304,,,,,,,,,,,,,,,,,"(None, None)"
,,TAPPEZZIERI.,,,,,,,,,,,,,,,"(None, None)"
,,,,,Benvenuti,"Giovanni,",,,,s. Silvestro,ruga vecchia,781.0,,,silvestro,San Polo,"(12.33387726032252, 45.43839879858068)"
,,,,,Bertoli,"Giuseppe,",,,,s. Marco,calle dei fabbri,829.0,,,marco,San Marco,"(12.337378447579317, 45.43479507632675)"
,,,,,Biaggi,"Ortensio,",,,,s. Pantaleone,ramo camp. delle mosche,53.0,,,pantalon,Dorsoduro,"(12.334096658098016, 45.429598628931444)"
,,,,,Boldaria,"Francesco,",,,,s. Zaccaria,campo ss. Filippo e Giacomo,4334.0,,,zaccaria,Castello,"(12.341163140852832, 45.435121513630015)"
,,,,,Chiurlotto,"Bernardo,",,,,s. Felice,campo s. Sofia,4196.0,,,felice,Cannaregio,"(12.334757569268604, 45.44081870965885)"
,,,,,Costola,"Domenico,",,,,s.M. del Giglio,calle lunga s. Moisé,2397.0,,,maria del giglio,San Marco,"(12.334219864230139, 45.43289895799536)"
,,,,,Lagrecacolonna,"Enrico,",,,,s. Stefano,campo s. Maurizio,2605.0,,,stefano,San Marco,"(12.3317097896328, 45.43292371552738)"
,,,,,Manfren,"Giorgio,",,,,s. Marco,spaderia,662.0,,,marco,San Marco,"(12.339085563493862, 45.43521311286672)"
,,,,,Manfren,"Giorgio,",,,,s. Marco,spaderia,663.0,,,marco,San Marco,"(12.339075087864769, 45.43522782560166)"
,,,,,Mescalchi,"Marco,",,,,s. Stefano,s. Maurizio calle del Dose,,,,stefano,San Marco,"(None, None)"
,,,,,Michieli,"Antonio,",,,,s. Marco,rioterra delle Colonne,987.0,,,marco,San Marco,"(12.337185241113719, 45.43527291973378)"
,,,,,Pantaleo,,"fratelli,",,,s. M. Glor. dei Frari,ponte s. Toma,2806.0,,,maria gloriosa dei frari,San Polo,"(12.327951265623511, 45.43616229241844)"
,,,,,Prendini,"Gio.; Battista,",,,,s. M. Formosa,campo s. Lio,5661.0,,,maria formosa,Castello,"(12.338589467186775, 45.43767755051661)"
,,,,,Quaggetto,"Stefano,",,,,s. Stefano,sotto i chiostri,3542.0,,,stefano,San Marco,"(None, None)"
,,,,,Stainer,"Domenico,",,,,s. Luca,fond. del Carbon.,4136.0,,,luca,San Marco,"(12.333773950562863, 45.436499248223846)"
,,,,,Tagliapietra,"Andrea,",,,,ss. Apostoli,campo,4463.0,,,apostoli,Cannaregio,"(12.336796352737387, 45.44032278248721)"
,,,,,Taolin,"Antonio,",,,,ss. Ermag. e Fortunato,rioterré,2081.0,,,ermargora e fortunato,NO MATCH,"(None, None)"
,,,,,Tiepolo,"Giuseppe,",,,,s. Marco,campo delta guerra,522.0,,,marco,San Marco,"(12.338931847383229, 45.436083312235645)"
,,,,,Valle,"Paolo,",,,,s. M. Formosa,campo s. Marina,6099.0,,,maria formosa,Castello,"(12.339587203290227, 45.43836507348878)"
,,,,,Vecechina; Andrighetti,"Lucrezia; Antonio,",,,,s. Marco,calle del Ridotto,1351.0,,,marco,San Marco,"(12.336389162035372, 45.433203679024984)"
,,,,,Veronese,"Gio.; Battista,",,,,s. M. del Giglio,campo s. Fantin,1915.0,,,maria del giglio,San Marco,"(12.333777315836794, 45.434051557608015)"
,,,,,Visentini,"Marco,",,,,s. Luca,calle della Chiesa,4026.0,,,luca,San Marco,"(12.334330367722474, 45.435523750794)"
,,,,,Zanardi,"Carlo,",,,,s. M. del Carmine,campo s. Barnaba,3768.0,,,maria dei carmini,Dorsoduro,"(12.324702579004054, 45.436102598775115)"
,,TELE CERATE,,(fabbricatori e venditori di),,,,,,,,,,,,,"(None, None)"
,,,,vend.,Chitarin,"Lorenzo,",,,,s. Salvatore,Merceria,5027.0,,,salvador,San Marco,"(12.336648715564369, 45.43689867843009)"
,,,,,Rocchi,Domenico.,,,,s. Nicola da Tolentino,campo s. Andrea,480.0,,,nicola da tolentino,Santa Croce,"(None, None)"
,,TELE FINE E GREGGIE(negozianti di),,,,,,,,,,,,,,,"(None, None)"
,,,,,Berlendis,"Giuseppe,",,,,s. Marco,calle dei pignoli,746.0,,,marco,San Marco,"(12.338169034089924, 45.43569326719038)"
,,,,,Brinis,"Andrea,",,,,s. Luca,camp. della Malvasia,4411.0,,,luca,San Marco,"(12.335717233845441, 45.4351730636603)"
,,,,,Capri,"Giuseppe,",,,,s. Marziale,campo dei fiori s. Fosca,2243.0,,,marziale,Cannaregio,"(12.332291269004697, 45.44239314522079)"
305,,,,,,,,,,,,,,,,,"(None, None)"
,,,,,Chiarabba,"Guglielmo,",,,,ss. Ermag. e Fort.,campo s. Fosca,2223.0,,,ermargora e fortunato,NO MATCH,"(None, None)"
,,,,,Chielin,"Giovanni,",,,,s. Zaccaria,riva degli Schiavoni,4183.0,,,zaccaria,Castello,"(12.343050373060633, 45.43405996453678)"
,,,,,Chitarin,Giovanni,,,"fu Matteo,",s. Salvatore,fondaco Tedeschi,5349.0,,,salvador,San Marco,"(12.336771484097886, 45.43804611330393)"
,,,,,Cogo,"Alvise,",,,,s. Zaccaria,riva degli Schiavoni,4172.0,,,zaccaria,Castello,"(12.343452625013581, 45.43408079734747)"
,,,,,Frenkel,"Natale,",,,,s. Marco,all’ Ascensione,1243.0,,,marco,San Marco,"(12.33723722199838, 45.43309712057428)"
,,,,,Graputto,"Giacomo,",,,,s. Pietro,,86.0,,,pietro,Castello,"(None, None)"
,,,,,Graputto,"Giovanni,",,,,s. Eufemia,,609.0,,,eufemia,Dorsoduro,"(12.329351277286033, 45.42983778438126)"
,,,,,Marchesini,"Vincenzo,",,,,s. Martino,s. Biagio,2133.0,,,martino,Castello,"(None, None)"
,,,,,Molena,"Lorenzo,",,,,s. Pietro,via nuova,1827.0,,,pietro,Castello,"(12.355547897012077, 45.43257983639735)"
,,,,,,"Antonio,",,,,s. Silvestro,campo dei Meloni,1415.0,,,silvestro,San Polo,"(12.331179106064004, 45.437306937333695)"
,,,,,Rigo,"Antonio,",,,,s. Salvatore,calle dell’ Orso,5515.0,,,salvador,San Marco,"(12.337372579203402, 45.43822067769375)"
,,,,,Rigo,"Pietro,",,,,s. M. del Rosario,fond. Zorzi,370.0,,,madonna del rosario,Dorsoduro,"(12.33113692787986, 45.43031004289851)"
,,,,,Zanier,"Valentino,",,,,s. Silvestro,sottop. s Giacometto,57.0,,,silvestro,San Polo,"(12.334863380771804, 45.43868615114335)"
,,,,,Zanier,"Valentino,",,,,s. Silvestro,sottop. s Giacometto,58.0,,,silvestro,San Polo,"(12.33488108009448, 45.43867409853786)"
,,,,,Zevi,David,,,,s. Marco,merceria dell’ orologio,260.0,,,marco,San Marco,"(12.338515204580293, 45.43533275471828)"
,,TERIACA (,,Vedi Olii Medicinali ).,,,,,,,,,,,,,"(None, None)"
,,"TERRAGLIE, PORCELLANE, VETRI E CRISTALLL(negoz. e venditori di)",,,,,,,,,,,,,,,"(None, None)"
,,,,,Baretta,"Domenico,",,,,ss. Gio. e Paolo,barbaria delle tavole,6476.0,,,giovanni e paolo,Castello,"(12.344659794208665, 45.4385257639132)"
,,,,,Baretta,"Domenico,",,,"rapp. da Rossi Giuseppe,",s. Salvatore,merceria,4924.0,,,salvador,San Marco,"(12.33739974262937, 45.43627365135688)"
,,,,,Caviola,Antonio,,,"rapp. da Caviola Giuseppe,",s. Salvatore,calle del lovo,4773.0,,,salvador,San Marco,"(12.335605302030226, 45.43648505547863)"
,,,,,Caviola,Antonio,,,"rapp. da Caviola Giuseppe,",s. Salvatore,calle del lovo,4774.0,,,salvador,San Marco,"(None, None)"
,,,,,Caviola,Antonio,,,"rapp. da Caviola Giuseppe,",s. Salvatore,calle del lovo,4775.0,,,salvador,San Marco,"(12.335533710511992, 45.436450571910605)"
,,,,,Cian,"Antonio,",,,,s. M. Formosa,salizz. s. Lio,5817.0,,,maria formosa,Castello,"(12.339808333766177, 45.436874254199395)"
,,,,,Cieci,"Giovanni,",,,,s. Silvestro,rioterra di carampane,1911.0,,,silvestro,San Polo,"(12.331090206818951, 45.438667878864024)"
,,,,"rapp. la Ditta Cessionarj della Vetreria Marietti,",Colli,Antonio,,,,s.Canciano,calle Dolfin,6095.0,,,canciano,Cannaregio,"(12.33930757269242, 45.43910615022834)"
,,,,,Dabala,"Elena,",,,,ss. Gerv. e Prot.,calle Taoletta,1230.0,,,gervasio e protasio,Cannaregio,"(12.325808693527886, 45.44469882883681)"
,,,,,Dalla Man,"Leone,",,,,ss. Ermag. e Fort.,rio terra due ponti,1316.0,,,ermargora e fortunato,NO MATCH,"(None, None)"
,,,,,Dal Maschio,"Marino,",,,,s M. del Carmine,campo s. Barn.,2848.0,,,maria dei carmini,Dorsoduro,"(12.324572044629628, 45.43292152202654)"
,,,,,Dal Savio,"Agostino,",,,,s. Silvestro,ruga dei spezieri,297.0,,,silvestro,San Polo,"(12.334031804717972, 45.43927768073002)"
306,,,,,,,,,,,,,,,,,"(None, None)"
,,,,,Dorigo,"Giacomo,",,,,s. Salvatore,a s. Bartol.,5164.0,,,salvador,San Marco,"(12.336279301179234, 45.437824836414585)"
,,,,,Duregatti,"Antonio,",,,,s. Marco,merceria dell’orologio,265.0,,,marco,San Marco,"(12.338615877578457, 45.43517326931152)"
,,,,,Facchin,"Chiara,",,,,s. Salvatore,calle della bissa,5466.0,,,salvador,San Marco,"(12.33764908221455, 45.43773989320651)"
,,,,,Fanna,Antonio,,,rapp. da Arpalice Manin,s. Marco,procuratie vecchie,124.0,,,marco,San Marco,"(12.338137429889265, 45.434424855289905)"
,,,,,Fanna,Antonio,,,rapp. da Arpalice Manin,s. Marco,procuratie vecchie,125.0,,,marco,San Marco,"(12.33817604070149, 45.434441324510296)"
,,,,,Fonda,"Angelo,",,,,s. Salvatore,ramo fond. Tedeschi,5368.0,,,salvador,San Marco,"(12.336556999355325, 45.43783882454495)"
,,,,,Gavazzi,Erede,,,di Giuseppe,ss. Ermag. e Fort.,calle dell’aseo,1864.0,,,ermargora e fortunato,NO MATCH,"(None, None)"
,,,,,Gruppi,"Maria,",,,,s. M. Formosa,calle lunga,5224.0,,,maria formosa,Castello,"(12.341797788088012, 45.437697351288726)"
,,,,,Indrigo,"Catterina,",,,,s. Francesco,salizz. ,3165.0,,,francesco,Castello,"(None, None)"
,,,,,Jnsom,"Giovanni,",,,,s. Marco,procuratie vecchie,114.0,,,marco,San Marco,"(12.337836360675437, 45.43429361558293)"
,,,,,Karrer,Giacomo,Comp.,,"rapp. da Karrer Giacomo, Karrer Giorgio Enrico, Karrer Cesare Federico e Mazza Federico,",s. Marziale,fond. Ormesini,2687.0,,,marziale,Cannaregio,"(12.329124966429076, 45.44538859882673)"
,,,,,Lisandri,"Eugenio,",,,,s. Silvestro,calle dei sansoni,956.0,,,silvestro,San Polo,"(12.333220569377165, 45.43852718941389)"
,,,,,Lotti,"Giovanni,",,,,s. Gio. in Bragora,rio terra s. Antonino,3475.0,,,giovanni in bragora,Castello,"(12.346282527998316, 45.43545919260796)"
,,,,,Marchesi,"Alessandro,",,,,s. Marco,all’Ascensione,1255.0,,,marco,San Marco,"(12.337077286097509, 45.43342652562229)"
,,,,,Martini,"Gio.; Maria,",,,,s. Silvestro,calle due mori ,415.0,,,silvestro,San Polo,"(12.334244345060291, 45.438780788733986)"
,,,,,Marzollo,"Pietro,",,,,s. Simeone Prof.,rio Marin,779.0,,,simeon profeta,Santa Croce,"(12.324748757426024, 45.43965980473724)"
,,,,,Masini,"Teresa,",,,ved. Rondina,s. Luca,salizz.,4150.0,,,luca,San Marco,"(12.334735730200036, 45.43580047605079)"
,,,,,Massa,"Speranza,",,,,ss. Ermag. e Fort.,rio terra due ponti,1524.0,,,ermargora e fortunato,NO MATCH,"(None, None)"
,,,,,Mellatti,"Maria,",,,,s. M. Glor. dei Frari,"fond, Zen",2592.0,,,maria gloriosa dei frari,San Polo,"(12.32732086606508, 45.4372492966625)"
,,,,(fabb. camm. da pipa),Meneghetti,"Carlo,",,,,s. M. del Rosario,calle delMonaster,394.0,,,madonna del rosario,Dorsoduro,"(12.33207242980681, 45.42949463073457)"
,,,,,Michieli,"Sante,",,,,s. M. del Rosario,fond. bacala,199.0,,,madonna del rosario,Dorsoduro,"(12.332672007659944, 45.43058192751946)"
,,,,,Miloeco,"Sebastiano,",,,,s. Canciano,salizz.,5934.0,,,canciano,Cannaregio,"(12.337857034524168, 45.439721223738076)"
,,,,,Mini,"Vincenzo,",,,,s. M. Formosa,salizz. s. Lio,5691.0,,,maria formosa,Castello,"(12.339106108541442, 45.43733912556162)"
,,,,,Morelli,"Luigi,",,,,s. M. del Giglio,calle lunga s. Moisé,2378.0,,,maria del giglio,San Marco,"(12.33400239325982, 45.432789055380425)"
,,,,,Olivieri,"Pompeo,",,,,s. Cassiano,camp. del spezier,2039.0,,,cassiano,Santa Croce,"(12.330120382088692, 45.44023811685078)"
,,,,,Ongaro,"Liberale,",,,,s. Marco,calle larga,376.0,,,marco,San Marco,"(12.339887849570408, 45.43530348431403)"
,,,,,Pascotto,"Antonio,",,,,s. Zaccaria,campo ss. Filippo e Giac.,4299.0,,,zaccaria,Castello,"(12.340883437823432, 45.43503192034689)"
,,,,,Picchiotto,"Comis; Enrichetta,",,,,ss. Apostoli,,4451.0,,,apostoli,Cannaregio,"(12.33643240483013, 45.44015626523381)"
,,,,,Plona,"Domenico,",,,,s. Marco,frezzeria,1254.0,,,marco,San Marco,"(12.337082788143261, 45.43338381043762)"
,,,,,Podreider,,fratelli,,"rapp. da Podreider Pietro,",s. Marco,merceria del l'orologio,190.0,,,marco,San Marco,"(None, None)"
,,,,,Rondina,"Anna,",,,,s. Canciano,ponte dell’ olio,5787.0,,,canciano,Cannaregio,"(12.33705658103368, 45.43852194619946)"
,,,,,Rossetti,"Gaetano,",,,,s. Pietro,via nuova,1726.0,,,pietro,Castello,"(12.351652004216378, 45.4321888435403)"
,,,,"antica fabbrica di stoviglie A. Fontebasso di Treviso,",Societi,Anonima,,,,s. Salvatore,a s. Bartol.,5555.0,,,salvador,San Marco,"(12.336981437317402, 45.438265793395146)"
,,,,,Sbrignadello,"Giuditta,",,,,s. Pietro,via nuova,1774.0,,,pietro,Castello,"(12.35269961851088, 45.43231616889902)"
307,,,,,,,,,,,,,,,,,"(None, None)"
,,,,,Stellotto,"Giacomo,",,,,s. Luca,calle dei fabbri,4684.0,,,luca,San Marco,"(12.336506468854202, 45.43553131713734)"
,,,,,Tarreghetta,"Giuseppe,",,,,s. Marco,frezzeria,1643.0,,,marco,San Marco,"(12.336270363958139, 45.43409422599822)"
,,,,,Tarreghetta,"Giuseppe,",,,,s. Marco,frezzeria,1176.0,,,marco,San Marco,"(12.336385398766062, 45.43415390039264)"
,,,,,Walnéffner,Luigi,,,"rapp. anche p. p. dal fratello Francesco,",s. Marco,frezzeria,1583.0,,,marco,San Marco,"(12.33625479620662, 45.43380788459912)"
,,,,,Zanon,"Angelo,",,,,s. Felice,campo s. Sofia,4206.0,,,felice,Cannaregio,"(12.334903801627885, 45.440751016810275)"
,,,,,Zecchini,"Antonio,",,,,s. Marziale,fond. della Miseric.,2503.0,,,marziale,Cannaregio,"(12.332847036754417, 45.44418099325926)"
,,,,,Zanetti,"Gio.; Battista,",,,,s. Salvatore,ponte di rialto,5335.0,,,salvador,San Marco,"(12.33626278248896, 45.43798959151026)"
,,,,,Zuffi,"Giuseppe,",,,,s. Felice,ponte Noal,3657.0,,,felice,Cannaregio,"(None, None)"
,,,,,Zupin,"Giovanni,",,,,s. Zaccaria,riva dei schiavoni,4151.0,,,zaccaria,Castello,"(12.34464329456239, 45.434066178537556)"
,,TERRAZZAJ.,,,,,,,,,,,,,,,"(None, None)"
,,,,,Crovato,"Francesco,",,,,s. Canciano,calle Noris,5581.0,,,canciano,Cannaregio,"(12.337399725992018, 45.43968549324716)"
,,,,,Crovato, Giuseppe,,,,ss.Apostoli,rioterrà,4757.0,,,apostoli,Cannaregio,"(12.338443755992838, 45.44157330825127)"
,,,,,Mander,Romualdo,,,,s.Canciano,rioterrà,5412.0,,,canciano,Cannaregio,"(12.3395929389477, 45.44015771840448)"
,,TESSITORI (Vedi Filatori),,,,,,,,,,,,,,,"(None, None)"
,,TESSUTI D’ ORO E D’ ARGENTO(fabbric. e negoz. di),,,,,,,,,,,,,,,"(None, None)"
,,,,,Agnino,Gio.Battista,fratelli,,"rapp. da Agnino Gio. Battista,",s. Salvatore,campo s. Bartolomeo,5045.0,,,salvador,San Marco,"(None, None)"
,,,,,Agnino,Tommaso,,,,s. Salvatore,merceria,4917.0,,,salvador,San Marco,"(12.33709165797059, 45.436361911485584)"
,,,,,Agugiano,,fratelli,,rapp. da Agugiano Giovanni;,s. Canciano,salizz. s.Gio. Grisostomo,5693.0,,,canciano,Cannaregio,"(12.336994748658753, 45.4394125823908)"
,,,,,Panciera,"Giacomo,",,,,s. Salvatore,calle della Bissa,5420.0,,,salvador,San Marco,"(12.33716924651461, 45.43763770321611)"
,,"TINTORI, IMBIANCATORI E RINNOVATORI DI STOFFE.",,,,,,,,,,,,,,,"(None, None)"
,,,,,Bruni,"Vincenzo,",,,,s. M. Glori. dei Frari,"campo s, Toma",2846.0,,,maria gloriosa dei frari,San Polo,"(12.327375384034665, 45.43614596093873)"
,,,,,Cini Francesco Erede,"Tarma,",,,rapp. da Antonio Cini,s. Giacomo dall’ Orio,sottop. e corte Giovanelli,1681.0,,,giacomo dall'orio,Santa Croce,"(12.327617869407394, 45.442008488069106)"
308,,,,,,,,,,,,,,,,,"(None, None)"
,,,,,Manfroi,Angela,,,"fu Marco,",s. M. Formosa,ponte della guerra,5366.0,,,maria formosa,Castello,"(12.33938520947555, 45.43638890817885)"
,,,,,Michieli,Gio.; Battista,,,,s. Luca,camp. della cortesia,3047.0,,,luca,San Marco,"(12.328344373022583, 45.43280097828119)"
,,,,,Michieli,"Lorenzo,",,,,s. Luca,calle del carbon,4160.0,,,luca,San Marco,"(None, None)"
,,,,,Molin.,"Vettore,",,,,s. Felice,fondamenta,3608.0,,,felice,Cannaregio,"(12.33419843061531, 45.44251719131681)"
,,,,,Pajero,"Gio.; Battista,",,,,ss. Apostoli,calle larga dei proverbi,4565.0,,,apostoli,Cannaregio,"(12.337216662613624, 45.44093122201348)"
,,,,,Rubelli,Francesco,,,"q. Cesare rapp. da Giacomo Rubelli,",s. Gio in Bragora,calle pieta,3695.0,,,giovanni in bragora,Castello,"(12.3450515479467, 45.43490419818507)"
,,,,,Venturini,"Lorenzo,",,,,s. Maria Formosa,campiello del piovan a s. Marina,6058.0,,,maria formosa,Castello,"(12.339062834588965, 45.43873378612365)"
,,,,,Weber,"Domeniee,",,,,s. Gio. in Bragora,salizz. del pignater,3589.0,,,giovanni in bragora,Castello,"(12.347311000884748, 45.434958971468156)"
,,,,,Zanini,"Federico,",,,,s. M. Formosa,ponte del mondo novo,5799.0,,,maria formosa,Castello,"(12.340318742073764, 45.43715863704828)"
,,,,,Zannoni,"Gio.; Battista,",,,,s. Luca,calle dei fabbri,4672.0,,,luca,San Marco,"(12.335944266557874, 45.43592117623617)"
,,,,,Zuanelli,Andrea,,,,Angelo Raff.,fond. Briati,2537.0,,,angelo raffaele,NO MATCH,"(None, None)"
,,TIPOGRAFI.,,,,,,,,,,,,,,,"(None, None)"
,,,,,Andreola,"Gio.; Battista,",,,,s. Marco,calle dei fabbri,,,,marco,San Marco,"(None, None)"
,,,,,Antonelli,"Giuseppe,",,,,s. Marziale,fond. della Miseric.,3597.0,,,marziale,Cannaregio,"(12.333974065209759, 45.4434645077383)"
,,,,,Battaggia,"Giuseppe,",,,,s. Giac.,dall’Orio ponte del meggio,1755.0,,,giacomo,Santa Croce,"(12.328447345623053, 45.44117675518125)"
,,,,,Cecchini,"Giovanni,",,,,s. Silvestro,calle della malvasia.,,,,silvestro,San Polo,"(None, None)"
,,,,,Clementi,"Antonio,",,,,s. Zaccaria,calle del figher,4364.0,,,zaccaria,Castello,"(None, None)"
,,,,"prop. anche dalla tipografia Greca,",Filippi,Antonio,,,"di Tommaso,",ss. Gio. e Paolo,calle della testa,6231.0,,,giovanni e paolo,Castello,"(12.341824692026893, 45.43773072391412)"
,,,,,Fontana,"Melchiorre,",,,,s. Giac. dall’ Orio,Ramo Isola,1481.0,,,giacomo dall'orio,Santa Croce,"(12.32732952000085, 45.44087132000897)"
,,,,,Gaspari,"Lorenzo,",,,,s. Felice,calle Salamon,3613.0,,,felice,Cannaregio,"(12.333760797071593, 45.44248475891661)"
,,,,,Gattei,"Lorenzo,",,,,s. M. del Giglio,"a s, Fantino",2000.0,,,maria del giglio,San Marco,"(12.334394218864105, 45.433684185166015)"
,,,,,Gattei,"Teresa,",,,,s. Stefano,corte Corner,3379.0,,,stefano,San Marco,"(12.329423835995854, 45.43479843399355)"
,,,,,Grimaldo,"Giuseppe,",,,,s. Nicola da Tolent.,fond. Condulmer,268.0,,,nicola da tolentino,Santa Croce,"(12.32099087476422, 45.43716982246163)"
,,,,,Locatelli,"Tommaso,",,,,s. M. Formosa,calle Pinelli,6257.0,,,maria formosa,Castello,"(12.342131642442617, 45.438035221360785)"
,,,,,Longo,Gaetano,,,"rapp. anche da Antonio Coana,",s. Luca,salizz. s.Paternian,4221.0,,,luca,San Marco,"(None, None)"
,,,,,Longo,Gaetano,,,"rapp. anche da Antonio Coana,",s. Luca,salizz. s.Paternian,4224.0,,,luca,San Marco,"(None, None)"
,,,,,Marlinengo,"Sante,",,,,s. M. Glor. dei Frari,"a s, Toma",2812.0,,,maria gloriosa dei frari,San Polo,"(12.328223517031397, 45.435790175398104)"
,,,,,Merlo,"Gio.; Battista,",,,,s. Silvestro,campo s. Aponal,1252.0,,,silvestro,San Polo,"(12.332335065025509, 45.43797966619027)"
,,,,,Molinari,"Michiele,",,,,s. Luca,calle delle locande,4521.0,,,luca,San Marco,"(12.336162229210963, 45.4355543410944)"
,,,,,Naratovich,"Pietro,",,,,s. Silvestro,calle Bollani a s. Aponal,1296.0,,,silvestro,San Polo,"(12.331828077822545, 45.43797794651792)"
,,,,,Perini; Fortunato," Antonio,",,,,s. Canciano,ponte della panada,5400.0,,,canciano,Cannaregio,"(12.339985243733254, 45.43988129710908)"
,,,,,Rizzi,"Vincenzo,",,,,s. Marco,frezzeria,1700.0,,,marco,San Marco,"(12.335808138875217, 45.43445632266286)"
,,,,,Tasso,"Girolamo,",,,,s. M. Glor. dei Frari,campo s. Polo,2158.0,,,maria gloriosa dei frari,San Polo,"(12.329549468732104, 45.438069189140236)"
309,,,,,,,,,,,,,,,,,"(None, None)"
,,,,,Tondelli,"Sebastiano,",,,,s. Salvatore,calle dei stagneri,5236.0,,,salvador,San Marco,"(12.337235098319475, 45.43719318023338)"
,,,,,Triantafilo,"Cristo,",,,,s. Zaccaria,fond. s. Lorenzo,5049.0,,,zaccaria,Castello,"(12.344216390950882, 45.43655373824669)"
,,,,,Visentini,Marco,,,"rapp. anche da Giordani Giuseppe,",s. Luca,palazzo Orfei s. Benedetto,3780.0,,,luca,San Marco,"(12.33222865326948, 45.43522513307187)"
,,TORNITORI.,,,,,,,,,,,,,,,"(None, None)"
,,,,,Baldan,"Pietro,",,,,s. Pietro,rio della tana,1950.0,,,pietro,Castello,"(12.353554445290337, 45.43303763050521)"
,,,,,Ballarin,"Angelo,",,,,s. Silvestro,ruga degli orefici,43.0,,,silvestro,San Polo,"(12.33473924324559, 45.43883622682944)"
,,,,,Ballarin,"Tommaso,",,,,s. Zaccaria,fond. dietro rugagiuffa,4801.0,,,zaccaria,Castello,"(12.341335266947445, 45.43609396720577)"
,,,,,Ballarin,"Vincenzo,",,,,s. Silvestro,sottop. rialto,54.0,,,silvestro,San Polo,"(12.33473118266489, 45.43877617928025)"
,,,,,Candoni,"Giovanni,",,,,s. Marco,calle fiubera,819.0,,,marco,San Marco,"(12.33761041142695, 45.43506240793419)"
,,,,,Canella,"Vincenzo,",,,,s. Salvatore,calle dei bombaseri,5079.0,,,salvador,San Marco,"(None, None)"
,,,,,Chiribiri,"Lorenzo,",,,,s. M. Formosa,calle delle vele,5665.0,,,maria formosa,Castello,"(12.338847079486499, 45.437589086095436)"
,,,,,Chiribiri,"Pietro,",,,,s. Pietro,via nuova,1513.0,,,pietro,Castello,"(12.353255638212003, 45.432229595287254)"
,,,,,Fantini,"Carlo,",,,,s. Marco,calle fiubera,815.0,,,marco,San Marco,"(12.337725322091721, 45.43512735533744)"
,,,,,Fasan,"Antonio,",,,,s. Canciano,calle Dolfin,5610.0,,,canciano,Cannaregio,"(12.336874543298752, 45.43978472448755)"
,,,,,Grando,"Giuseppe,",,,,s. M. del Giglio,calle lunga s. Moisé,2400.0,,,maria del giglio,San Marco,"(12.334119798110315, 45.4328820261531)"
,,,,,Lanza,"Giuseppe,",,,,s. Marco,calle dei specchieri,628.0,,,marco,San Marco,"(12.33905850596573, 45.43565948298139)"
,,,,,Livan,"Gaetano,",,,,s. Marco,ramo dei fuseri,1805.0,,,marco,San Marco,"(12.335471740697287, 45.434529334257974)"
,,,,,Longhi,"Giacomo,",,,,ss. Gio. e Paolo,sottop. e corte Veniera,6294.0,,,giovanni e paolo,Castello,"(12.342101012466943, 45.43874878129945)"
,,,,,Marchesan,"Giuseppe,",,,,s. Pietro,via nuova,1626.0,,,pietro,Castello,"(12.351660375119378, 45.43203159565224)"
,,,,,Masetto,"Giuseppe,",,,,s. Salvatore,calle della bissa,5440.0,,,salvador,San Marco,"(12.337192640764888, 45.43759992212809)"
,,,,,Moro,"Andrea,",,,,s. M. Formosa,calle del pistor,5641.0,,,maria formosa,Castello,"(12.338338210578863, 45.43788226536486)"
,,,,,Olivo,"Andrea,",,,,s. M. Formosa,salizz. s. Lio,5706.0,,,maria formosa,Castello,"(12.339216538281839, 45.43729733786219)"
,,,,,Paggiaro,"Antonio,",,,,s. Gio. in Bragora,calle crosera,3925.0,,,giovanni in bragora,Castello,"(12.347695480206417, 45.43436576522967)"
,,,,,Saverio,"Gio.; Battista,",,,,s. M. Glor. dei Frari,campo s. Rocco,3132.0,,,maria gloriosa dei frari,San Polo,"(12.325547765181412, 45.436256194780015)"
,,,,,Semini,"Gio.; Battista,",,,,s. Salv.,calle al ponte del lovo,4756.0,,,salvador,San Marco,"(12.335812554894266, 45.4365174572355)"
,,,,,Speel,"Domenico,",,,,s. Salvatore,in campo,4827.0,,,salvador,San Marco,"(12.336272505059519, 45.43692333047448)"
,,,,,Veghis,"Pietro,",,,,s. M. del Carmine,camp. dei Squellini,3276.0,,,maria dei carmini,Dorsoduro,"(12.325639335509562, 45.43420165905445)"
,,,,,Veggi,"Antonio,",,,,s. M. Glor. dei Frari,calle della Madonn.,1970.0,,,maria gloriosa dei frari,San Polo,"(12.330689957783889, 45.437213001925855)"
,,,,,Zanon,"Giovanni,",,,,s. M. Gloriosa dei Frari,calle del Cristo,2211.0,,,maria gloriosa dei frari,San Polo,"(12.329614574767968, 45.43902338095069)"
,,TUBI DI PIOMBO.,,(fabbric. di),,,,,,,,,,,,,"(None, None)"
,,,,,Baroggi,Bernardo.,,,,s. Marco,calle dei fabbri,930.0,,,marco,San Marco,"(12.337130802605975, 45.43498658942378)"
,,,,,Beaufré;Faido,,,,"rapp. da Giulio Beaufré ed Alessandro Faido,",s.Zaccaria,fond. dell’osmarin,4976.0,,,zaccaria,Castello,"(12.343785221394205, 45.43565202834901)"
,,,,(tubi di piombo a pressione idraulica senza saldature e con privilegio della spedizione all’ estero).,Pegoretti,"Giovanni,",,,,s. Zaccaria,fond. s. Severo,5136.0,,,zaccaria,Castello,"(12.342599439202784, 45.437250944747376)"
310,,,,,,,,,,,,,,,,,"(None, None)"
,,VALIGIE E BAULI.,,(fabbric. e vendit. di),,,,,,,,,,,,,"(None, None)"
,,,,,Bertoli,"Giuseppe,",,,,s. Marco,calle fiubera,829.0,,,marco,San Marco,"(12.337378447579317, 45.43479507632675)"
,,,,,Memmensch,"Pietro,",,,,s. Marco,frezzeria,1499.0,,,marco,San Marco,"(None, None)"
,,,,,Robolati,"Ruggero,",,,,s. M. Glor. dei Frari,castel forte s. Rocco,3101.0,,,maria gloriosa dei frari,San Polo,"(12.324626878254078, 45.43686849846029)"
,,,,,Visentini,"Giovanni,",,,,s. Luca,calle del lovo,4821.0,,,luca,San Marco,"(12.335973874870202, 45.43669450145682)"
,,,,,Visentini,"Marco,",,,,s. Luca,salizz. della chiesa a s. Paternian,4026.0,,,luca,San Marco,"(12.334330367722474, 45.435523750794)"
,,,,,Zarbin,"Francesco,",,,,s. Luca,calle dei fuseri,4273.0,,,luca,San Marco,"(12.335265769999062, 45.43556989017627)"
,,,,,Zarbin,"Gio.; Battista,",,,,s. Marco,frezzeria,1502.0,,,marco,San Marco,"(12.336487935319482, 45.43361966505575)"
,,VELE DA BASTIMENTI.,,(fabbricat. di),,,,,,,,,,,,,"(None, None)"
,,,,,Forte,"Fantino,",,,,s. Pietro,via nuova,1641.0,,,pietro,Castello,"(12.35141117813385, 45.432011572755535)"
,,,,,Scomparin,"Giuseppe,",,,,s. Gio. in Brag.,riva degli schiavoni,4117.0,,,giovanni in bragora,Castello,"(12.34753072050552, 45.43376402907628)"
,,VERNICIATORI ED INDORATORI.,,,,,,,,,,,,,,,"(None, None)"
,,,,,Agostini,"Giovanni,",,,,s. Felice,a s. Sofia,4195.0,,,felice,Cannaregio,"(12.33479180948629, 45.44085514663947)"
,,,,,Bembo,"Michiele,",,,,s. Canciano,campo dei Miracoli,6075.0,,,canciano,Cannaregio,"(12.33906614260347, 45.43932567992224)"
,,,,,Buranelli,"Luigi,",,,,s. M. del Giglio,a s. Fantino,1854.0,,,maria del giglio,San Marco,"(12.33425291200904, 45.43406803684819)"
,,,,,Comirato,"Giuseppe,",,,,s. Silvestro,sottop. rialto,70.0,,,silvestro,San Polo,"(12.335254691179097, 45.438419939682014)"
,,,,,Franco,"Carlo,",,,,s. Marco,calle fiubera,944.0,,,marco,San Marco,"(12.337617084357818, 45.43510424233042)"
,,,,,Lorenzini,"Gio.; Battista,",,,,s. Pietro,via nuova,1535.0,,,pietro,Castello,"(12.352974910602969, 45.432178107193266)"
,,,,,Magri,"Pietro,",,,,s. M. Formosa,calle Marcello,6104.0,,,maria formosa,Castello,"(12.339740918139103, 45.43827567437747)"
,,,,,Mesnil,"Pietro,",,,,s. Canciano,rio terra ramo II Bon,5375.0,,,canciano,Cannaregio,"(12.340171917464204, 45.44071684783226)"
,,,,,Moretti,"Giorgio,",,,,s. M. Formosa,campo s. Lio,5657.0,,,maria formosa,Castello,"(12.338344380050989, 45.437806780939475)"
,,,,,Pennato,"Vincenzo,",,,,s. M. del Giglio,campo,2520.0,,,maria del giglio,San Marco,"(12.333050917647844, 45.432744227682754)"
,,,,,Raimondi,"Antonio,",,,,s. Luca,calle dei fuseri,4375.0,,,luca,San Marco,"(12.335313231851066, 45.43515743162511)"
,,,,,Raimondi,Antonio; Pietro,,,,s. Marco,frezzeria,1148.0,,,marco,San Marco,"(12.336182128198686, 45.43426089412682)"
,,,,,Vallera,"Francesco,",,,,ss. Gio. e Paolo,barbaria delle tavole,6419.0,,,giovanni e paolo,Castello,"(12.343338794943895, 45.438647528386205)"
,,,,,Visentini,"Giuseppe,",,,,s. M. Formosa,campo s. Marina,5904.0,,,maria formosa,Castello,"(12.339317859406556, 45.43831850502203)"
,,VESTITI FATTI.,,,,,,,,,,,,,,,"(None, None)"
,,,,,Bagatin,Pietro,,,,s. M. Formosa,campo s. Lio,5609.0,,,maria formosa,Castello,"(12.337958008570642, 45.437609000757526)"
,,,,,Bagatin,Pietro,,,,s. M. Formosa,campo s. Lio,5618.0,,,maria formosa,Castello,"(12.337985829044083, 45.437629313461684)"
,,,,,Bambolini,Andrea,,,,s. Canciano,salizz. s. Gio. Grisost.,5801.0,,,canciano,Cannaregio,"(12.337113589031896, 45.43896918892127)"
,,,,,Baseotto,"Luigi,",,,,s. Marco,merceria s. Giuliano,743.0,,,marco,San Marco,"(None, None)"
,,,,,Baseotto,"Luigi,",,,,s. Marco,all’ Ascensione,1292.0,,,marco,San Marco,"(12.33684218660095, 45.43334899728161)"
311,,,,,,,,,,,,,,,,,"(None, None)"
,,,,,Bernheim,"Giacomo,",,,,s. Marco,procuratie vecchie,128.0,,,marco,San Marco,"(12.338271067541251, 45.434481857663485)"
,,,,,Bernheim,"Giacomo,",,,,s. Marco,procuratie vecchie,129.0,,,marco,San Marco,"(12.338309290134408, 45.43449816129125)"
,,,,,Bressa,"Antonio,",,,,s. Salvatore,calle della bissa,5456.0,,,salvador,San Marco,"(12.337462948625637, 45.4377550402567)"
,,,,,Burri,"Anna,",,,,s. Zaccaria,riva dei schiavoni,4145.0,,,zaccaria,Castello,"(12.345597847498158, 45.43398866494386)"
,,,,,Curtovich,"Maddalena,",,,,s. Zaccaria,riva degli schiavoni,4187.0,,,zaccaria,Castello,"(12.342831524971823, 45.43404188675558)"
,,,,,De Mattia; Pajolich," Catterina,",,,,s. Zaccaria,,4616.0,,,zaccaria,Castello,"(12.341837423727151, 45.43485705407008)"
,,,,,De Pallua,"Angelo,",,,,s. Marco,in merceria dell’ orologio,222.0,,,marco,San Marco,"(12.338465756830686, 45.435336323676495)"
,,,,,De Pallua,"Angelo,",,,,s.Salvatore,merceria.,,,,salvador,San Marco,"(None, None)"
,,,,,Fabris,"Pietro,",,,,s. Marco,"merceria, s. Giuliano",731.0,,,marco,San Marco,"(12.337989684689312, 45.43589137703134)"
,,,,,Falzier,"Vittoria,",,,,s. Zaccaria,riva degli sehiavoni,4171.0,,,zaccaria,Castello,"(12.343470338039372, 45.434082122472816)"
,,,,"rapp. dall’amm. giudiz. Visona Giuseppe,",Mazzorin,Eredi,,,,s. Marco,merceria dell’orologio,262.0,,,marco,San Marco,"(12.338557060203327, 45.435267395004836)"
,,,,,Messi,"Giuseppe,",,,,ss Ermagora e Fortunato,rio terra della Maddalena,2365.0,,,ermargora e fortunato,NO MATCH,"(None, None)"
,,,,,Pallavicini,"Chiara,",,,,s. Canciano,calle Dolfin,5686.0,,,canciano,Cannaregio,"(None, None)"
,,,,,Pavan,"Dadié; Adelaide,",,,,s. Marco,merceria s. Giuliano,786.0,,,marco,San Marco,"(12.338436508003422, 45.43565544561425)"
,,,,,Piva,"Giovanni,",,,,s. M. Formosa,calle s. Antonio,5608.0,,,maria formosa,Castello,"(12.338050709669144, 45.437589406513425)"
,,,,,Piva,"Giovanni,",,,,s. M. Formosa,calle s. Antonio,5612.0,,,maria formosa,Castello,"(12.337838061482175, 45.43763435939441)"
,,,,,Reiner,"Marco,",,,,s. Zaccaria,riva degli schiavoni,4162.0,,,zaccaria,Castello,"(12.343793957850458, 45.434104459228294)"
,,,,,Ronzi,"Gaetano,",,,,s. Marco,frezzeria,1813.0,,,marco,San Marco,"(12.335425395010642, 45.43451323958991)"
,,,,,Roscena,"Lazzaro,",,,,s. Luca,salizzada,4207.0,,,luca,San Marco,"(None, None)"
,,,,,Saccomani,"Eugenio,",,,,s. Salvatore,calle della bissa,5464.0,,,salvador,San Marco,"(12.337754979583694, 45.43777663815173)"
,,,,,Sagramora,"Giulia,",,,,s. Marco,calle larga,284.0,,,marco,San Marco,"(12.33906020832927, 45.43512250553956)"
,,,,,Scaramella,"Girolamo,",,,,s. M. Formosa,salizz. s. Lio,5578.0,,,maria formosa,Castello,"(12.33826520593769, 45.437506703694815)"
,,,,,Scarpelotto,"Spiridione,",,,,s. Salvatore,calle della bissa,5438.0,,,salvador,San Marco,"(12.337139312468947, 45.437614457201185)"
,,,,,Scialli,"Anna,",,,,s. Zaccaria,riva degli schiavoni,4179.0,,,zaccaria,Castello,"(12.343255538389462, 45.43406902026128)"
,,,,,Schidloff,"Giacomo,",,,,s. Marco,Merceria,715.0,,,marco,San Marco,"(12.337820377386848, 45.43602413724216)"
,,,,,Vareton,"Baldassare,",,,,s. Salvatore,calle della bissa,5473.0,,,salvador,San Marco,"(12.33744418062465, 45.43777521813177)"
,,,,,Zaghetti,"Girolamo,",,,,s. Salvatore,calle della bissa,5398.0,,,salvador,San Marco,"(12.33703232428424, 45.43780675078553)"
,,VINI COMUNI.,,(negoszianti e venditori di),,,,,,,,,,,,,"(None, None)"
,,,,,Ambrosin,"Francesco,",,,,ss. Erm. e Fort.,rio terra due ponti,1401.0,,,ermargora e fortunato,NO MATCH,"(None, None)"
,,,,,Asprea,"Pietro,",,,,s. Pietro,campo s. Giuseppe,900.0,,,pietro,Castello,"(12.357047950783874, 45.42986526964155)"
,,,,,Baicussi,"Demetrio,",,,,s. M. Glor. dei Frari,campo s. Polo,2006.0,,,maria gloriosa dei frari,San Polo,"(12.330342916003803, 45.43711547338797)"
,,,,,Baicussi,"Demetrio,",,,,s. M. Gloriosa dei Frari,a s. Agostin,2398.0,,,maria gloriosa dei frari,San Polo,"(12.326752577889868, 45.43818288219834)"
,,,,,Baldan,"Giovanni,",,,,s. M. del Giglio,campo,2478.0,,,maria del giglio,San Marco,"(12.332799072682914, 45.43225776469025)"
312,,,,,,,,,,,,,,,,,"(None, None)"
,,,,,Baldan,"Rosa,",,,,s. M. Glor. dei Frari,campo s. Rocco,3141.0,,,maria gloriosa dei frari,San Polo,"(12.325679339356668, 45.436331130274176)"
,,,,,Bosato,"Maria,",,,,ss. Gerv. e Prot.,fond. burchieri,1125.0,,,gervasio e protasio,Cannaregio,"(12.325165586346301, 45.444233726869875)"
,,,,,Bastianello,"Francesco,",,,,s. Simeone Prof.,fond. rio marin,781.0,,,simeon profeta,Santa Croce,"(12.324828709900274, 45.43960300007223)"
,,,,,Bastianutto,"Vincenzo,",,,,s. Giac.dall’Orio ,camp. del piovan,1459.0,,,giacomo dall'orio,Santa Croce,"(12.327140737079922, 45.440453287922715)"
,,,,,Belgrado,"Luigi,",,,,s Felice,calle Noal,2293.0,,,felice,Cannaregio,"(None, None)"
,,,,,Benfatto,"Valentino,",,,,s. Felice,calle del forno,3911.0,,,felice,Cannaregio,"(12.334481007536633, 45.441396271813915)"
,,,,,Benfatto,"Valentino,",,,,s. Silvestro,sottop. Galizzi,1022.0,,,silvestro,San Polo,"(12.333358563447943, 45.437742002349474)"
,,,,,Bertocco,"Felicita,",,,,s. Stefano,calle del Dose,2751.0,,,stefano,San Marco,"(12.331120359281748, 45.432403089448776)"
,,,,,Bertocco,"Felicita,",,,,s. Stefano,calle del Dose,2752.0,,,stefano,San Marco,"(12.331222146711534, 45.43245028707304)"
,,,,,Bontae,Eva,,,v. Pignata,s. Pietro,fond. s. Giuseppe,945.0,,,pietro,Castello,"(12.35605173386739, 45.43094499467469)"
,,,,,Bortoluzzi,Margherita,,,"rapp. da Bortoluzzi Marco,",s. Marziale,fond. dei Mori,3372.0,,,marziale,Cannaregio,"(12.332165429403558, 45.445699796913)"
,,,,,Bortoluzzi,"Rosa,",,,,s. Silvestro,calle poste veechie,1607.0,,,silvestro,San Polo,"(12.333278582394584, 45.439587159764386)"
,,,,,Bottesella,"Chiara,",,,,s. Geremia,calle delle beccarie,836.0,,,geremia,Cannaregio,"(12.318764190491597, 45.44553828501309)"
,,,,,Bullo,"Vincenzo,",,,,s. Silvestro.,riva del vin,725.0,,,silvestro,San Polo,"(12.33529624892362, 45.437964531726685)"
,,,,,Cagnetto,"Giovanni,",,,,s. M. del Carmine,ealle del traghetto s. Barnaba,2785.0,,,maria dei carmini,Dorsoduro,"(12.325869977603134, 45.43303584891663)"
,,,,,Cagnetto,"Giovanni,",,,,s. M. del Carmine,calle botteghe,3182.0,,,maria dei carmini,Dorsoduro,"(12.325163592603529, 45.433607304830254)"
,,,,,Camolli,"Giuseppe,",,,,s. Silvestro,calle scaletter,2234.0,,,silvestro,San Polo,"(12.329188757081377, 45.438897052045945)"
,,,,,Canton; Leon,"Francesco; Lorenzo,",,,,s. M. Formosa,sottoportico ci Balbi,5445.0,,,maria formosa,Castello,"(12.33880988781849, 45.436559759987304)"
,,,,,Cappellan,"Angelo,",,,,s. M. del Rosario,corte Santi,318.0,,,madonna del rosario,Dorsoduro,"(12.33230895252673, 45.429352249777935)"
,,,,,Catullo,"Carlo,",,,,s. M. Glor. dei Frari,campo s. Toma,2529.0,,,maria gloriosa dei frari,San Polo,"(12.327246291141794, 45.437999459008715)"
,,,,,Catullo,"Stefano,",,,,ss. Gerv. e Prot.,fond. Zattere ponte lungo,1384.0,,,gervasio e protasio,Cannaregio,"(12.327942081344453, 45.44415556725345)"
,,,,,Cavezzago,"Vincenzo,",,,,s. Felice,calle eorrente,4097.0,,,felice,Cannaregio,"(12.335641812489177, 45.44247006309762)"
,,,,,Cian,Antonio,,,"rapp. da Peltrera Girolamo,",s. Marziale,fond. Ormesini,2924.0,,,marziale,Cannaregio,"(12.326300751315369, 45.446117979368125)"
,,,,,Coccon; Rizzo," Maria,",,,,s. Martino,calle terrazzera,3613.0,,,martino,Castello,"(12.34637316418705, 45.434827153735455)"
,,,,,Collauto,"Gio.Battista,",,,"rapp. da Mason Angelo,",s. Luca,calle fiubera,952.0,,,luca,San Marco,"(12.337951054473155, 45.43530901051035)"
,,,,,Collauto,"Gio.Battista,",,,"rapp. da Mason Angelo,","s, Luca",salizz. s. Paternian,4031.0,,,luca,San Marco,"(12.334344453777188, 45.435729334674825)"
,,,,"negoz con 12 esercizii,",Dal Fiol,Matteo; Vincenzo,"fratelli,",,,s. Zaccaria,fond. dell’ osmarin,4971.0,,,zaccaria,Castello,"(12.343465942975413, 45.43559901140534)"
,,,,,Dalle Ore,"Giovanni,",,,,s. Silvestro,sottop. rialto,52.0,,,silvestro,San Polo,"(12.334672907132092, 45.438815864355526)"
,,,,,De Adami,"Giuseppe,",,,,ss. Apostoli,calle cordoni,5212.0,,,apostoli,Cannaregio,"(12.339698193154106, 45.44203065663855)"
,,,,negoz.,De Piccoli,"Federico,",,,,s. Silvestro,calle del sturion,677.0,,,silvestro,San Polo,"(12.334416072056053, 45.43763800110066)"
,,,,,Desiderati; Foscarini,"Boscolo; Elisabetta,",,,,s. Silvestro,calle Vendramin,4459.0,,,silvestro,San Polo,"(None, None)"
,,,,,Diana,"Ignazio,",,,,s. Marziale,fond. s. Girolamo,2949.0,,,marziale,Cannaregio,"(12.322068129313932, 45.446360594452116)"
,,,,,Diodato,"Giorgio,",,,,ss. Ermag. e Fort.,rioterra due ponti,1372.0,,,ermargora e fortunato,NO MATCH,"(None, None)"
,,,,,Donadelli,"Filippo,",,,,ss. Apostoli,calle dell’oca,4340.0,,,apostoli,Cannaregio,"(12.336146620662785, 45.44123853148121)"
,,,,,Facchi,"Gio.Maria,",,,,s. Geremia,chioyere,726.0,,,geremia,Cannaregio,"(12.318111174813861, 45.444421718690606)"
313,,,,,,,,,,,,,,,,,"(None, None)"
,,,,,Ferraboschi,"Francesco,",,,,ss. Ermag e Fort.,rio terra Maddal.,2352.0,,,ermargora e fortunato,NO MATCH,"(None, None)"
,,,,,Lanza,"Domenica,",,,,s. Eufemia,fondamenta,248.0,,,eufemia,Dorsoduro,"(12.333091513154143, 45.42940005498229)"
,,,,,Ferro,"Natale,",,,,s. Felice,ponte Noale,3661.0,,,felice,Cannaregio,"(12.332929690668431, 45.442134740517695)"
,,,,,Forges,"Maria; Domenica,",,,,ss. Apostoli,calle del forno,5306.0,,,apostoli,Cannaregio,"(12.340303030800964, 45.44161950665441)"
,,,,,Forges,"Nicold,",,,,ss. Apostoli,calte lunga s. Catter.,5049.0,,,apostoli,Cannaregio,"(12.341318239663476, 45.442601441789414)"
,,,,,Fornasier,"Giovanni,",,,,ss. Ermag. e Fort.,calle. anconetta,1820.0,,,ermargora e fortunato,NO MATCH,"(None, None)"
,,,,,Francesconi,"Nicold,",,,,s. M. Glor. dei Frari,calle della Chiesa,2537.0,,,maria gloriosa dei frari,San Polo,"(12.327199958581568, 45.4377728182637)"
,,,,,Frisole,"Marco,",,,,s. Geremia,calle Priuli,113.0,,,geremia,Cannaregio,"(12.322365606523402, 45.441655448760436)"
,,,,,Gardasso,"Angelo,",,,,"s, Luca",calle del carbon,4182.0,,,luca,San Marco,"(None, None)"
,,,,,Genovese,"Pietro,",,,,s. M. del Carmine,in campo,2614.0,,,maria dei carmini,Dorsoduro,"(12.322091155608202, 45.43390570582805)"
,,,,,Gervasoni,"Giorgio,",,,,s. M. Formosa,calle lunga,6132.0,,,maria formosa,Castello,"(12.341263323255145, 45.437492565069846)"
,,,,negoz.,Giacomuzzi,Antonio,,,"fu Angelo,",s. Marco,calle Valaressa,1339.0,,,marco,San Marco,"(12.336851397323542, 45.43298808591035)"
,,,,,Giunta,"Domenico,",,,,s. Zaccaria,"fond. s, Lorenzo",5088.0,,,zaccaria,Castello,"(12.342818383852752, 45.43707804278514)"
,,,,,Giusto,"Furlan; Stella,",,,,ss. Gerv. e Prot.,fond. corte magg.,2305.0,,,gervasio e protasio,Cannaregio,"(None, None)"
,,,,,Gobbo,"Vincenzo,",,,,s. Marco,corte dell’ Angelo,392.0,,,marco,San Marco,"(None, None)"
,,,,,Gobbo,"Vincenzo,",,,,s. Marco,corte dell’ Angelo,393.0,,,marco,San Marco,"(None, None)"
,,,,,Gozzi,"Giuseppe,",,,,s. Martino,calle dei scudi,3184.0,,,martino,Castello,"(12.347481496615886, 45.436836380178185)"
,,,,,Grapputo,"Giovanni,",,,,s. Eufemia,fondamenta,609.0,,,eufemia,Dorsoduro,"(12.329351277286033, 45.42983778438126)"
,,,,,Graziotin,"Domenico,",,,,s. M. Formosa,calle del paradiso,5735.0,,,maria formosa,Castello,"(12.339580645030331, 45.43731523244229)"
,,,,,Graziussi,"Andrea,",,,"rapp. da Astori Marco,",s. Silvestro,,1125.0,,,silvestro,San Polo,"(12.33294611820739, 45.437332447850125)"
,,,,,Graziussi,"Giacomo,",,,,s. M. Gloriosa dei Frari,sottop. Zen,2603.0,,,maria gloriosa dei frari,San Polo,"(12.32800233747409, 45.43722157390199)"
,,,,,Grippa,"Giovanni,",,,,s. Pietro,corte tagliapietra,1743.0,,,pietro,Castello,"(12.352070859564593, 45.43239964248303)"
,,,,,Jaxa,"Francesca,",,,ved. Cravin,s. Gio. in Bragora,"salizzada s, Antonino",3550.0,,,giovanni in bragora,Castello,"(12.347331172119164, 45.43504490843239)"
,,,,,Lancerotti,"Pietro,",,,,s. Marziale,fond. Ormesini,2679.0,,,marziale,Cannaregio,"(12.329439306047083, 45.44530846531986)"
,,,,,Leoni,"Girolamo,",,,,s. M. del Giglio,calle lunga s. Moisé,2033.0,,,maria del giglio,San Marco,"(12.334696374425738, 45.432972238466775)"
,,,,,Maran,"Catterina,",,,,s. M. del Carmine,campo s. Margherita,3004.0,,,maria dei carmini,Dorsoduro,"(12.323993681390494, 45.434350910254956)"
,,,,,Marcello,Maddalena,,,"rapp. da Marcello Pietro Angelo,",s. Giacomo dall’ Orio,corte Tintor,2108.0,,,giacomo dall'orio,Santa Croce,"(12.330562761911743, 45.44028020764677)"
,,,,,Marcon,"Francesco,",,,,s. Cassiano,calle della Regina,2261.0,,,cassiano,Santa Croce,"(12.33125678374622, 45.43988372596504)"
,,,,,Marella,Francesco,,,"rapp. da Passerin Pietro,",s. Luca,calle dei fabbri,4731.0,,,luca,San Marco,"(12.335994240576797, 45.43628705890938)"
,,,,negoz.,Mattiazzo,"Domenico,",,,,ss. Gerv. e Prot,fond. fruttarol,1461.0,,,gervasio e protasio,Cannaregio,"(12.327299677278216, 45.44494140970652)"
,,,,,Mattiazzo,"Domenico,",,,,ss. Ermagora e Fort.,all’anconetta,1971.0,,,ermargora e fortunato,NO MATCH,"(None, None)"
,,,,negoz.,Mazzarolli,"Antonio,",,,,s. M. del Rosario,piscina del forner,857.0,,,madonna del rosario,Dorsoduro,"(12.32938980390192, 45.43068306406566)"
,,,,,Mazzarolli,"Antonio,",,,,ss. Gerv. e Prot.,ramo II toletta,1211.0,,,gervasio e protasio,Cannaregio,"(12.326270828030895, 45.44496490524581)"
,,,,,Mazzarolli,"Antonio,",,,,s. M. del Carmine,calle del cappeller,3212.0,,,maria dei carmini,Dorsoduro,"(12.325503142844905, 45.43378704989034)"
,,,,,Messina,"Lorenzo,",,,,s. Luca,calle dei fabbri,4746.0,,,luca,San Marco,"(12.33556367712843, 45.43635013641304)"
,,,,,Miani,"Pietro,",,,,s. Gio. in Bragora,calle dei furlani,3243.0,,,giovanni in bragora,Castello,"(12.346468407955475, 45.43619006727256)"
,,,,,Michiele,Giuseppe,,,"d. Selega,",s. M. Gloriosa dei Frari,campo s. Polo,2026.0,,,maria gloriosa dei frari,San Polo,"(12.329841329423392, 45.43690782611541)"
314—,,,,,,,,,,,,,,,,,"(None, None)"
,,,,,Moner,"G.; Battista,",,,,s. M. Gloriosa dei Frari,catle della vida,2393.0,,,maria gloriosa dei frari,San Polo,"(12.3269270156832, 45.438237396479245)"
,,,,,Moretto,"Girolamo,",,,,s. Stefano,in campo,2797.0,,,stefano,San Marco,"(12.330760548680606, 45.433267454819216)"
,,,,,Moroni,"Gaetano,",,,,s. Luca,calle locande,4287.0,,,luca,San Marco,"(12.334643094578652, 45.43511617930768)"
,,,,,Nenzi,"Fortunato,",,,,s. Marco,rio terra delle campane,978.0,,,marco,San Marco,"(12.337267012335852, 45.43523745716004)"
,,,,neg.,Olivo,"Gio.Battista,",,,,s. M. Glor. dei Frari,calle saoneri.,2672.0,,,maria gloriosa dei frari,San Polo,"(12.328448202805916, 45.43693052588085)"
,,,,,Ortolani,"Andrea,",,,,ss. Gerv. e Prot.,calle toletta,1185.0,,,gervasio e protasio,Cannaregio,"(12.326015480126857, 45.44514368766621)"
,,,,,Pelizzari,"Antonio,",,,,s. Pietro,via nuova,1497.0,,,pietro,Castello,"(12.353333918615805, 45.43224208782685)"
,,,,,Pellegrini,"Apollonio,",,,,s. Silvestro,calle della donzella,902.0,,,silvestro,San Polo,"(12.332915744417148, 45.43869833869587)"
,,,,,Peretti,"Giuseppe,",,,,s. M. Gloriosa dei Frari,,3031.0,,,maria gloriosa dei frari,San Polo,"(12.326223190579872, 45.43646924240118)"
,,,,,Peretti,Marzi; Teresa,,,,s. Silvestro,ealle della Sacrestia,814.0,,,silvestro,San Polo,"(12.333535969125563, 45.43878403952443)"
,,,,,Pila,"Giovanni,",,,,s. Canciano,rio terra,5391.0,,,canciano,Cannaregio,"(12.340410459390688, 45.440807859894875)"
,,,,,Proveduto,"Paolo,",,,,s. Silvestro,calle del perdon,1299.0,,,silvestro,San Polo,"(12.33200509337124, 45.43779609540833)"
,,,,,Quistini,"Pietro,",,,,ss. Ermag. e Fort.,calle Zancana,2433.0,,,ermargora e fortunato,NO MATCH,"(None, None)"
,,,,,Rizzardini,"Anna; Giumin,",,,,"s, Luea",ealle del spezier s. Benedetto,3651.0,,,luca,San Marco,"(12.332768712866702, 45.43475685601928)"
,,,,,Salandi,"Giuseppe,",,,,s.Silvestro,calle del paradiso,753.0,,,silvestro,San Polo,"(12.334062037574904, 45.437651162720925)"
,,,,,Salvaterra,"Carminati; Barbara,",,,,s. Simeone Prof.,fondam. delle burchielle,418.0,,,simeon profeta,Santa Croce,"(12.317115175921295, 45.436448712323006)"
,,,,,Saviane,"Osvaldo,",,,,s. M. Gloriosa dei Frari,calle saoneri,2720.0,,,maria gloriosa dei frari,San Polo,"(12.328432282962485, 45.43663365841262)"
,,,,,Scatamburlo,"Anna,",,,,s. Geremia,lista di Spagna,263.0,,,geremia,Cannaregio,"(12.324143774074795, 45.443181101853725)"
,,,,,Signoretti,"Giacomo,",,,,s. Martino,corte tagliapietra,2452.0,,,martino,Castello,"(12.34848672800151, 45.43518748475792)"
,,,,,Suppiei,"Luigi,",,,,s. Luca,calle del carbon,4641.0,,,luca,San Marco,"(12.334798911553005, 45.436920036947946)"
,,,,,Tagliapietra,"Antonio,",,,,s. Geremia,in campo,312.0,,,geremia,Cannaregio,"(12.324853940311398, 45.44338457025435)"
,,,,,Tanzi,"Andrea,",,,,s. Pietro,fond. s. Anna,188.0,,,pietro,Castello,"(12.357265768365105, 45.43324550699791)"
,,,,,Tessaro,"Carlo,",,,,s. Marziale,corte Trevisan,3576.0,,,marziale,Cannaregio,"(12.333487685084275, 45.4442481856204)"
,,,,,Toffoli,"Giovanni,",,,,s. Canciano,salizz.,5563.0,,,canciano,Cannaregio,"(None, None)"
,,,,,Tonellati,"Leonardo,",,,,s. Salvatore,calle stagneri,5242.0,,,salvador,San Marco,"(12.337242936001452, 45.4372075903229)"
,,,,negoz.,Turchetto,"Leonardo,",,,"rapp. dal figlio Andrea,",s. Luca,calle dei fabbri,1075.0,,,luca,San Marco,"(12.3367064504372, 45.43490684374848)"
,,,,,Turchetto,"Leonardo,",,,,s. Salvatore,calle della bissa,5448.0,,,salvador,San Marco,"(12.337530707809664, 45.43755722066755)"
,,,,neg.,Vianello,Angelo,,,d. Lolla,s. Silvestro,riva del Vin,736.0,,,silvestro,San Polo,"(12.334795412763528, 45.437662567376485)"
,,,,,Vianello,Angelo,,,d. Lolla,s. Angelo,calle del spezier,3651.0,,,angelo,San Marco,"(12.332768712866702, 45.43475685601928)"
,,,,,Vianello;Gasparini,"Rosa,",,,,s. Marco,sottop. del banchetto,527.0,,,marco,San Marco,"(12.338771059407412, 45.435977816667126)"
,,,,,Viscelli,"Gio.; Battista,",,,,s. Gio. in Bragora,calle del Dose,3814.0,,,giovanni in bragora,Castello,"(12.346898280060177, 45.434674181986104)"
,,,,,Xicovich,"Simeone,",,,,s. Martino,calle bastion,2478.0,,,martino,Castello,"(12.348561474930591, 45.435436842911045)"
,,,,,Zago,"Angelo,",,,,"s, M. del Carmine",calle del magazen,2753.0,,,maria dei carmini,Dorsoduro,"(12.32454604228836, 45.43279808350347)"
,,,,,Zanco,"Antonio,",,,,s. Eufemia,fond. palude,397.0,,,eufemia,Dorsoduro,"(12.331863579980704, 45.42879384394054)"
,,,,,Zanco,Domenico,,,"fu Vincenzo,",s. Eufemia,corte grande II.,,,,eufemia,Dorsoduro,"(None, None)"
,,,,,Zennaro,"Taborra; Maddalena,",,,,s. Marco,calle dei preti,1274.0,,,marco,San Marco,"(12.33668024513145, 45.43360781059791)"
315,,,,,,,,,,,,,,,,,"(None, None)"
,,,,,Zenocchio,"Teresa,",,,,s. Martino,calle dell’Angelo,2566.0,,,martino,Castello,"(12.349460113964334, 45.43615560224733)"
,,,,,Zarbin,"Giovanni,",,,,s. Stefano,campo s. Vitale,2855.0,,,stefano,San Marco,"(12.329267511547368, 45.43206575289209)"
,,,,,Zuliani,"Angela,",,,,s. M. Formosa,casselleria,5412.0,,,maria formosa,Castello,"(12.339652935188658, 45.436976944641344)"
,,,,,Zuliani,"Andrianna,",,,,s. Pietro,quintavalle,9.0,,,pietro,Castello,"(12.361123894748593, 45.43336548348371)"
,,,,,Zuliani,"Gluseppe,",,,,s. Martino,ramo arsenale,2415.0,,,martino,Castello,"(12.349432255221444, 45.43482257019058)"
,,,,,Zucchetta,Giovanni,,,,s. M. Glor. dei Frari,a s. Polo,1956.0,,,maria gloriosa dei frari,San Polo,"(12.330464379591792, 45.43763127786056)"
,,ESERCENTI DI RECENTE ISCRIZIONE.,,,,,,,,,,,,,,,"(None, None)"
,,,,mater.,Cecconi,"Paolo,",,,,ss. Ermag.e Fort.,rioterra due ponti,1359.0,,,ermargora e fortunato,NO MATCH,"(None, None)"
,,,,vestiti fatti,Cosmo,"Giuseppe,",,,,s. Marco,ponte del cavaletto,1101.0,,,marco,San Marco,"(12.337093321726078, 45.434464430870214)"
,,,,"negoz. in ogni ramo,",Halley,"Marciano; Goolding,",,,,s. Zaccaria,fond. dell’osmarin,4983.0,,,zaccaria,Castello,"(12.343990010539114, 45.43581429842078)"
,,,,lay. mob.,Massi,"Giuseppe,",,,,s. M. Form.,"calle scaletta s, Marine",6040.0,,,maria formosa,Castello,"(12.338560763737613, 45.438456994216374)"
,,,,"alloggi privati,",Schiavon,"Giovanna,",,,,s. Marco,calle del fumo,842.0,,,marco,San Marco,"(12.337671801758827, 45.4349013839992)"
,,,,"vendit. liquori,",Spangher,"Gio.; Maria,",,,,s. Giacomo dall’ Orio,campo Tedeschi,1068.0,,,giacomo dall'orio,Santa Croce,"(12.325919917637108, 45.43984077395978)"
,,,,"fabb. carte da giuoco,",Zentilomo,"Francesco,",,,,s. Nicola da Tolent.,fond. Rizzi,315.0,,,nicola da tolentino,Santa Croce,"(12.318643078057985, 45.43527291474514)"
,DELLA PROVINCIA DI VENEZIA.,"ELENCO degli Ingegneri Civili, Architetti. e Periti Agrimensori",,,,,,,,,,,,,,,"(None, None)"
,,,,"ingegnere civile,",Albanese,Luigi,,,"di Marco,",,,,Venezia.,,,,"(None, None)"
,,,,ingeg. civ.,Argentini,"Antonio,",,,,,,,s. Dona.,,,,"(None, None)"
,,,,ingeg. ed arch. civ.,Balduin,"Francesco; Maria,",,,di Gio.,,,,Venezia.,,,,"(None, None)"
,,,,perito agrim.,Bellinato,Sebastiano,,,"di Camillo,",,,,Mestre.,,,,"(None, None)"
,,,,ingeg. arch. civ.,Berchet,Federico,,,"di Leopoldo,",,,,Venezia.,,,,"(None, None)"
,,,,perito agrim.,Bertolini,Angelo,,,"di Giuseppe,",,,,Cavarzere.,,,,"(None, None)"
,,,,ingeg. civ.,Bianchini,"Francesco; Battista,",,,di Gio.,,,,Venezia.,,,,"(None, None)"
,,,,ingeg. civ.,Bianco,Giuseppe,,,"di Luigi,",,,,Venezia.,,,,"(None, None)"
,,,,ingeg. civ.,Bon,Bittolo; Antonio,,,,,,,Portogruaro.,,,,"(None, None)"
,,,,ingeg. civ.,Bozzoli,Annibale,,,"fu Giovanni,",,,,s. Dona.,,,,"(None, None)"
,,,,ingeg. civ.,Brusomini,Eugenio,,,"fu Francesco,",,,,Chioggia.,,,,"(None, None)"
,,,,perito agrim.,Buora,Pietro,,,"di Renier,",,,,Portogruaro.,,,,"(None, None)"
,,,,ingeg. civ.,Candiani,Cesare,,,"del fu Pietro,",,,,Mirano.,,,,"(None, None)"
,,,,ingeg. civ.,Cavallini,Bartolommeo,,,"di Francesco,",,,,Chioggia.,,,,"(None, None)"
316,,,,,,,,,,,,,,,,,"(None, None)"
,,,,arch. viv.,Cecchini,Gio.Battista,,,"fu Clemente,",,,,Venezia.,,,,"(None, None)"
,,,,ingeg. civ.,Cimetta,Gio.,,,"di Francesco,",,,,Portogruaro.,,,,"(None, None)"
,,,,perito agrim.,Cimetta,Francesco,,,"di Giovanni,",,,,Portogruaro.,,,,"(None, None)"
,,,,ingeg. civ.,Dalla Libera,Giuseppe,,,"fu Andrea,",,,,Venezia.,,,,"(None, None)"
,,,,perito agrim.,Dal Pra,Antonio,,,"fu Carlo,",,,,Portogruaro.,,,,"(None, None)"
,,,,.ingeg. civ.,Erizzo,Luigi,,,"fu Gioachino,",,,,Venezia.,,,,"(None, None)"
,,,,ingeg. civ.,Fabbricio,"Francesco; Maria,",,,di Gio.,,,,Portogruaro.,,,,"(None, None)"
,,,,perito agrim.,Fasiolo,Daniele,,,"fu Giacomo,",,,,Portogruaro.,,,,"(None, None)"
,,,,ingeg. civ.,Ferro,Luigi; Alessandro,,,,,,,Venezia.,,,,"(None, None)"
,,,,ingeg. civ.,Finocchi,Giuseppe,,,"fu Giacomo,",,,,Chioggia.,,,,"(None, None)"
,,,,ingeg. civ.,Fuin,Giovanni,,,"fu Giuseppe,",,,,Venezia.,,,,"(None, None)"
,,,,ingeg. civ.,Grando,Antonio,,,"fu Antonio,",,,,Portogruaro.,,,,"(None, None)"
,,,,ingeg. civ.,Graziussi,Gio.; Domenico,,,,,,,Venezia.,,,,"(None, None)"
,,,,ingeg. civ.,Gobbato,"Giovanni,",,,,,,,Venezia.,,,,"(None, None)"
,,,,ingeg. civ.,Lion nol.,Federico,,,"fu Girolamo,",,,,Venezia.,,,,"(None, None)"
,,,,ingeg. civ.,Maddalena,"Nicolé; Felice,",,,fu Gio.,,,,Veneria.,,,,"(None, None)"
,,,,ingeg. civ.,Manetti,Girolamo,,,"di Giovanni,",,,,Venezia.,,,,"(None, None)"
,,,,perito agrim.,Mantovani,Lorenzo,,,"fu Francesco,",,,,Noventa di Piave.,,,,"(None, None)"
,,,,ingeg. civ.,Marini; Giuliano, Giuseppe,,,,,,,Venezia.,,,,"(None, None)"
,,,,arch. civ.,Meduna,Battista,,,cav. Gio.,,,,Venezia.,,,,"(None, None)"
,,,,ingeg. civ.,Monti,Orazio,,,"fu Giuseppe,",,,,Venezia.,,,,"(None, None)"
,,,,ingeg. civ.,Moro,Pietro,,,"fu Antonio,",,,,Mestre.,,,,"(None, None)"
,,,,ingeg. civ.,Morosini,"Pietro,",,,,,,,Venezia.,,,,"(None, None)"
,,,,ingeg. civ.,Padoan,Domenico,,,"fu Francesco,",,,,Venczia.,,,,"(None, None)"
,,,,ingeg. civ.,Piasenti,Giovanni,,,"fu Vincenzo,",,,,Cavarzere.,,,,"(None, None)"
,,,,ingeg. civ.,Pisani,Nicolo,,,"nob.  fu Girolamo,",,,,Venezia.,,,,"(None, None)"
,,,,ingeg. civ.',Poli,Oscarre,,,"di Baldassare,",,,,Venezia.,,,,"(None, None)"
,,,,ingeg. civ.,Pusterla,Antonio,,,"fu Orazio,",,,,Venezia.,,,,"(None, None)"
,,,,ingeg. civ.,Renier,Giovanni; Giorgio,,,,,,,Chioggia.,,,,"(None, None)"
,,,,ingeg. civ.,Romano,Gio.; Antonio,,,,,,,Venezia.,,,,"(None, None)"
,,,,ingeg. civ.,Rubelli,Francesco,,,"fu Nicold,",,,,Venezia.,,,,"(None, None)"
,,,,ingeg. civ.,Ruffini,Carlo,,,"fu Pietro,",,,,Venezia.,,,,"(None, None)"
,,,,ingeg. civ.,Saccardo,Pietro,,,"di Andrea,",,,,Venezia.,,,,"(None, None)"
,,,,ingeg. civ.,Saibante,March.; Lorenzo,,,,,,,Venezia.,,,,"(None, None)"
,,,,ingeg. civ.,Sanfermo,Co.,,,"cav. Giuseppe fu Rocco,",,,,Venezia.,,,,"(None, None)"
,,,,ingeg. civ.,Savoldelli,Carlo,,,"fu Silvestro,",,,,Venezia.,,,,"(None, None)"
,,,,ingeg. civ.,Sfriso,Domenico,,,"di Giuseppe,",,,,Chioggia.,,,,"(None, None)"
,,,,ingeg. civ.,Terrazzani,Ferdido,,,fu Felice,,,,Venezia.,,,,"(None, None)"
,,,,ingeg. civ. ed arch.,Tonoli,Antonio,,,"fu Luigi,",,,,Venezia.,,,,"(None, None)"
,,,,ingeg. civ.,Violin,Giacomo,,,"fu Marc’ Antonio,",,,,Venezia.,,,,"(None, None)"
