uid,type,,filename,width,height,media_type,folder,uid,type
W001,edifici,5310,/3233_[uid_W001]_.png,1961,1961,image/png,edifici_facades,W001,edifici
W001,edifici,14050,/933_[uid_W001]_.png,1634,1591,image/png,edifici_facades,W001,edifici
W001,edifici,14054,/6414_[uid_W001]_.png,1652,1973,image/png,edifici_facades,W001,edifici
W001,edifici,14109,/6429_[uid_W001]_.png,2419,1704,image/png,edifici_facades,W001,edifici
W001,edifici,14154,/1433_[uid_W001]_.png,534,1508,image/png,edifici_facades,W001,edifici
W001,edifici,14187,/6908_[uid_W001]_.png,1538,1658,image/png,edifici_facades,W001,edifici
W001,edifici,14214,/6413_[uid_W001]_.png,2638,1958,image/png,edifici_facades,W001,edifici
W001,edifici,14299,/3214_[uid_W001]_.png,2472,2404,image/png,edifici_facades,W001,edifici
W001,edifici,13973,/7301_[uid_W001]_.png,1010,1555,image/png,edifici_facades,W001,edifici
W001,edifici,14470,/7482_[uid_W001]_.png,3222,1597,image/png,edifici_facades,W001,edifici
W001,edifici,14871,/221_[uid_W001]_.png,955,1511,image/png,edifici_facades,W001,edifici
W001,edifici,15008,/7447_[uid_W001]_.png,1799,1365,image/png,edifici_facades,W001,edifici
W001,edifici,15150,/5_[uid_W001]_.png,4970,1687,image/png,edifici_facades,W001,edifici
W001,edifici,15198,/28_[uid_W001]_.png,1847,1701,image/png,edifici_facades,W001,edifici
W001,edifici,15200,/3245_[uid_W001]_.png,1908,1572,image/png,edifici_facades,W001,edifici
W001,edifici,15230,/6405_[uid_W001]_.png,1994,1762,image/png,edifici_facades,W001,edifici
W001,edifici,15294,/3621_[uid_W001]_.png,1079,1531,image/png,edifici_facades,W001,edifici
W001,edifici,14782,/6882_[uid_W001]_.png,1176,1534,image/png,edifici_facades,W001,edifici
W001,edifici,13932,/1285_[uid_W001]_.png,1308,2036,image/png,edifici_facades,W001,edifici
W001,edifici,13809,/7485_[uid_W001]_.png,1194,1817,image/png,edifici_facades,W001,edifici
W001,edifici,13795,/39_[uid_W001]_.png,1724,1889,image/png,edifici_facades,W001,edifici
W001,edifici,11888,/6896_[uid_W001]_.png,1743,1573,image/png,edifici_facades,W001,edifici
W001,edifici,12186,/3623_[uid_W001]_.png,1455,2008,image/png,edifici_facades,W001,edifici
W001,edifici,12486,/6893_[uid_W001]_.png,1724,1622,image/png,edifici_facades,W001,edifici
W001,edifici,12534,/36_[uid_W001]_.png,1724,1600,image/png,edifici_facades,W001,edifici
W001,edifici,12563,/1319_[uid_W001]_.png,2216,1822,image/png,edifici_facades,W001,edifici
W001,edifici,12605,/6426_[uid_W001]_.png,2529,2501,image/png,edifici_facades,W001,edifici
W001,edifici,12690,/6900_[uid_W001]_.png,1248,1720,image/png,edifici_facades,W001,edifici
W001,edifici,12855,/1001_[uid_W001]_.png,259,612,image/png,edifici_facades,W001,edifici
W001,edifici,12908,/3238_[uid_W001]_.png,2371,1595,image/png,edifici_facades,W001,edifici
W001,edifici,12950,/3626_[uid_W001]_.png,1980,1056,image/png,edifici_facades,W001,edifici
W001,edifici,13016,/6402_[uid_W001]_.png,1815,609,image/png,edifici_facades,W001,edifici
W001,edifici,13053,/3242_[uid_W001]_.png,973,1747,image/png,edifici_facades,W001,edifici
W001,edifici,13105,/2_[uid_W001]_.png,1889,1596,image/png,edifici_facades,W001,edifici
W001,edifici,13234,/8154_[uid_W001]_.png,1394,1140,image/png,edifici_facades,W001,edifici
W001,edifici,13318,/4400_[uid_W001]_.png,4227,2351,image/png,edifici_facades,W001,edifici
W001,edifici,13480,/6885_[uid_W001]_.png,2759,1934,image/png,edifici_facades,W001,edifici
W001,edifici,13502,/7853_[uid_W001]_.png,1359,1220,image/png,edifici_facades,W001,edifici
W001,edifici,15564,/7451_[uid_W001]_.png,1541,1461,image/png,edifici_facades,W001,edifici
W001,edifici,15574,/8042_[uid_W001]_.png,1302,1531,image/png,edifici_facades,W001,edifici
W001,edifici,15622,/3638_[uid_W001]_.png,1248,1491,image/png,edifici_facades,W001,edifici
W001,edifici,15785,/6894_[uid_W001]_.png,1101,1682,image/png,edifici_facades,W001,edifici
W001,edifici,17649,/6901_[uid_W001]_.png,2001,1729,image/png,edifici_facades,W001,edifici
W001,edifici,17703,/8044_[uid_W001]_.png,1589,1335,image/png,edifici_facades,W001,edifici
W001,edifici,17852,/6892_[uid_W001]_.png,2203,1402,image/png,edifici_facades,W001,edifici
W001,edifici,17919,/4393_[uid_W001]_.png,2300,1205,image/png,edifici_facades,W001,edifici
W001,edifici,18084,/3243_[uid_W001]_.png,1743,1727,image/png,edifici_facades,W001,edifici
W001,edifici,18167,/7860_[uid_W001]_.png,1083,1454,image/png,edifici_facades,W001,edifici
W001,edifici,18381,/3627_[uid_W001]_.png,951,1804,image/png,edifici_facades,W001,edifici
W001,edifici,18433,/6403_[uid_W001]_.png,4270,2010,image/png,edifici_facades,W001,edifici
W001,edifici,18515,/6884_[uid_W001]_.png,3426,1820,image/png,edifici_facades,W001,edifici
W001,edifici,18543,/8167_[uid_W001]_.png,2108,1633,image/png,edifici_facades,W001,edifici
W001,edifici,18740,/7441_[uid_W001]_.png,1687,1569,image/png,edifici_facades,W001,edifici
W001,edifici,18753,/6431_[uid_W001]_.png,3396,1986,image/png,edifici_facades,W001,edifici
W001,edifici,18760,/3628_[uid_W001]_.png,752,1713,image/png,edifici_facades,W001,edifici
W001,edifici,18784,/7828_[uid_W001]_.png,1761,1755,image/png,edifici_facades,W001,edifici
W001,edifici,18815,/3236_[uid_W001]_.png,1615,1739,image/png,edifici_facades,W001,edifici
W001,edifici,18856,/161_[uid_W001]_.png,3703,2100,image/png,edifici_facades,W001,edifici
W001,edifici,19029,/3212_[uid_W001]_.png,1285,1565,image/png,edifici_facades,W001,edifici
W001,edifici,17560,/3639_[uid_W001]_.png,462,1625,image/png,edifici_facades,W001,edifici
W001,edifici,11715,/33_[uid_W001]_.png,1229,1226,image/png,edifici_facades,W001,edifici
W001,edifici,17556,/6906_[uid_W001]_.png,2273,1464,image/png,edifici_facades,W001,edifici
W001,edifici,17501,/8043_[uid_W001]_.png,992,818,image/png,edifici_facades,W001,edifici
W001,edifici,15960,/7483_[uid_W001]_.png,2498,2623,image/png,edifici_facades,W001,edifici
W001,edifici,16144,/1432_[uid_W001]_.png,3112,1896,image/png,edifici_facades,W001,edifici
W001,edifici,16168,/6412_[uid_W001]_.png,1743,1609,image/png,edifici_facades,W001,edifici
W001,edifici,16192,/6909_[uid_W001]_.png,1419,1732,image/png,edifici_facades,W001,edifici
W001,edifici,16423,/3231_[uid_W001]_.png,2087,1651,image/png,edifici_facades,W001,edifici
W001,edifici,16426,/220_[uid_W001]_.png,1738,1822,image/png,edifici_facades,W001,edifici
W001,edifici,16519,/6910_[uid_W001]_.png,3340,2159,image/png,edifici_facades,W001,edifici
W001,edifici,16562,/121_[uid_W001]_.png,955,1437,image/png,edifici_facades,W001,edifici
W001,edifici,16739,/6883_[uid_W001]_.png,2694,1662,image/png,edifici_facades,W001,edifici
W001,edifici,16750,/790_[uid_W001]_.png,694,1787,image/png,edifici_facades,W001,edifici
W001,edifici,16792,/7449_[uid_W001]_.png,1961,2020,image/png,edifici_facades,W001,edifici
W001,edifici,16856,/3620_[uid_W001]_.png,1610,1784,image/png,edifici_facades,W001,edifici
W001,edifici,17000,/6597_[uid_W001]_.png,1692,2116,image/png,edifici_facades,W001,edifici
W001,edifici,17246,/8481_[uid_W001]_.png,1743,1218,image/png,edifici_facades,W001,edifici
W001,edifici,17250,/1116_[uid_W001]_.png,590,1638,image/png,edifici_facades,W001,edifici
W001,edifici,17324,/6895_[uid_W001]_.png,5065,417,image/png,edifici_facades,W001,edifici
W001,edifici,17457,/1151_[uid_W001]_.png,2436,1565,image/png,edifici_facades,W001,edifici
W001,edifici,17544,/7450_[uid_W001]_.png,1852,2019,image/png,edifici_facades,W001,edifici
W001,edifici,19092,/8330_[uid_W001]_.png,1926,1365,image/png,edifici_facades,W001,edifici
W001,edifici,11660,/1403_[uid_W001]_.png,1285,1516,image/png,edifici_facades,W001,edifici
W001,edifici,11593,/6617_[uid_W001]_.png,1248,1945,image/png,edifici_facades,W001,edifici
W001,edifici,6902,/3246_[uid_W001]_.png,3969,986,image/png,edifici_facades,W001,edifici
W001,edifici,7077,/1_[uid_W001]_.png,3222,2337,image/png,edifici_facades,W001,edifici
W001,edifici,7207,/6889_[uid_W001]_.png,2896,1803,image/png,edifici_facades,W001,edifici
W001,edifici,7234,/7862_[uid_W001]_.png,2069,1642,image/png,edifici_facades,W001,edifici
W001,edifici,7244,/7436_[uid_W001]_.png,1889,2010,image/png,edifici_facades,W001,edifici
W001,edifici,7323,/217_[uid_W001]_.png,2004,2060,image/png,edifici_facades,W001,edifici
W001,edifici,7370,/1002_[uid_W001]_.png,1899,1710,image/png,edifici_facades,W001,edifici
W001,edifici,6873,/7858_[uid_W001]_.png,1348,1322,image/png,edifici_facades,W001,edifici
W001,edifici,7394,/3618_[uid_W001]_.png,1634,1754,image/png,edifici_facades,W001,edifici
W001,edifici,7512,/6903_[uid_W001]_.png,1316,1549,image/png,edifici_facades,W001,edifici
W001,edifici,7548,/6418_[uid_W001]_.png,2559,1285,image/png,edifici_facades,W001,edifici
W001,edifici,7598,/6425_[uid_W001]_.png,3245,2138,image/png,edifici_facades,W001,edifici
W001,edifici,7633,/1289_[uid_W001]_.png,2329,1503,image/png,edifici_facades,W001,edifici
W001,edifici,7724,/6890_[uid_W001]_.png,2877,1360,image/png,edifici_facades,W001,edifici
W001,edifici,7747,/7846_[uid_W001]_.png,2319,1705,image/png,edifici_facades,W001,edifici
W001,edifici,7907,/35_[uid_W001]_.png,2659,1653,image/png,edifici_facades,W001,edifici
W001,edifici,7461,/3625_[uid_W001]_.png,2440,1346,image/png,edifici_facades,W001,edifici
W001,edifici,6695,/8509_[uid_W001]_.png,3756,1878,image/png,edifici_facades,W001,edifici
W001,edifici,6658,/6406_[uid_W001]_.png,2647,2208,image/png,edifici_facades,W001,edifici
W001,edifici,6652,/921_[uid_W001]_.png,3170,1627,image/png,edifici_facades,W001,edifici
W001,edifici,5314,/222_[uid_W001]_.png,5558,1846,image/png,edifici_facades,W001,edifici
W001,edifici,5394,/1145_[uid_W001]_.png,1826,1568,image/png,edifici_facades,W001,edifici
W001,edifici,5410,/7444_[uid_W001]_.png,1066,1538,image/png,edifici_facades,W001,edifici
W001,edifici,5430,/6912_[uid_W001]_.png,1083,1964,image/png,edifici_facades,W001,edifici
W001,edifici,5642,/6881_[uid_W001]_.png,1722,1586,image/png,edifici_facades,W001,edifici
W001,edifici,5658,/7857_[uid_W001]_.png,1248,1520,image/png,edifici_facades,W001,edifici
W001,edifici,5752,/6898_[uid_W001]_.png,1431,1541,image/png,edifici_facades,W001,edifici
W001,edifici,5934,/4399_[uid_W001]_.png,1743,1950,image/png,edifici_facades,W001,edifici
W001,edifici,5955,/6410_[uid_W001]_.png,2017,1982,image/png,edifici_facades,W001,edifici
W001,edifici,6012,/6879_[uid_W001]_.png,1213,1683,image/png,edifici_facades,W001,edifici
W001,edifici,6062,/1281_[uid_W001]_.png,1083,1338,image/png,edifici_facades,W001,edifici
W001,edifici,6217,/32_[uid_W001]_.png,1322,2130,image/png,edifici_facades,W001,edifici
W001,edifici,6353,/6897_[uid_W001]_.png,1522,1572,image/png,edifici_facades,W001,edifici
W001,edifici,6482,/6422_[uid_W001]_.png,1815,1735,image/png,edifici_facades,W001,edifici
W001,edifici,6568,/6904_[uid_W001]_.png,1394,1865,image/png,edifici_facades,W001,edifici
W001,edifici,6616,/3622_[uid_W001]_.png,1921,1605,image/png,edifici_facades,W001,edifici
W001,edifici,6651,/1554_[uid_W001]_.png,3024,1633,image/png,edifici_facades,W001,edifici
W001,edifici,8065,/40_[uid_W001]_.png,2073,1718,image/png,edifici_facades,W001,edifici
W001,edifici,8181,/930_[uid_W001]_.png,1450,1540,image/png,edifici_facades,W001,edifici
W001,edifici,8386,/7486_[uid_W001]_.png,1010,1485,image/png,edifici_facades,W001,edifici
W001,edifici,8405,/7439_[uid_W001]_.png,1940,1666,image/png,edifici_facades,W001,edifici
W001,edifici,10377,/219_[uid_W001]_.png,827,1651,image/png,edifici_facades,W001,edifici
W001,edifici,10438,/3235_[uid_W001]_.png,1578,1568,image/png,edifici_facades,W001,edifici
W001,edifici,10474,/7438_[uid_W001]_.png,3361,2204,image/png,edifici_facades,W001,edifici
W001,edifici,10505,/6887_[uid_W001]_.png,608,1324,image/png,edifici_facades,W001,edifici
W001,edifici,10570,/8493_[uid_W001]_.png,2457,1312,image/png,edifici_facades,W001,edifici
W001,edifici,10768,/7856_[uid_W001]_.png,2159,1835,image/png,edifici_facades,W001,edifici
W001,edifici,10781,/7982_[uid_W001]_.png,3149,2098,image/png,edifici_facades,W001,edifici
W001,edifici,10798,/6880_[uid_W001]_.png,2292,1576,image/png,edifici_facades,W001,edifici
W001,edifici,10862,/3232_[uid_W001]_.png,5274,2589,image/png,edifici_facades,W001,edifici
W001,edifici,10864,/8475_[uid_W001]_.png,3266,1515,image/png,edifici_facades,W001,edifici
W001,edifici,10995,/7445_[uid_W001]_.png,6100,1839,image/png,edifici_facades,W001,edifici
W001,edifici,11102,/6411_[uid_W001]_.png,1555,2113,image/png,edifici_facades,W001,edifici
W001,edifici,11106,/7588_[uid_W001]_.png,1871,1363,image/png,edifici_facades,W001,edifici
W001,edifici,11157,/6878_[uid_W001]_.png,1522,1839,image/png,edifici_facades,W001,edifici
W001,edifici,11290,/6899_[uid_W001]_.png,1025,1549,image/png,edifici_facades,W001,edifici
W001,edifici,11354,/1539_[uid_W001]_.png,1266,1768,image/png,edifici_facades,W001,edifici
W001,edifici,11368,/7426_[uid_W001]_.png,1066,1440,image/png,edifici_facades,W001,edifici
W001,edifici,10359,/162_[uid_W001]_.png,1047,1549,image/png,edifici_facades,W001,edifici
W001,edifici,11627,/6423_[uid_W001]_.png,1706,1614,image/png,edifici_facades,W001,edifici
W001,edifici,10284,/7442_[uid_W001]_.png,3187,1729,image/png,edifici_facades,W001,edifici
W001,edifici,10100,/3632_[uid_W001]_.png,1506,2062,image/png,edifici_facades,W001,edifici
W001,edifici,8504,/6886_[uid_W001]_.png,1652,1724,image/png,edifici_facades,W001,edifici
W001,edifici,8724,/6541_[uid_W001]_.png,571,1512,image/png,edifici_facades,W001,edifici
W001,edifici,8731,/7443_[uid_W001]_.png,1780,1730,image/png,edifici_facades,W001,edifici
W001,edifici,8739,/1142_[uid_W001]_.png,1468,1440,image/png,edifici_facades,W001,edifici
W001,edifici,8837,/1030_[uid_W001]_.png,2273,1515,image/png,edifici_facades,W001,edifici
W001,edifici,8992,/3619_[uid_W001]_.png,3418,2259,image/png,edifici_facades,W001,edifici
W001,edifici,9052,/3624_[uid_W001]_.png,3189,2005,image/png,edifici_facades,W001,edifici
W001,edifici,9152,/3240_[uid_W001]_.png,3042,2090,image/png,edifici_facades,W001,edifici
W001,edifici,9157,/1270_[uid_W001]_.png,2178,1695,image/png,edifici_facades,W001,edifici
W001,edifici,9206,/1515_[uid_W001]_.png,3224,1773,image/png,edifici_facades,W001,edifici
W001,edifici,9218,/6888_[uid_W001]_.png,1229,2150,image/png,edifici_facades,W001,edifici
W001,edifici,9317,/7437_[uid_W001]_.png,1789,1723,image/png,edifici_facades,W001,edifici
W001,edifici,9361,/7908_[uid_W001]_.png,1945,2146,image/png,edifici_facades,W001,edifici
W001,edifici,9367,/6891_[uid_W001]_.png,2108,1425,image/png,edifici_facades,W001,edifici
W001,edifici,9516,/34_[uid_W001]_.png,1048,1567,image/png,edifici_facades,W001,edifici
W001,edifici,9576,/6902_[uid_W001]_.png,3040,2788,image/png,edifici_facades,W001,edifici
W001,edifici,9977,/3211_[uid_W001]_.png,4691,2037,image/png,edifici_facades,W001,edifici
W001,edifici,10272,/6540_[uid_W001]_.png,571,1546,image/png,edifici_facades,W001,edifici
W001,edifici,19233,/38_[uid_W001]_.png,2638,1699,image/png,edifici_facades,W001,edifici
W003,edifici,5383,/3665_[uid_W003]_.png,2682,367,image/png,edifici_facades,W003,edifici
W003,edifici,9522,/8395_[uid_W003]_.png,755,618,image/png,edifici_facades,W003,edifici
W003,edifici,10664,/7885_[uid_W003]_.png,335,949,image/png,edifici_facades,W003,edifici
W003,edifici,12106,/8119_[uid_W003]_.png,3789,877,image/png,edifici_facades,W003,edifici
W003,edifici,12587,/7942_[uid_W003]_.png,2501,796,image/png,edifici_facades,W003,edifici
W003,edifici,12748,/7938_[uid_W003]_.png,3652,1399,image/png,edifici_facades,W003,edifici
W003,edifici,14804,/7929_[uid_W003]_.png,278,565,image/png,edifici_facades,W003,edifici
W003,edifici,16102,/8338_[uid_W003]_.png,992,748,image/png,edifici_facades,W003,edifici
W003,edifici,17190,/8337_[uid_W003]_.png,5709,699,image/png,edifici_facades,W003,edifici
W005,edifici,7636,/2360_[uid_W005]_.png,480,1016,image/png,edifici_facades,W005,edifici
W005,edifici,17662,/1888_[uid_W005]_.png,643,973,image/png,edifici_facades,W005,edifici
W005,edifici,17440,/2358_[uid_W005]_.png,1468,1444,image/png,edifici_facades,W005,edifici
W005,edifici,16170,/2749_[uid_W005]_.png,717,343,image/png,edifici_facades,W005,edifici
W005,edifici,15591,/2747_[uid_W005]_.png,1608,967,image/png,edifici_facades,W005,edifici
W005,edifici,15539,/2359_[uid_W005]_.png,883,1057,image/png,edifici_facades,W005,edifici
W005,edifici,14224,/2748_[uid_W005]_.png,790,758,image/png,edifici_facades,W005,edifici
W005,edifici,12707,/2694_[uid_W005]_.png,1724,1081,image/png,edifici_facades,W005,edifici
W005,edifici,12419,/2595_[uid_W005]_.png,773,1007,image/png,edifici_facades,W005,edifici
W005,edifici,12076,/3207_[uid_W005]_.png,2896,1245,image/png,edifici_facades,W005,edifici
W005,edifici,18411,/1837_[uid_W005]_.png,2457,1148,image/png,edifici_facades,W005,edifici
W005,edifici,11088,/1883_[uid_W005]_.png,773,1042,image/png,edifici_facades,W005,edifici
W005,edifici,10930,/3134_[uid_W005]_.png,1578,937,image/png,edifici_facades,W005,edifici
W005,edifici,10812,/2949_[uid_W005]_.png,1194,949,image/png,edifici_facades,W005,edifici
W005,edifici,10170,/1884_[uid_W005]_.png,406,217,image/png,edifici_facades,W005,edifici
W005,edifici,9867,/2598_[uid_W005]_.png,2519,1098,image/png,edifici_facades,W005,edifici
W005,edifici,9393,/2597_[uid_W005]_.png,1764,1090,image/png,edifici_facades,W005,edifici
W005,edifici,8332,/2599_[uid_W005]_.png,936,1136,image/png,edifici_facades,W005,edifici
W005,edifici,8315,/1604_[uid_W005]_.png,920,1312,image/png,edifici_facades,W005,edifici
W005,edifici,8143,/1885_[uid_W005]_.png,864,672,image/png,edifici_facades,W005,edifici
W005,edifici,7828,/2596_[uid_W005]_.png,883,1113,image/png,edifici_facades,W005,edifici
W005,edifici,10962,/2202_[uid_W005]_.png,3245,1184,image/png,edifici_facades,W005,edifici
W005,edifici,18756,/1977_[uid_W005]_.png,1341,1318,image/png,edifici_facades,W005,edifici
W007,edifici,5512,/4796_[uid_W007]_.png,1829,1338,image/png,edifici_facades,W007,edifici
W007,edifici,7355,/4630_[uid_W007]_.png,1066,925,image/png,edifici_facades,W007,edifici
W007,edifici,8061,/4754_[uid_W007]_.png,1224,1338,image/png,edifici_facades,W007,edifici
W007,edifici,8886,/4743_[uid_W007]_.png,1222,1324,image/png,edifici_facades,W007,edifici
W007,edifici,9104,/4530_[uid_W007]_.png,2624,1180,image/png,edifici_facades,W007,edifici
W007,edifici,10696,/4823_[uid_W007]_.png,1206,1314,image/png,edifici_facades,W007,edifici
W007,edifici,15656,/4783_[uid_W007]_.png,1220,1325,image/png,edifici_facades,W007,edifici
W007,edifici,16918,/4747_[uid_W007]_.png,2017,910,image/png,edifici_facades,W007,edifici
W007,edifici,18106,/4648_[uid_W007]_.png,571,662,image/png,edifici_facades,W007,edifici
W007,edifici,19038,/4410_[uid_W007]_.png,6630,2391,image/png,edifici_facades,W007,edifici
W009,edifici,5445,/681_[uid_W009]_.png,2059,1398,image/png,edifici_facades,W009,edifici
W009,edifici,6918,/1116_[uid_W009]_.png,1731,1394,image/png,edifici_facades,W009,edifici
W009,edifici,15762,/967_[uid_W009]_.png,1696,1698,image/png,edifici_facades,W009,edifici
W009,edifici,17179,/1304_[uid_W009]_.png,1771,1345,image/png,edifici_facades,W009,edifici
W010,edifici,7211,/1938_[uid_W010]_.png,755,740,image/png,edifici_facades,W010,edifici
W010,edifici,8921,/6320_[uid_W010]_.png,2969,94,image/png,edifici_facades,W010,edifici
W010,edifici,10105,/1827_[uid_W010]_.png,3977,969,image/png,edifici_facades,W010,edifici
W010,edifici,10129,/2775_[uid_W010]_.png,1559,930,image/png,edifici_facades,W010,edifici
W010,edifici,12166,/1836_[uid_W010]_.png,1138,1051,image/png,edifici_facades,W010,edifici
W010,edifici,12387,/3198_[uid_W010]_.png,5523,1404,image/png,edifici_facades,W010,edifici
W010,edifici,16895,/6319_[uid_W010]_.png,2770,94,image/png,edifici_facades,W010,edifici
W010,edifici,19127,/2776_[uid_W010]_.png,1806,454,image/png,edifici_facades,W010,edifici
W011,edifici,5439,/1264_[uid_W011]_.png,1578,1630,image/png,edifici_facades,W011,edifici
W011,edifici,12305,/461_[uid_W011]_.png,1138,951,image/png,edifici_facades,W011,edifici
W011,edifici,13230,/346_[uid_W011]_.png,1194,1161,image/png,edifici_facades,W011,edifici
W011,edifici,13387,/662_[uid_W011]_.png,1787,536,image/png,edifici_facades,W011,edifici
W011,edifici,13747,/913_[uid_W011]_.png,1138,1172,image/png,edifici_facades,W011,edifici
W011,edifici,14201,/310_[uid_W011]_.png,2694,1647,image/png,edifici_facades,W011,edifici
W011,edifici,14245,/23_[uid_W011]_.png,1980,2547,image/png,edifici_facades,W011,edifici
W011,edifici,14606,/750_[uid_W011]_.png,1229,1344,image/png,edifici_facades,W011,edifici
W011,edifici,12212,/1318_[uid_W011]_.png,1824,1400,image/png,edifici_facades,W011,edifici
W011,edifici,14834,/717_[uid_W011]_.png,3491,919,image/png,edifici_facades,W011,edifici
W011,edifici,15451,/888_[uid_W011]_.png,2099,1192,image/png,edifici_facades,W011,edifici
W011,edifici,15935,/1377_[uid_W011]_.png,1359,1424,image/png,edifici_facades,W011,edifici
W011,edifici,16445,/335_[uid_W011]_.png,992,1079,image/png,edifici_facades,W011,edifici
W011,edifici,16670,/1167_[uid_W011]_.png,699,806,image/png,edifici_facades,W011,edifici
W011,edifici,17362,/1171_[uid_W011]_.png,1508,1119,image/png,edifici_facades,W011,edifici
W011,edifici,17462,/960_[uid_W011]_.png,680,646,image/png,edifici_facades,W011,edifici
W011,edifici,17924,/920_[uid_W011]_.png,3621,813,image/png,edifici_facades,W011,edifici
W011,edifici,15132,/762_[uid_W011]_.png,1452,1230,image/png,edifici_facades,W011,edifici
W011,edifici,17936,/740_[uid_W011]_.png,3294,1283,image/png,edifici_facades,W011,edifici
W011,edifici,12206,/339_[uid_W011]_.png,973,490,image/png,edifici_facades,W011,edifici
W011,edifici,12142,/900_[uid_W011]_.png,6458,1450,image/png,edifici_facades,W011,edifici
W011,edifici,5611,/753_[uid_W011]_.png,1468,1446,image/png,edifici_facades,W011,edifici
W011,edifici,5987,/388_[uid_W011]_.png,894,590,image/png,edifici_facades,W011,edifici
W011,edifici,6038,/1394_[uid_W011]_.png,1768,998,image/png,edifici_facades,W011,edifici
W011,edifici,6119,/884_[uid_W011]_.png,1248,1210,image/png,edifici_facades,W011,edifici
W011,edifici,6685,/834_[uid_W011]_.png,3775,1112,image/png,edifici_facades,W011,edifici
W011,edifici,6973,/1574_[uid_W011]_.png,2933,1207,image/png,edifici_facades,W011,edifici
W011,edifici,7098,/420_[uid_W011]_.png,1101,672,image/png,edifici_facades,W011,edifici
W011,edifici,12197,/1383_[uid_W011]_.png,871,1311,image/png,edifici_facades,W011,edifici
W011,edifici,7639,/958_[uid_W011]_.png,680,581,image/png,edifici_facades,W011,edifici
W011,edifici,7840,/630_[uid_W011]_.png,1896,920,image/png,edifici_facades,W011,edifici
W011,edifici,8578,/769_[uid_W011]_.png,3886,1234,image/png,edifici_facades,W011,edifici
W011,edifici,10056,/502_[uid_W011]_.png,808,953,image/png,edifici_facades,W011,edifici
W011,edifici,10445,/1218_[uid_W011]_.png,1010,1172,image/png,edifici_facades,W011,edifici
W011,edifici,10701,/620_[uid_W011]_.png,2494,1438,image/png,edifici_facades,W011,edifici
W011,edifici,10945,/715_[uid_W011]_.png,3135,1258,image/png,edifici_facades,W011,edifici
W011,edifici,11561,/591_[uid_W011]_.png,1248,783,image/png,edifici_facades,W011,edifici
W011,edifici,7760,/1006_[uid_W011]_.png,3521,1286,image/png,edifici_facades,W011,edifici
W011,edifici,18827,/1476_[uid_W011]_.png,1906,1353,image/png,edifici_facades,W011,edifici
W012,edifici,6715,/2582_[uid_W012]_.png,2610,798,image/png,edifici_facades,W012,edifici
W012,edifici,8398,/3187_[uid_W012]_.png,1610,574,image/png,edifici_facades,W012,edifici
W012,edifici,8952,/2584_[uid_W012]_.png,1436,818,image/png,edifici_facades,W012,edifici
W012,edifici,16274,/1856_[uid_W012]_.png,1833,599,image/png,edifici_facades,W012,edifici
W013,edifici,5475,/1406_[uid_W013]_.png,3126,1537,image/png,edifici_facades,W013,edifici
W013,edifici,17744,/1179_[uid_W013]_.png,387,560,image/png,edifici_facades,W013,edifici
W013,edifici,17661,/409_[uid_W013]_.png,4103,1199,image/png,edifici_facades,W013,edifici
W013,edifici,15593,/1561_[uid_W013]_.png,471,494,image/png,edifici_facades,W013,edifici
W013,edifici,15452,/1376_[uid_W013]_.png,1878,477,image/png,edifici_facades,W013,edifici
W013,edifici,15180,/1315_[uid_W013]_.png,5716,1223,image/png,edifici_facades,W013,edifici
W013,edifici,14589,/1061_[uid_W013]_.png,643,954,image/png,edifici_facades,W013,edifici
W013,edifici,14262,/1344_[uid_W013]_.png,1431,1207,image/png,edifici_facades,W013,edifici
W013,edifici,13605,/1114_[uid_W013]_.png,1010,1285,image/png,edifici_facades,W013,edifici
W013,edifici,12841,/374_[uid_W013]_.png,1468,1332,image/png,edifici_facades,W013,edifici
W013,edifici,12832,/1091_[uid_W013]_.png,1522,1238,image/png,edifici_facades,W013,edifici
W013,edifici,12743,/1203_[uid_W013]_.png,564,1459,image/png,edifici_facades,W013,edifici
W013,edifici,17774,/1090_[uid_W013]_.png,955,1160,image/png,edifici_facades,W013,edifici
W013,edifici,12139,/1265_[uid_W013]_.png,1322,1725,image/png,edifici_facades,W013,edifici
W013,edifici,11739,/1395_[uid_W013]_.png,680,1004,image/png,edifici_facades,W013,edifici
W013,edifici,11473,/1301_[uid_W013]_.png,1668,1068,image/png,edifici_facades,W013,edifici
W013,edifici,11063,/872_[uid_W013]_.png,1169,1556,image/png,edifici_facades,W013,edifici
W013,edifici,9897,/964_[uid_W013]_.png,3691,1241,image/png,edifici_facades,W013,edifici
W013,edifici,9792,/14_[uid_W013]_.png,3501,1920,image/png,edifici_facades,W013,edifici
W013,edifici,9671,/1008_[uid_W013]_.png,2768,1745,image/png,edifici_facades,W013,edifici
W013,edifici,9601,/1559_[uid_W013]_.png,3140,1017,image/png,edifici_facades,W013,edifici
W013,edifici,8720,/849_[uid_W013]_.png,827,503,image/png,edifici_facades,W013,edifici
W013,edifici,8376,/817_[uid_W013]_.png,2512,1330,image/png,edifici_facades,W013,edifici
W013,edifici,7701,/1200_[uid_W013]_.png,2359,1556,image/png,edifici_facades,W013,edifici
W013,edifici,7475,/1541_[uid_W013]_.png,2254,1031,image/png,edifici_facades,W013,edifici
W013,edifici,11983,/521_[uid_W013]_.png,1303,1617,image/png,edifici_facades,W013,edifici
W013,edifici,18777,/422_[uid_W013]_.png,1194,1367,image/png,edifici_facades,W013,edifici
W016,edifici,6975,/1845_[uid_W016]_.png,6337,1680,image/png,edifici_facades,W016,edifici
W016,edifici,18993,/1811_[uid_W016]_.png,2382,1596,image/png,edifici_facades,W016,edifici
W018,edifici,7369,/6041_[uid_W018]_.png,1892,484,image/png,edifici_facades,W018,edifici
W018,edifici,7889,/6022_[uid_W018]_.png,485,974,image/png,edifici_facades,W018,edifici
W018,edifici,7985,/6057_[uid_W018]_.png,7630,1190,image/png,edifici_facades,W018,edifici
W018,edifici,11744,/6082_[uid_W018]_.png,4489,1131,image/png,edifici_facades,W018,edifici
W018,edifici,12853,/6042_[uid_W018]_.png,369,370,image/png,edifici_facades,W018,edifici
W018,edifici,13640,/6037_[uid_W018]_.png,1183,639,image/png,edifici_facades,W018,edifici
W018,edifici,16873,/6079_[uid_W018]_.png,3391,1195,image/png,edifici_facades,W018,edifici
W020,edifici,5917,/1012_[uid_W020]_.png,3217,1623,image/png,edifici_facades,W020,edifici
W020,edifici,18299,/1272_[uid_W020]_.png,1506,1480,image/png,edifici_facades,W020,edifici
W020,edifici,17777,/90_[uid_W020]_.png,2973,1437,image/png,edifici_facades,W020,edifici
W020,edifici,17708,/36_[uid_W020]_.png,3226,1572,image/png,edifici_facades,W020,edifici
W020,edifici,16938,/28_[uid_W020]_.png,1761,1119,image/png,edifici_facades,W020,edifici
W020,edifici,16891,/112_[uid_W020]_.png,2145,1560,image/png,edifici_facades,W020,edifici
W020,edifici,15937,/934_[uid_W020]_.png,1852,1346,image/png,edifici_facades,W020,edifici
W020,edifici,13800,/1016_[uid_W020]_.png,1689,1287,image/png,edifici_facades,W020,edifici
W020,edifici,12829,/91_[uid_W020]_.png,2710,1401,image/png,edifici_facades,W020,edifici
W020,edifici,12392,/111_[uid_W020]_.png,1375,1375,image/png,edifici_facades,W020,edifici
W020,edifici,11490,/1114_[uid_W020]_.png,2164,1479,image/png,edifici_facades,W020,edifici
W020,edifici,11193,/107_[uid_W020]_.png,2580,1274,image/png,edifici_facades,W020,edifici
W020,edifici,11166,/802_[uid_W020]_.png,1062,812,image/png,edifici_facades,W020,edifici
W020,edifici,10399,/85_[uid_W020]_.png,3833,1583,image/png,edifici_facades,W020,edifici
W020,edifici,9146,/1099_[uid_W020]_.png,608,828,image/png,edifici_facades,W020,edifici
W020,edifici,8277,/1287_[uid_W020]_.png,1743,1061,image/png,edifici_facades,W020,edifici
W020,edifici,7981,/1186_[uid_W020]_.png,3414,1826,image/png,edifici_facades,W020,edifici
W020,edifici,7287,/1302_[uid_W020]_.png,3426,1157,image/png,edifici_facades,W020,edifici
W020,edifici,6747,/110_[uid_W020]_.png,1417,1225,image/png,edifici_facades,W020,edifici
W020,edifici,6440,/109_[uid_W020]_.png,1138,1366,image/png,edifici_facades,W020,edifici
W020,edifici,6196,/1152_[uid_W020]_.png,1010,627,image/png,edifici_facades,W020,edifici
W020,edifici,6107,/106_[uid_W020]_.png,1559,1385,image/png,edifici_facades,W020,edifici
W020,edifici,18376,/1465_[uid_W020]_.png,3800,2011,image/png,edifici_facades,W020,edifici
W020,edifici,19284,/1409_[uid_W020]_.png,2068,1610,image/png,edifici_facades,W020,edifici
W021,edifici,5878,/4571_[uid_W021]_.png,864,1023,image/png,edifici_facades,W021,edifici
W021,edifici,5885,/4691_[uid_W021]_.png,1833,1380,image/png,edifici_facades,W021,edifici
W021,edifici,6697,/4520_[uid_W021]_.png,1747,1444,image/png,edifici_facades,W021,edifici
W021,edifici,8885,/4800_[uid_W021]_.png,2247,1210,image/png,edifici_facades,W021,edifici
W021,edifici,9183,/4561_[uid_W021]_.png,1743,1322,image/png,edifici_facades,W021,edifici
W021,edifici,14602,/4610_[uid_W021]_.png,3268,1468,image/png,edifici_facades,W021,edifici
W021,edifici,15438,/4507_[uid_W021]_.png,3317,1083,image/png,edifici_facades,W021,edifici
W021,edifici,17382,/4449_[uid_W021]_.png,4417,1191,image/png,edifici_facades,W021,edifici
W022,edifici,5318,/7885_[uid_W022]_.png,7565,1730,image/png,edifici_facades,W022,edifici
W022,edifici,6019,/8511_[uid_W022]_.png,4507,1177,image/png,edifici_facades,W022,edifici
W022,edifici,6419,/8072_[uid_W022]_.png,808,919,image/png,edifici_facades,W022,edifici
W022,edifici,6818,/8494_[uid_W022]_.png,3573,1122,image/png,edifici_facades,W022,edifici
W022,edifici,17779,/8105_[uid_W022]_.png,1926,1604,image/png,edifici_facades,W022,edifici
W022,edifici,19057,/4008_[uid_W022]_.png,2626,873,image/png,edifici_facades,W022,edifici
W023,edifici,5650,/4666_[uid_W023]_.png,2238,1305,image/png,edifici_facades,W023,edifici
W023,edifici,17350,/4700_[uid_W023]_.png,4468,1294,image/png,edifici_facades,W023,edifici
W023,edifici,16782,/4903_[uid_W023]_.png,3426,1136,image/png,edifici_facades,W023,edifici
W023,edifici,15818,/4508_[uid_W023]_.png,369,567,image/png,edifici_facades,W023,edifici
W023,edifici,14362,/4795_[uid_W023]_.png,3242,1287,image/png,edifici_facades,W023,edifici
W023,edifici,12195,/4612_[uid_W023]_.png,1738,1338,image/png,edifici_facades,W023,edifici
W023,edifici,11092,/4542_[uid_W023]_.png,920,1086,image/png,edifici_facades,W023,edifici
W023,edifici,11045,/4686_[uid_W023]_.png,3921,1186,image/png,edifici_facades,W023,edifici
W023,edifici,17562,/4868_[uid_W023]_.png,929,750,image/png,edifici_facades,W023,edifici
W023,edifici,11017,/4429_[uid_W023]_.png,1285,926,image/png,edifici_facades,W023,edifici
W023,edifici,9953,/4736_[uid_W023]_.png,3038,1570,image/png,edifici_facades,W023,edifici
W023,edifici,9307,/4652_[uid_W023]_.png,3431,1391,image/png,edifici_facades,W023,edifici
W023,edifici,8689,/4680_[uid_W023]_.png,1136,784,image/png,edifici_facades,W023,edifici
W023,edifici,8110,/4602_[uid_W023]_.png,2254,1093,image/png,edifici_facades,W023,edifici
W023,edifici,6577,/4613_[uid_W023]_.png,1701,1419,image/png,edifici_facades,W023,edifici
W023,edifici,6565,/4637_[uid_W023]_.png,2238,1265,image/png,edifici_facades,W023,edifici
W023,edifici,5939,/4777_[uid_W023]_.png,3112,859,image/png,edifici_facades,W023,edifici
W023,edifici,10312,/4768_[uid_W023]_.png,1431,812,image/png,edifici_facades,W023,edifici
W023,edifici,17861,/4441_[uid_W023]_.png,4363,970,image/png,edifici_facades,W023,edifici
W024,edifici,6507,/557_[uid_W024]_.png,1394,1050,image/png,edifici_facades,W024,edifici
W024,edifici,18233,/705_[uid_W024]_.png,2496,1177,image/png,edifici_facades,W024,edifici
W024,edifici,17643,/849_[uid_W024]_.png,1157,493,image/png,edifici_facades,W024,edifici
W024,edifici,17464,/342_[uid_W024]_.png,1643,868,image/png,edifici_facades,W024,edifici
W024,edifici,17361,/726_[uid_W024]_.png,714,785,image/png,edifici_facades,W024,edifici
W024,edifici,16249,/1223_[uid_W024]_.png,1961,1429,image/png,edifici_facades,W024,edifici
W024,edifici,15895,/666_[uid_W024]_.png,1743,1296,image/png,edifici_facades,W024,edifici
W024,edifici,14726,/885_[uid_W024]_.png,2192,1459,image/png,edifici_facades,W024,edifici
W024,edifici,14443,/975_[uid_W024]_.png,3126,1674,image/png,edifici_facades,W024,edifici
W024,edifici,14130,/627_[uid_W024]_.png,920,1287,image/png,edifici_facades,W024,edifici
W024,edifici,13829,/972_[uid_W024]_.png,1592,1306,image/png,edifici_facades,W024,edifici
W024,edifici,13533,/819_[uid_W024]_.png,864,565,image/png,edifici_facades,W024,edifici
W024,edifici,13055,/381_[uid_W024]_.png,1687,1332,image/png,edifici_facades,W024,edifici
W024,edifici,18574,/737_[uid_W024]_.png,1852,484,image/png,edifici_facades,W024,edifici
W024,edifici,12940,/631_[uid_W024]_.png,2254,834,image/png,edifici_facades,W024,edifici
W024,edifici,11315,/658_[uid_W024]_.png,1668,1294,image/png,edifici_facades,W024,edifici
W024,edifici,11146,/559_[uid_W024]_.png,2040,512,image/png,edifici_facades,W024,edifici
W024,edifici,11048,/1561_[uid_W024]_.png,759,505,image/png,edifici_facades,W024,edifici
W024,edifici,10796,/475_[uid_W024]_.png,2003,1289,image/png,edifici_facades,W024,edifici
W024,edifici,10532,/969_[uid_W024]_.png,2452,1089,image/png,edifici_facades,W024,edifici
W024,edifici,10350,/350_[uid_W024]_.png,955,873,image/png,edifici_facades,W024,edifici
W024,edifici,9853,/1069_[uid_W024]_.png,2803,1041,image/png,edifici_facades,W024,edifici
W024,edifici,9756,/1260_[uid_W024]_.png,2496,597,image/png,edifici_facades,W024,edifici
W024,edifici,9346,/650_[uid_W024]_.png,515,525,image/png,edifici_facades,W024,edifici
W024,edifici,8458,/735_[uid_W024]_.png,1908,1353,image/png,edifici_facades,W024,edifici
W024,edifici,7787,/458_[uid_W024]_.png,1687,798,image/png,edifici_facades,W024,edifici
W024,edifici,7439,/694_[uid_W024]_.png,476,623,image/png,edifici_facades,W024,edifici
W024,edifici,12641,/628_[uid_W024]_.png,1615,925,image/png,edifici_facades,W024,edifici
W024,edifici,19360,/661_[uid_W024]_.png,2840,1235,image/png,edifici_facades,W024,edifici
W025,edifici,5541,/899_[uid_W025]_.png,1487,1419,image/png,edifici_facades,W025,edifici
W025,edifici,5567,/524_[uid_W025]_.png,5953,1700,image/png,edifici_facades,W025,edifici
W025,edifici,6778,/1570_[uid_W025]_.png,2675,1189,image/png,edifici_facades,W025,edifici
W025,edifici,7274,/902_[uid_W025]_.png,3180,618,image/png,edifici_facades,W025,edifici
W025,edifici,9463,/509_[uid_W025]_.png,1029,721,image/png,edifici_facades,W025,edifici
W025,edifici,9993,/433_[uid_W025]_.png,1006,1433,image/png,edifici_facades,W025,edifici
W025,edifici,10034,/915_[uid_W025]_.png,4693,1211,image/png,edifici_facades,W025,edifici
W025,edifici,11173,/492_[uid_W025]_.png,1071,861,image/png,edifici_facades,W025,edifici
W025,edifici,12377,/764_[uid_W025]_.png,1564,670,image/png,edifici_facades,W025,edifici
W025,edifici,12453,/1046_[uid_W025]_.png,3098,843,image/png,edifici_facades,W025,edifici
W025,edifici,13771,/796_[uid_W025]_.png,1487,494,image/png,edifici_facades,W025,edifici
W025,edifici,13928,/917_[uid_W025]_.png,901,1020,image/png,edifici_facades,W025,edifici
W025,edifici,14495,/645_[uid_W025]_.png,2366,923,image/png,edifici_facades,W025,edifici
W025,edifici,15824,/15_[uid_W025]_.png,5991,1089,image/png,edifici_facades,W025,edifici
W025,edifici,17103,/894_[uid_W025]_.png,4626,1597,image/png,edifici_facades,W025,edifici
W026,edifici,6589,/3134_[uid_W026]_.png,4489,996,image/png,edifici_facades,W026,edifici
W026,edifici,18603,/2785_[uid_W026]_.png,1660,1060,image/png,edifici_facades,W026,edifici
W026,edifici,17723,/2492_[uid_W026]_.png,643,1449,image/png,edifici_facades,W026,edifici
W026,edifici,16649,/2782_[uid_W026]_.png,1922,1168,image/png,edifici_facades,W026,edifici
W026,edifici,14654,/2783_[uid_W026]_.png,1964,1113,image/png,edifici_facades,W026,edifici
W026,edifici,14617,/2725_[uid_W026]_.png,2116,1968,image/png,edifici_facades,W026,edifici
W026,edifici,14359,/1814_[uid_W026]_.png,1615,896,image/png,edifici_facades,W026,edifici
W026,edifici,14016,/1961_[uid_W026]_.png,4485,1531,image/png,edifici_facades,W026,edifici
W026,edifici,13918,/1813_[uid_W026]_.png,8283,1538,image/png,edifici_facades,W026,edifici
W026,edifici,12775,/2493_[uid_W026]_.png,1150,1291,image/png,edifici_facades,W026,edifici
W026,edifici,11236,/2779_[uid_W026]_.png,1452,1163,image/png,edifici_facades,W026,edifici
W026,edifici,11192,/1959_[uid_W026]_.png,20023,1131,image/png,edifici_facades,W026,edifici
W026,edifici,9750,/2491_[uid_W026]_.png,1066,877,image/png,edifici_facades,W026,edifici
W026,edifici,9099,/2469_[uid_W026]_.png,717,743,image/png,edifici_facades,W026,edifici
W026,edifici,7896,/2791_[uid_W026]_.png,1463,1168,image/png,edifici_facades,W026,edifici
W026,edifici,7011,/2468_[uid_W026]_.png,3442,709,image/png,edifici_facades,W026,edifici
W026,edifici,18804,/1890_[uid_W026]_.png,1894,904,image/png,edifici_facades,W026,edifici
W026,edifici,18992,/1889_[uid_W026]_.png,1176,887,image/png,edifici_facades,W026,edifici
W029,edifici,8104,/331_[uid_W029]_.png,783,615,image/png,edifici_facades,W029,edifici
W029,edifici,9647,/2852_[uid_W029]_.png,680,1434,image/png,edifici_facades,W029,edifici
W029,edifici,9969,/1506_[uid_W029]_.png,5623,1649,image/png,edifici_facades,W029,edifici
W029,edifici,10128,/330_[uid_W029]_.png,1229,1431,image/png,edifici_facades,W029,edifici
W029,edifici,13320,/264_[uid_W029]_.png,755,1049,image/png,edifici_facades,W029,edifici
W029,edifici,13590,/546_[uid_W029]_.png,4305,1525,image/png,edifici_facades,W029,edifici
W029,edifici,14268,/839_[uid_W029]_.png,534,898,image/png,edifici_facades,W029,edifici
W029,edifici,14952,/263_[uid_W029]_.png,3061,1711,image/png,edifici_facades,W029,edifici
W029,edifici,15577,/133_[uid_W029]_.png,627,696,image/png,edifici_facades,W029,edifici
W029,edifici,16009,/1491_[uid_W029]_.png,1596,1468,image/png,edifici_facades,W029,edifici
W029,edifici,17496,/132_[uid_W029]_.png,1615,1610,image/png,edifici_facades,W029,edifici
W029,edifici,17705,/135_[uid_W029]_.png,1596,1580,image/png,edifici_facades,W029,edifici
W029,edifici,18455,/318_[uid_W029]_.png,1452,882,image/png,edifici_facades,W029,edifici
W030,edifici,5596,/2866_[uid_W030]_.png,1717,1360,image/png,edifici_facades,W030,edifici
W030,edifici,17876,/2290_[uid_W030]_.png,1262,1282,image/png,edifici_facades,W030,edifici
W030,edifici,17383,/2668_[uid_W030]_.png,2694,1441,image/png,edifici_facades,W030,edifici
W030,edifici,16285,/2667_[uid_W030]_.png,1780,1585,image/png,edifici_facades,W030,edifici
W030,edifici,15759,/2296_[uid_W030]_.png,5823,1581,image/png,edifici_facades,W030,edifici
W030,edifici,14353,/2666_[uid_W030]_.png,1101,1634,image/png,edifici_facades,W030,edifici
W030,edifici,14275,/2714_[uid_W030]_.png,1606,858,image/png,edifici_facades,W030,edifici
W030,edifici,14005,/2713_[uid_W030]_.png,2568,1490,image/png,edifici_facades,W030,edifici
W030,edifici,13490,/2287_[uid_W030]_.png,1322,1025,image/png,edifici_facades,W030,edifici
W030,edifici,12388,/1694_[uid_W030]_.png,3375,1249,image/png,edifici_facades,W030,edifici
W030,edifici,12355,/2672_[uid_W030]_.png,2171,1374,image/png,edifici_facades,W030,edifici
W030,edifici,11912,/3139_[uid_W030]_.png,1341,1181,image/png,edifici_facades,W030,edifici
W030,edifici,11881,/2294_[uid_W030]_.png,1936,1461,image/png,edifici_facades,W030,edifici
W030,edifici,8049,/2662_[uid_W030]_.png,1703,1512,image/png,edifici_facades,W030,edifici
W030,edifici,6455,/2725_[uid_W030]_.png,22631,1976,image/png,edifici_facades,W030,edifici
W030,edifici,6157,/2717_[uid_W030]_.png,5354,1393,image/png,edifici_facades,W030,edifici
W030,edifici,18239,/2289_[uid_W030]_.png,673,1180,image/png,edifici_facades,W030,edifici
W030,edifici,18525,/2286_[uid_W030]_.png,1052,1298,image/png,edifici_facades,W030,edifici
W031,edifici,5561,/4318_[uid_W031]_.png,845,1172,image/png,edifici_facades,W031,edifici
W031,edifici,8621,/4322_[uid_W031]_.png,936,1494,image/png,edifici_facades,W031,edifici
W031,edifici,8873,/4224_[uid_W031]_.png,1833,1669,image/png,edifici_facades,W031,edifici
W031,edifici,10404,/4364_[uid_W031]_.png,1101,1600,image/png,edifici_facades,W031,edifici
W031,edifici,10739,/4319_[uid_W031]_.png,1522,1113,image/png,edifici_facades,W031,edifici
W031,edifici,11460,/4300_[uid_W031]_.png,1255,1327,image/png,edifici_facades,W031,edifici
W031,edifici,12776,/4299_[uid_W031]_.png,1861,1380,image/png,edifici_facades,W031,edifici
W031,edifici,12913,/4369_[uid_W031]_.png,3831,1338,image/png,edifici_facades,W031,edifici
W031,edifici,12964,/3878_[uid_W031]_.png,1155,1324,image/png,edifici_facades,W031,edifici
W031,edifici,13615,/4321_[uid_W031]_.png,808,1295,image/png,edifici_facades,W031,edifici
W031,edifici,14491,/4302_[uid_W031]_.png,1176,1305,image/png,edifici_facades,W031,edifici
W031,edifici,14934,/3902_[uid_W031]_.png,571,1416,image/png,edifici_facades,W031,edifici
W031,edifici,18013,/4279_[uid_W031]_.png,936,1242,image/png,edifici_facades,W031,edifici
W032,edifici,6434,/1333_[uid_W032]_.png,973,1545,image/png,edifici_facades,W032,edifici
W032,edifici,6889,/994_[uid_W032]_.png,5384,1149,image/png,edifici_facades,W032,edifici
W032,edifici,7530,/956_[uid_W032]_.png,1506,1870,image/png,edifici_facades,W032,edifici
W032,edifici,8059,/1040_[uid_W032]_.png,2603,1525,image/png,edifici_facades,W032,edifici
W032,edifici,11247,/1134_[uid_W032]_.png,864,1472,image/png,edifici_facades,W032,edifici
W032,edifici,11288,/403_[uid_W032]_.png,571,746,image/png,edifici_facades,W032,edifici
W032,edifici,11367,/1550_[uid_W032]_.png,3226,1392,image/png,edifici_facades,W032,edifici
W032,edifici,13690,/49_[uid_W032]_.png,1664,707,image/png,edifici_facades,W032,edifici
W032,edifici,13805,/986_[uid_W032]_.png,2494,1277,image/png,edifici_facades,W032,edifici
W032,edifici,14891,/1326_[uid_W032]_.png,920,932,image/png,edifici_facades,W032,edifici
W032,edifici,17188,/357_[uid_W032]_.png,2268,1041,image/png,edifici_facades,W032,edifici
W032,edifici,18619,/1367_[uid_W032]_.png,1729,1274,image/png,edifici_facades,W032,edifici
W032,edifici,18947,/1196_[uid_W032]_.png,1101,1350,image/png,edifici_facades,W032,edifici
W032,edifici,19289,/407_[uid_W032]_.png,6044,972,image/png,edifici_facades,W032,edifici
W032,edifici,19292,/987_[uid_W032]_.png,955,1298,image/png,edifici_facades,W032,edifici
W034,edifici,6752,/3951_[uid_W034]_.png,3298,875,image/png,edifici_facades,W034,edifici
W034,edifici,8324,/4084_[uid_W034]_.png,1101,949,image/png,edifici_facades,W034,edifici
W035,edifici,5399,/2034_[uid_W035]_.png,4433,1670,image/png,edifici_facades,W035,edifici
W035,edifici,18403,/2629_[uid_W035]_.png,167,1240,image/png,edifici_facades,W035,edifici
W035,edifici,18104,/3009_[uid_W035]_.png,1578,1504,image/png,edifici_facades,W035,edifici
W035,edifici,16988,/1629_[uid_W035]_.png,3182,1449,image/png,edifici_facades,W035,edifici
W035,edifici,16374,/2036_[uid_W035]_.png,2364,1660,image/png,edifici_facades,W035,edifici
W035,edifici,15898,/2504_[uid_W035]_.png,1194,1272,image/png,edifici_facades,W035,edifici
W035,edifici,15228,/2426_[uid_W035]_.png,1541,1447,image/png,edifici_facades,W035,edifici
W035,edifici,15163,/2042_[uid_W035]_.png,1413,1216,image/png,edifici_facades,W035,edifici
W035,edifici,14632,/3209_[uid_W035]_.png,3628,2320,image/png,edifici_facades,W035,edifici
W035,edifici,13624,/3007_[uid_W035]_.png,3700,1368,image/png,edifici_facades,W035,edifici
W035,edifici,13129,/3008_[uid_W035]_.png,1652,1165,image/png,edifici_facades,W035,edifici
W035,edifici,13040,/3201_[uid_W035]_.png,2822,1609,image/png,edifici_facades,W035,edifici
W035,edifici,12222,/2424_[uid_W035]_.png,1687,1337,image/png,edifici_facades,W035,edifici
W035,edifici,11833,/2888_[uid_W035]_.png,2998,1130,image/png,edifici_facades,W035,edifici
W035,edifici,11691,/1594_[uid_W035]_.png,3042,2946,image/png,edifici_facades,W035,edifici
W035,edifici,9188,/3037_[uid_W035]_.png,2108,1627,image/png,edifici_facades,W035,edifici
W035,edifici,7882,/3012_[uid_W035]_.png,2238,1592,image/png,edifici_facades,W035,edifici
W035,edifici,7700,/3127_[uid_W035]_.png,2137,2351,image/png,edifici_facades,W035,edifici
W035,edifici,7417,/2422_[uid_W035]_.png,2536,1874,image/png,edifici_facades,W035,edifici
W035,edifici,7111,/3036_[uid_W035]_.png,883,1516,image/png,edifici_facades,W035,edifici
W035,edifici,6972,/2041_[uid_W035]_.png,2273,1437,image/png,edifici_facades,W035,edifici
W035,edifici,6656,/2425_[uid_W035]_.png,3972,1293,image/png,edifici_facades,W035,edifici
W035,edifici,18849,/3041_[uid_W035]_.png,1931,2064,image/png,edifici_facades,W035,edifici
W035,edifici,19358,/2503_[uid_W035]_.png,1926,1460,image/png,edifici_facades,W035,edifici
W036,edifici,8137,/4607_[uid_W036]_.png,5751,958,image/png,edifici_facades,W036,edifici
W036,edifici,9210,/4511_[uid_W036]_.png,1224,1338,image/png,edifici_facades,W036,edifici
W036,edifici,9400,/4701_[uid_W036]_.png,1282,1415,image/png,edifici_facades,W036,edifici
W036,edifici,12267,/4485_[uid_W036]_.png,1287,1418,image/png,edifici_facades,W036,edifici
W036,edifici,13530,/4728_[uid_W036]_.png,662,1269,image/png,edifici_facades,W036,edifici
W036,edifici,14705,/4712_[uid_W036]_.png,1120,863,image/png,edifici_facades,W036,edifici
W036,edifici,15080,/4786_[uid_W036]_.png,1220,1338,image/png,edifici_facades,W036,edifici
W036,edifici,15774,/4596_[uid_W036]_.png,1843,1338,image/png,edifici_facades,W036,edifici
W037,edifici,7000,/1803_[uid_W037]_.png,2157,1860,image/png,edifici_facades,W037,edifici
W037,edifici,7033,/1804_[uid_W037]_.png,1451,1512,image/png,edifici_facades,W037,edifici
W037,edifici,7815,/3067_[uid_W037]_.png,790,979,image/png,edifici_facades,W037,edifici
W037,edifici,8345,/3068_[uid_W037]_.png,2050,1044,image/png,edifici_facades,W037,edifici
W037,edifici,8995,/2333_[uid_W037]_.png,2108,1061,image/png,edifici_facades,W037,edifici
W037,edifici,9126,/1805_[uid_W037]_.png,1424,1824,image/png,edifici_facades,W037,edifici
W037,edifici,9380,/3066_[uid_W037]_.png,571,1262,image/png,edifici_facades,W037,edifici
W037,edifici,10619,/2758_[uid_W037]_.png,6228,1092,image/png,edifici_facades,W037,edifici
W038,edifici,5524,/1469_[uid_W038]_.png,2017,1137,image/png,edifici_facades,W038,edifici
W038,edifici,5746,/392_[uid_W038]_.png,4800,1166,image/png,edifici_facades,W038,edifici
W038,edifici,9024,/1176_[uid_W038]_.png,1306,1232,image/png,edifici_facades,W038,edifici
W038,edifici,9498,/651_[uid_W038]_.png,1778,1194,image/png,edifici_facades,W038,edifici
W038,edifici,9708,/876_[uid_W038]_.png,1668,812,image/png,edifici_facades,W038,edifici
W038,edifici,10160,/348_[uid_W038]_.png,1634,1275,image/png,edifici_facades,W038,edifici
W038,edifici,11172,/623_[uid_W038]_.png,2292,1456,image/png,edifici_facades,W038,edifici
W038,edifici,12125,/672_[uid_W038]_.png,3242,455,image/png,edifici_facades,W038,edifici
W038,edifici,12324,/693_[uid_W038]_.png,920,1064,image/png,edifici_facades,W038,edifici
W038,edifici,13119,/677_[uid_W038]_.png,515,427,image/png,edifici_facades,W038,edifici
W038,edifici,13752,/455_[uid_W038]_.png,1559,1093,image/png,edifici_facades,W038,edifici
W038,edifici,14575,/586_[uid_W038]_.png,1520,1236,image/png,edifici_facades,W038,edifici
W038,edifici,14636,/476_[uid_W038]_.png,534,821,image/png,edifici_facades,W038,edifici
W038,edifici,14675,/730_[uid_W038]_.png,736,1127,image/png,edifici_facades,W038,edifici
W038,edifici,19324,/1119_[uid_W038]_.png,2447,696,image/png,edifici_facades,W038,edifici
W039,edifici,6156,/4212_[uid_W039]_.png,2094,1088,image/png,edifici_facades,W039,edifici
W039,edifici,16776,/3865_[uid_W039]_.png,717,1285,image/png,edifici_facades,W039,edifici
W039,edifici,16646,/4273_[uid_W039]_.png,2512,1567,image/png,edifici_facades,W039,edifici
W039,edifici,16385,/3214_[uid_W039]_.png,3482,2490,image/png,edifici_facades,W039,edifici
W039,edifici,15196,/4240_[uid_W039]_.png,1194,1175,image/png,edifici_facades,W039,edifici
W039,edifici,14652,/4272_[uid_W039]_.png,4065,1630,image/png,edifici_facades,W039,edifici
W039,edifici,14252,/4211_[uid_W039]_.png,1924,1073,image/png,edifici_facades,W039,edifici
W039,edifici,13997,/4359_[uid_W039]_.png,1992,1228,image/png,edifici_facades,W039,edifici
W039,edifici,12372,/4238_[uid_W039]_.png,864,1538,image/png,edifici_facades,W039,edifici
W039,edifici,17150,/4241_[uid_W039]_.png,2303,1624,image/png,edifici_facades,W039,edifici
W039,edifici,11707,/8401_[uid_W039]_.png,1827,1315,image/png,edifici_facades,W039,edifici
W039,edifici,10919,/8450_[uid_W039]_.png,491,1332,image/png,edifici_facades,W039,edifici
W039,edifici,10383,/4230_[uid_W039]_.png,2389,1620,image/png,edifici_facades,W039,edifici
W039,edifici,10360,/3210_[uid_W039]_.png,813,1208,image/png,edifici_facades,W039,edifici
W039,edifici,10081,/4229_[uid_W039]_.png,2750,1346,image/png,edifici_facades,W039,edifici
W039,edifici,8322,/8164_[uid_W039]_.png,2722,1206,image/png,edifici_facades,W039,edifici
W039,edifici,8028,/4228_[uid_W039]_.png,2605,1298,image/png,edifici_facades,W039,edifici
W039,edifici,6940,/4243_[uid_W039]_.png,1048,1673,image/png,edifici_facades,W039,edifici
W039,edifici,6740,/4239_[uid_W039]_.png,1724,1042,image/png,edifici_facades,W039,edifici
W039,edifici,11257,/8449_[uid_W039]_.png,2724,1381,image/png,edifici_facades,W039,edifici
W039,edifici,18857,/3213_[uid_W039]_.png,1724,1665,image/png,edifici_facades,W039,edifici
W040,edifici,5829,/3362_[uid_W040]_.png,1708,1215,image/png,edifici_facades,W040,edifici
W040,edifici,7678,/3310_[uid_W040]_.png,2968,1574,image/png,edifici_facades,W040,edifici
W040,edifici,8281,/3365_[uid_W040]_.png,1622,1449,image/png,edifici_facades,W040,edifici
W040,edifici,8536,/3341_[uid_W040]_.png,2238,1625,image/png,edifici_facades,W040,edifici
W040,edifici,8571,/3295_[uid_W040]_.png,2401,689,image/png,edifici_facades,W040,edifici
W040,edifici,13674,/3296_[uid_W040]_.png,1413,685,image/png,edifici_facades,W040,edifici
W040,edifici,13725,/3366_[uid_W040]_.png,1341,1135,image/png,edifici_facades,W040,edifici
W040,edifici,14565,/3361_[uid_W040]_.png,1513,1382,image/png,edifici_facades,W040,edifici
W040,edifici,14700,/3237_[uid_W040]_.png,1987,765,image/png,edifici_facades,W040,edifici
W040,edifici,15076,/3680_[uid_W040]_.png,497,753,image/png,edifici_facades,W040,edifici
W040,edifici,17720,/3312_[uid_W040]_.png,1613,552,image/png,edifici_facades,W040,edifici
W040,edifici,18338,/3336_[uid_W040]_.png,936,1328,image/png,edifici_facades,W040,edifici
W040,edifici,19213,/3367_[uid_W040]_.png,1545,1466,image/png,edifici_facades,W040,edifici
W041,edifici,5295,/583_[uid_W041]_.png,2329,1481,image/png,edifici_facades,W041,edifici
W041,edifici,17671,/253_[uid_W041]_.png,1775,1474,image/png,edifici_facades,W041,edifici
W041,edifici,16150,/1247_[uid_W041]_.png,3384,711,image/png,edifici_facades,W041,edifici
W041,edifici,15557,/255_[uid_W041]_.png,1794,1388,image/png,edifici_facades,W041,edifici
W041,edifici,15143,/1572_[uid_W041]_.png,3900,1536,image/png,edifici_facades,W041,edifici
W041,edifici,14284,/824_[uid_W041]_.png,1413,1287,image/png,edifici_facades,W041,edifici
W041,edifici,13507,/203_[uid_W041]_.png,1703,1447,image/png,edifici_facades,W041,edifici
W041,edifici,13314,/199_[uid_W041]_.png,1359,1129,image/png,edifici_facades,W041,edifici
W041,edifici,13258,/38_[uid_W041]_.png,3401,1831,image/png,edifici_facades,W041,edifici
W041,edifici,12709,/252_[uid_W041]_.png,2410,1560,image/png,edifici_facades,W041,edifici
W041,edifici,12643,/114_[uid_W041]_.png,1985,1882,image/png,edifici_facades,W041,edifici
W041,edifici,11941,/48_[uid_W041]_.png,2236,1638,image/png,edifici_facades,W041,edifici
W041,edifici,11789,/548_[uid_W041]_.png,2108,1564,image/png,edifici_facades,W041,edifici
W041,edifici,17847,/152_[uid_W041]_.png,1229,1006,image/png,edifici_facades,W041,edifici
W041,edifici,11648,/257_[uid_W041]_.png,1552,1672,image/png,edifici_facades,W041,edifici
W041,edifici,11361,/222_[uid_W041]_.png,5728,1561,image/png,edifici_facades,W041,edifici
W041,edifici,10545,/201_[uid_W041]_.png,1322,1482,image/png,edifici_facades,W041,edifici
W041,edifici,9672,/1529_[uid_W041]_.png,3793,1354,image/png,edifici_facades,W041,edifici
W041,edifici,9477,/1421_[uid_W041]_.png,1206,1156,image/png,edifici_facades,W041,edifici
W041,edifici,8843,/584_[uid_W041]_.png,2915,2095,image/png,edifici_facades,W041,edifici
W041,edifici,8476,/200_[uid_W041]_.png,2036,1571,image/png,edifici_facades,W041,edifici
W041,edifici,7826,/150_[uid_W041]_.png,864,1032,image/png,edifici_facades,W041,edifici
W041,edifici,7529,/251_[uid_W041]_.png,3354,1652,image/png,edifici_facades,W041,edifici
W041,edifici,7218,/149_[uid_W041]_.png,4312,1485,image/png,edifici_facades,W041,edifici
W041,edifici,6561,/256_[uid_W041]_.png,2289,1613,image/png,edifici_facades,W041,edifici
W041,edifici,6231,/549_[uid_W041]_.png,2143,1489,image/png,edifici_facades,W041,edifici
W041,edifici,6096,/1520_[uid_W041]_.png,1833,1574,image/png,edifici_facades,W041,edifici
W041,edifici,11423,/547_[uid_W041]_.png,1399,1445,image/png,edifici_facades,W041,edifici
W041,edifici,18396,/197_[uid_W041]_.png,2787,1476,image/png,edifici_facades,W041,edifici
W042,edifici,5605,/7436_[uid_W042]_.png,6483,2100,image/png,edifici_facades,W042,edifici
W042,edifici,17734,/7656_[uid_W042]_.png,2064,1507,image/png,edifici_facades,W042,edifici
W042,edifici,17716,/7719_[uid_W042]_.png,736,1232,image/png,edifici_facades,W042,edifici
W042,edifici,17218,/7759_[uid_W042]_.png,3296,1424,image/png,edifici_facades,W042,edifici
W042,edifici,15676,/7765_[uid_W042]_.png,241,1535,image/png,edifici_facades,W042,edifici
W042,edifici,15377,/7440_[uid_W042]_.png,2594,2194,image/png,edifici_facades,W042,edifici
W042,edifici,15337,/7674_[uid_W042]_.png,1815,1602,image/png,edifici_facades,W042,edifici
W042,edifici,14816,/7646_[uid_W042]_.png,2033,1509,image/png,edifici_facades,W042,edifici
W042,edifici,14012,/7838_[uid_W042]_.png,1961,1321,image/png,edifici_facades,W042,edifici
W042,edifici,12759,/7718_[uid_W042]_.png,1406,1304,image/png,edifici_facades,W042,edifici
W042,edifici,12719,/7657_[uid_W042]_.png,3396,1505,image/png,edifici_facades,W042,edifici
W042,edifici,11559,/7720_[uid_W042]_.png,1971,1412,image/png,edifici_facades,W042,edifici
W042,edifici,11201,/7660_[uid_W042]_.png,2603,1706,image/png,edifici_facades,W042,edifici
W042,edifici,9700,/7655_[uid_W042]_.png,2219,1587,image/png,edifici_facades,W042,edifici
W042,edifici,9650,/7668_[uid_W042]_.png,1394,1607,image/png,edifici_facades,W042,edifici
W042,edifici,9450,/7760_[uid_W042]_.png,1779,986,image/png,edifici_facades,W042,edifici
W042,edifici,8901,/7671_[uid_W042]_.png,1066,1272,image/png,edifici_facades,W042,edifici
W042,edifici,7695,/7654_[uid_W042]_.png,1359,1303,image/png,edifici_facades,W042,edifici
W042,edifici,7646,/7669_[uid_W042]_.png,1431,1810,image/png,edifici_facades,W042,edifici
W042,edifici,7284,/7670_[uid_W042]_.png,1083,1476,image/png,edifici_facades,W042,edifici
W042,edifici,6379,/7653_[uid_W042]_.png,4158,1534,image/png,edifici_facades,W042,edifici
W042,edifici,6067,/7661_[uid_W042]_.png,2108,1591,image/png,edifici_facades,W042,edifici
W042,edifici,17941,/7425_[uid_W042]_.png,1724,1828,image/png,edifici_facades,W042,edifici
W042,edifici,19042,/7659_[uid_W042]_.png,2347,1404,image/png,edifici_facades,W042,edifici
W043,edifici,7047,/3256_[uid_W043]_.png,1048,494,image/png,edifici_facades,W043,edifici
W043,edifici,8139,/3624_[uid_W043]_.png,4723,2239,image/png,edifici_facades,W043,edifici
W043,edifici,10702,/3310_[uid_W043]_.png,883,1465,image/png,edifici_facades,W043,edifici
W043,edifici,15386,/3215_[uid_W043]_.png,1266,1376,image/png,edifici_facades,W043,edifici
W044,edifici,6825,/2907_[uid_W044]_.png,1064,962,image/png,edifici_facades,W044,edifici
W044,edifici,8994,/2460_[uid_W044]_.png,5298,1111,image/png,edifici_facades,W044,edifici
W044,edifici,11940,/2906_[uid_W044]_.png,1359,1051,image/png,edifici_facades,W044,edifici
W044,edifici,15146,/3198_[uid_W044]_.png,3710,1376,image/png,edifici_facades,W044,edifici
W044,edifici,18385,/1938_[uid_W044]_.png,2987,689,image/png,edifici_facades,W044,edifici
W044,edifici,19150,/2733_[uid_W044]_.png,1048,1644,image/png,edifici_facades,W044,edifici
W045,edifici,6169,/4744_[uid_W045]_.png,2478,1144,image/png,edifici_facades,W045,edifici
W045,edifici,6446,/4496_[uid_W045]_.png,1743,1362,image/png,edifici_facades,W045,edifici
W045,edifici,9992,/4742_[uid_W045]_.png,2638,803,image/png,edifici_facades,W045,edifici
W045,edifici,11731,/4822_[uid_W045]_.png,1387,1154,image/png,edifici_facades,W045,edifici
W045,edifici,12101,/4729_[uid_W045]_.png,955,797,image/png,edifici_facades,W045,edifici
W045,edifici,12854,/4879_[uid_W045]_.png,8488,885,image/png,edifici_facades,W045,edifici
W045,edifici,14594,/4782_[uid_W045]_.png,4444,1164,image/png,edifici_facades,W045,edifici
W046,edifici,8316,/2386_[uid_W046]_.png,2694,1502,image/png,edifici_facades,W046,edifici
W046,edifici,8991,/3046_[uid_W046]_.png,2822,1381,image/png,edifici_facades,W046,edifici
W046,edifici,9402,/2388_[uid_W046]_.png,1706,1658,image/png,edifici_facades,W046,edifici
W046,edifici,9541,/3110_[uid_W046]_.png,3335,1176,image/png,edifici_facades,W046,edifici
W046,edifici,9910,/2387_[uid_W046]_.png,1871,1304,image/png,edifici_facades,W046,edifici
W046,edifici,11564,/2436_[uid_W046]_.png,2345,1403,image/png,edifici_facades,W046,edifici
W046,edifici,12982,/3044_[uid_W046]_.png,1634,1473,image/png,edifici_facades,W046,edifici
W046,edifici,15475,/2434_[uid_W046]_.png,1266,1259,image/png,edifici_facades,W046,edifici
W046,edifici,17386,/2435_[uid_W046]_.png,2364,1419,image/png,edifici_facades,W046,edifici
W046,edifici,18460,/3045_[uid_W046]_.png,1889,1190,image/png,edifici_facades,W046,edifici
W047,edifici,7174,/8072_[uid_W047]_.png,1157,1085,image/png,edifici_facades,W047,edifici
W047,edifici,7184,/3855_[uid_W047]_.png,3101,550,image/png,edifici_facades,W047,edifici
W047,edifici,16677,/3862_[uid_W047]_.png,1315,973,image/png,edifici_facades,W047,edifici
W048,edifici,6183,/4162_[uid_W048]_.png,3233,1234,image/png,edifici_facades,W048,edifici
W048,edifici,7230,/3859_[uid_W048]_.png,1066,666,image/png,edifici_facades,W048,edifici
W048,edifici,7638,/4050_[uid_W048]_.png,1083,1137,image/png,edifici_facades,W048,edifici
W048,edifici,8160,/3461_[uid_W048]_.png,1229,1163,image/png,edifici_facades,W048,edifici
W048,edifici,9887,/3555_[uid_W048]_.png,2371,640,image/png,edifici_facades,W048,edifici
W048,edifici,13892,/3557_[uid_W048]_.png,2052,1478,image/png,edifici_facades,W048,edifici
W048,edifici,15046,/3860_[uid_W048]_.png,1120,612,image/png,edifici_facades,W048,edifici
W048,edifici,17008,/3861_[uid_W048]_.png,1101,701,image/png,edifici_facades,W048,edifici
W048,edifici,18273,/4396_[uid_W048]_.png,3589,1510,image/png,edifici_facades,W048,edifici
W048,edifici,19331,/3556_[uid_W048]_.png,1506,1730,image/png,edifici_facades,W048,edifici
W049,edifici,8490,/160_[uid_W049]_.png,571,708,image/png,edifici_facades,W049,edifici
W049,edifici,8686,/181_[uid_W049]_.png,755,1225,image/png,edifici_facades,W049,edifici
W049,edifici,8781,/1518_[uid_W049]_.png,1687,1252,image/png,edifici_facades,W049,edifici
W049,edifici,10130,/102_[uid_W049]_.png,2112,1128,image/png,edifici_facades,W049,edifici
W049,edifici,10326,/538_[uid_W049]_.png,1559,1338,image/png,edifici_facades,W049,edifici
W049,edifici,10649,/542_[uid_W049]_.png,1668,1688,image/png,edifici_facades,W049,edifici
W049,edifici,11135,/105_[uid_W049]_.png,920,1310,image/png,edifici_facades,W049,edifici
W049,edifici,12576,/1577_[uid_W049]_.png,4872,1696,image/png,edifici_facades,W049,edifici
W049,edifici,13310,/182_[uid_W049]_.png,1522,1186,image/png,edifici_facades,W049,edifici
W049,edifici,13646,/540_[uid_W049]_.png,936,1366,image/png,edifici_facades,W049,edifici
W049,edifici,15618,/108_[uid_W049]_.png,955,1164,image/png,edifici_facades,W049,edifici
W049,edifici,16139,/106_[uid_W049]_.png,1101,1406,image/png,edifici_facades,W049,edifici
W049,edifici,16410,/1520_[uid_W049]_.png,6044,1494,image/png,edifici_facades,W049,edifici
W049,edifici,17284,/208_[uid_W049]_.png,1926,1102,image/png,edifici_facades,W049,edifici
W049,edifici,18606,/541_[uid_W049]_.png,827,1165,image/png,edifici_facades,W049,edifici
W049,edifici,18790,/183_[uid_W049]_.png,1266,1363,image/png,edifici_facades,W049,edifici
W050,edifici,5348,/4617_[uid_W050]_.png,2866,711,image/png,edifici_facades,W050,edifici
W050,edifici,7050,/4665_[uid_W050]_.png,9127,762,image/png,edifici_facades,W050,edifici
W050,edifici,9836,/4812_[uid_W050]_.png,3245,1189,image/png,edifici_facades,W050,edifici
W050,edifici,11521,/4860_[uid_W050]_.png,2787,1311,image/png,edifici_facades,W050,edifici
W050,edifici,12543,/4822_[uid_W050]_.png,6869,1335,image/png,edifici_facades,W050,edifici
W050,edifici,13939,/4857_[uid_W050]_.png,3619,705,image/png,edifici_facades,W050,edifici
W051,edifici,5361,/2309_[uid_W051]_.png,1926,1267,image/png,edifici_facades,W051,edifici
W051,edifici,15654,/3050_[uid_W051]_.png,2675,1738,image/png,edifici_facades,W051,edifici
W051,edifici,14882,/3001_[uid_W051]_.png,1248,991,image/png,edifici_facades,W051,edifici
W051,edifici,13609,/3041_[uid_W051]_.png,2280,1933,image/png,edifici_facades,W051,edifici
W051,edifici,12385,/3143_[uid_W051]_.png,2566,1491,image/png,edifici_facades,W051,edifici
W051,edifici,12120,/3104_[uid_W051]_.png,1833,1603,image/png,edifici_facades,W051,edifici
W051,edifici,11797,/3186_[uid_W051]_.png,1359,1600,image/png,edifici_facades,W051,edifici
W051,edifici,11229,/2311_[uid_W051]_.png,1262,1497,image/png,edifici_facades,W051,edifici
W051,edifici,16241,/2312_[uid_W051]_.png,2108,1275,image/png,edifici_facades,W051,edifici
W051,edifici,11137,/2886_[uid_W051]_.png,1468,1226,image/png,edifici_facades,W051,edifici
W051,edifici,10638,/3197_[uid_W051]_.png,1780,1652,image/png,edifici_facades,W051,edifici
W051,edifici,8910,/3202_[uid_W051]_.png,2584,1205,image/png,edifici_facades,W051,edifici
W051,edifici,8626,/3042_[uid_W051]_.png,1213,1403,image/png,edifici_facades,W051,edifici
W051,edifici,7049,/3199_[uid_W051]_.png,6158,1398,image/png,edifici_facades,W051,edifici
W051,edifici,6808,/2999_[uid_W051]_.png,1194,1511,image/png,edifici_facades,W051,edifici
W051,edifici,5674,/2996_[uid_W051]_.png,3073,1164,image/png,edifici_facades,W051,edifici
W051,edifici,5552,/3191_[uid_W051]_.png,2731,1688,image/png,edifici_facades,W051,edifici
W051,edifici,10831,/2997_[uid_W051]_.png,4217,1363,image/png,edifici_facades,W051,edifici
W051,edifici,17083,/3048_[uid_W051]_.png,1706,1805,image/png,edifici_facades,W051,edifici
W052,edifici,5382,/270_[uid_W052]_.png,2036,1396,image/png,edifici_facades,W052,edifici
W052,edifici,18485,/483_[uid_W052]_.png,1506,1591,image/png,edifici_facades,W052,edifici
W052,edifici,18466,/450_[uid_W052]_.png,1685,1170,image/png,edifici_facades,W052,edifici
W052,edifici,18183,/1544_[uid_W052]_.png,3122,1691,image/png,edifici_facades,W052,edifici
W052,edifici,17904,/58_[uid_W052]_.png,1157,1403,image/png,edifici_facades,W052,edifici
W052,edifici,17657,/449_[uid_W052]_.png,2271,1708,image/png,edifici_facades,W052,edifici
W052,edifici,17384,/259_[uid_W052]_.png,2768,1851,image/png,edifici_facades,W052,edifici
W052,edifici,16946,/332_[uid_W052]_.png,1717,1275,image/png,edifici_facades,W052,edifici
W052,edifici,16757,/484_[uid_W052]_.png,3666,1222,image/png,edifici_facades,W052,edifici
W052,edifici,16550,/1536_[uid_W052]_.png,2750,1253,image/png,edifici_facades,W052,edifici
W052,edifici,15947,/1427_[uid_W052]_.png,1961,1244,image/png,edifici_facades,W052,edifici
W052,edifici,15529,/265_[uid_W052]_.png,2368,1413,image/png,edifici_facades,W052,edifici
W052,edifici,14008,/322_[uid_W052]_.png,1506,1870,image/png,edifici_facades,W052,edifici
W052,edifici,13871,/1487_[uid_W052]_.png,1634,1613,image/png,edifici_facades,W052,edifici
W052,edifici,13508,/482_[uid_W052]_.png,883,1356,image/png,edifici_facades,W052,edifici
W052,edifici,13463,/274_[uid_W052]_.png,1220,1506,image/png,edifici_facades,W052,edifici
W052,edifici,12530,/59_[uid_W052]_.png,1080,1008,image/png,edifici_facades,W052,edifici
W052,edifici,11768,/61_[uid_W052]_.png,1522,1647,image/png,edifici_facades,W052,edifici
W052,edifici,11444,/53_[uid_W052]_.png,643,1490,image/png,edifici_facades,W052,edifici
W052,edifici,11242,/327_[uid_W052]_.png,3042,1619,image/png,edifici_facades,W052,edifici
W052,edifici,10529,/480_[uid_W052]_.png,1706,1300,image/png,edifici_facades,W052,edifici
W052,edifici,10001,/320_[uid_W052]_.png,780,1895,image/png,edifici_facades,W052,edifici
W052,edifici,9719,/260_[uid_W052]_.png,2399,1914,image/png,edifici_facades,W052,edifici
W052,edifici,8986,/1472_[uid_W052]_.png,1706,1118,image/png,edifici_facades,W052,edifici
W052,edifici,8207,/55_[uid_W052]_.png,1810,1583,image/png,edifici_facades,W052,edifici
W052,edifici,7446,/452_[uid_W052]_.png,2224,1416,image/png,edifici_facades,W052,edifici
W052,edifici,6341,/544_[uid_W052]_.png,3010,1689,image/png,edifici_facades,W052,edifici
W052,edifici,6260,/60_[uid_W052]_.png,4065,1640,image/png,edifici_facades,W052,edifici
W052,edifici,6139,/269_[uid_W052]_.png,1799,1705,image/png,edifici_facades,W052,edifici
W052,edifici,5665,/486_[uid_W052]_.png,3298,1569,image/png,edifici_facades,W052,edifici
W052,edifici,18886,/275_[uid_W052]_.png,1692,1460,image/png,edifici_facades,W052,edifici
W052,edifici,19068,/446_[uid_W052]_.png,769,400,image/png,edifici_facades,W052,edifici
W053,edifici,6993,/1625_[uid_W053]_.png,2182,1556,image/png,edifici_facades,W053,edifici
W053,edifici,9312,/2074_[uid_W053]_.png,3247,1677,image/png,edifici_facades,W053,edifici
W053,edifici,11020,/2174_[uid_W053]_.png,1431,1634,image/png,edifici_facades,W053,edifici
W053,edifici,12993,/2143_[uid_W053]_.png,2229,1953,image/png,edifici_facades,W053,edifici
W053,edifici,14751,/3141_[uid_W053]_.png,643,1182,image/png,edifici_facades,W053,edifici
W053,edifici,15252,/2144_[uid_W053]_.png,1138,549,image/png,edifici_facades,W053,edifici
W053,edifici,17043,/3209_[uid_W053]_.png,5073,1459,image/png,edifici_facades,W053,edifici
W053,edifici,18166,/2077_[uid_W053]_.png,1578,1564,image/png,edifici_facades,W053,edifici
W053,edifici,18421,/2142_[uid_W053]_.png,3324,1947,image/png,edifici_facades,W053,edifici
W054,edifici,5769,/3378_[uid_W054]_.png,853,1404,image/png,edifici_facades,W054,edifici
W054,edifici,16799,/4390_[uid_W054]_.png,1761,1147,image/png,edifici_facades,W054,edifici
W054,edifici,16651,/3406_[uid_W054]_.png,1252,1392,image/png,edifici_facades,W054,edifici
W054,edifici,15871,/3374_[uid_W054]_.png,1135,1240,image/png,edifici_facades,W054,edifici
W054,edifici,14258,/3464_[uid_W054]_.png,1995,750,image/png,edifici_facades,W054,edifici
W054,edifici,14127,/4112_[uid_W054]_.png,2036,2472,image/png,edifici_facades,W054,edifici
W054,edifici,13170,/4143_[uid_W054]_.png,955,854,image/png,edifici_facades,W054,edifici
W054,edifici,12404,/3373_[uid_W054]_.png,1775,907,image/png,edifici_facades,W054,edifici
W054,edifici,17509,/4389_[uid_W054]_.png,262,1041,image/png,edifici_facades,W054,edifici
W054,edifici,11861,/3376_[uid_W054]_.png,1722,1017,image/png,edifici_facades,W054,edifici
W054,edifici,11222,/3466_[uid_W054]_.png,4214,1542,image/png,edifici_facades,W054,edifici
W054,edifici,10668,/3405_[uid_W054]_.png,1285,1304,image/png,edifici_facades,W054,edifici
W054,edifici,10217,/4109_[uid_W054]_.png,1558,1295,image/png,edifici_facades,W054,edifici
W054,edifici,10136,/4110_[uid_W054]_.png,1779,3005,image/png,edifici_facades,W054,edifici
W054,edifici,7892,/3415_[uid_W054]_.png,106,1385,image/png,edifici_facades,W054,edifici
W054,edifici,6233,/3412_[uid_W054]_.png,106,1385,image/png,edifici_facades,W054,edifici
W054,edifici,5874,/4400_[uid_W054]_.png,4285,2367,image/png,edifici_facades,W054,edifici
W054,edifici,11501,/3469_[uid_W054]_.png,2081,1385,image/png,edifici_facades,W054,edifici
W054,edifici,17698,/3247_[uid_W054]_.png,1220,657,image/png,edifici_facades,W054,edifici
W055,edifici,5669,/3612_[uid_W055]_.png,736,1173,image/png,edifici_facades,W055,edifici
W055,edifici,17489,/4076_[uid_W055]_.png,1083,1440,image/png,edifici_facades,W055,edifici
W055,edifici,17443,/4139_[uid_W055]_.png,1468,1038,image/png,edifici_facades,W055,edifici
W055,edifici,16459,/3511_[uid_W055]_.png,1189,1168,image/png,edifici_facades,W055,edifici
W055,edifici,16420,/4189_[uid_W055]_.png,1706,1658,image/png,edifici_facades,W055,edifici
W055,edifici,15352,/4187_[uid_W055]_.png,2629,1675,image/png,edifici_facades,W055,edifici
W055,edifici,15276,/3450_[uid_W055]_.png,1282,1232,image/png,edifici_facades,W055,edifici
W055,edifici,14970,/3510_[uid_W055]_.png,1176,1437,image/png,edifici_facades,W055,edifici
W055,edifici,13292,/3943_[uid_W055]_.png,4470,1325,image/png,edifici_facades,W055,edifici
W055,edifici,12361,/4265_[uid_W055]_.png,3089,1018,image/png,edifici_facades,W055,edifici
W055,edifici,12326,/3245_[uid_W055]_.png,4837,1891,image/png,edifici_facades,W055,edifici
W055,edifici,12281,/3391_[uid_W055]_.png,2099,1155,image/png,edifici_facades,W055,edifici
W055,edifici,12259,/3520_[uid_W055]_.png,552,1233,image/png,edifici_facades,W055,edifici
W055,edifici,12168,/3452_[uid_W055]_.png,2108,1579,image/png,edifici_facades,W055,edifici
W055,edifici,11911,/3605_[uid_W055]_.png,1687,951,image/png,edifici_facades,W055,edifici
W055,edifici,18461,/3524_[uid_W055]_.png,1341,1041,image/png,edifici_facades,W055,edifici
W055,edifici,11580,/4107_[uid_W055]_.png,1101,1230,image/png,edifici_facades,W055,edifici
W055,edifici,11418,/3229_[uid_W055]_.png,2092,1911,image/png,edifici_facades,W055,edifici
W055,edifici,11330,/3571_[uid_W055]_.png,1468,1202,image/png,edifici_facades,W055,edifici
W055,edifici,10773,/3613_[uid_W055]_.png,1394,1461,image/png,edifici_facades,W055,edifici
W055,edifici,10538,/3614_[uid_W055]_.png,1285,1409,image/png,edifici_facades,W055,edifici
W055,edifici,10310,/3467_[uid_W055]_.png,448,586,image/png,edifici_facades,W055,edifici
W055,edifici,8963,/3396_[uid_W055]_.png,1343,1240,image/png,edifici_facades,W055,edifici
W055,edifici,7465,/3454_[uid_W055]_.png,1410,1452,image/png,edifici_facades,W055,edifici
W055,edifici,6966,/3371_[uid_W055]_.png,2134,1732,image/png,edifici_facades,W055,edifici
W055,edifici,6626,/3521_[uid_W055]_.png,1761,1025,image/png,edifici_facades,W055,edifici
W055,edifici,6433,/4106_[uid_W055]_.png,1394,1474,image/png,edifici_facades,W055,edifici
W055,edifici,6409,/4074_[uid_W055]_.png,8600,1586,image/png,edifici_facades,W055,edifici
W055,edifici,6330,/3604_[uid_W055]_.png,1048,1000,image/png,edifici_facades,W055,edifici
W055,edifici,6222,/4207_[uid_W055]_.png,571,992,image/png,edifici_facades,W055,edifici
W055,edifici,5740,/3570_[uid_W055]_.png,1634,1230,image/png,edifici_facades,W055,edifici
W055,edifici,11498,/4075_[uid_W055]_.png,1213,1489,image/png,edifici_facades,W055,edifici
W055,edifici,19043,/3383_[uid_W055]_.png,1599,1148,image/png,edifici_facades,W055,edifici
W056,edifici,12990,/3854_[uid_W056]_.png,992,547,image/png,edifici_facades,W056,edifici
W057,edifici,6820,/2032_[uid_W057]_.png,8228,1658,image/png,edifici_facades,W057,edifici
W057,edifici,6885,/2094_[uid_W057]_.png,1010,1640,image/png,edifici_facades,W057,edifici
W057,edifici,7159,/2093_[uid_W057]_.png,3038,2060,image/png,edifici_facades,W057,edifici
W057,edifici,7679,/1601_[uid_W057]_.png,2054,1433,image/png,edifici_facades,W057,edifici
W057,edifici,11927,/2033_[uid_W057]_.png,2529,1459,image/png,edifici_facades,W057,edifici
W057,edifici,13826,/3184_[uid_W057]_.png,3335,1603,image/png,edifici_facades,W057,edifici
W057,edifici,14364,/2168_[uid_W057]_.png,3917,1568,image/png,edifici_facades,W057,edifici
W057,edifici,15883,/2026_[uid_W057]_.png,1422,1549,image/png,edifici_facades,W057,edifici
W057,edifici,15911,/2169_[uid_W057]_.png,2248,3987,image/png,edifici_facades,W057,edifici
W058,edifici,5339,/8310_[uid_W058]_.png,752,1096,image/png,edifici_facades,W058,edifici
W058,edifici,7046,/7863_[uid_W058]_.png,3152,1719,image/png,edifici_facades,W058,edifici
W058,edifici,7127,/8362_[uid_W058]_.png,773,553,image/png,edifici_facades,W058,edifici
W058,edifici,8235,/8140_[uid_W058]_.png,1803,1377,image/png,edifici_facades,W058,edifici
W058,edifici,9564,/8458_[uid_W058]_.png,1522,1456,image/png,edifici_facades,W058,edifici
W058,edifici,9777,/8141_[uid_W058]_.png,1582,1212,image/png,edifici_facades,W058,edifici
W058,edifici,13619,/8167_[uid_W058]_.png,2529,1965,image/png,edifici_facades,W058,edifici
W058,edifici,13945,/8139_[uid_W058]_.png,1901,1664,image/png,edifici_facades,W058,edifici
W058,edifici,14516,/8144_[uid_W058]_.png,1443,1102,image/png,edifici_facades,W058,edifici
W058,edifici,19252,/8142_[uid_W058]_.png,3005,1253,image/png,edifici_facades,W058,edifici
W059,edifici,6303,/7862_[uid_W059]_.png,2872,1787,image/png,edifici_facades,W059,edifici
W059,edifici,16681,/8205_[uid_W059]_.png,1487,1158,image/png,edifici_facades,W059,edifici
W059,edifici,16143,/8314_[uid_W059]_.png,1940,1302,image/png,edifici_facades,W059,edifici
W059,edifici,15795,/8080_[uid_W059]_.png,2073,1026,image/png,edifici_facades,W059,edifici
W059,edifici,15326,/8078_[uid_W059]_.png,2808,1477,image/png,edifici_facades,W059,edifici
W059,edifici,15310,/8303_[uid_W059]_.png,1266,1038,image/png,edifici_facades,W059,edifici
W059,edifici,14962,/8077_[uid_W059]_.png,1916,1404,image/png,edifici_facades,W059,edifici
W059,edifici,14897,/8469_[uid_W059]_.png,843,720,image/png,edifici_facades,W059,edifici
W059,edifici,14731,/8204_[uid_W059]_.png,1352,1379,image/png,edifici_facades,W059,edifici
W059,edifici,14052,/8180_[uid_W059]_.png,2087,1404,image/png,edifici_facades,W059,edifici
W059,edifici,17264,/8081_[uid_W059]_.png,827,1639,image/png,edifici_facades,W059,edifici
W059,edifici,13534,/8178_[uid_W059]_.png,1327,1459,image/png,edifici_facades,W059,edifici
W059,edifici,12470,/8087_[uid_W059]_.png,1528,1658,image/png,edifici_facades,W059,edifici
W059,edifici,12191,/8301_[uid_W059]_.png,1522,823,image/png,edifici_facades,W059,edifici
W059,edifici,11652,/8325_[uid_W059]_.png,1926,1290,image/png,edifici_facades,W059,edifici
W059,edifici,10832,/8206_[uid_W059]_.png,3008,1797,image/png,edifici_facades,W059,edifici
W059,edifici,9712,/8508_[uid_W059]_.png,1761,992,image/png,edifici_facades,W059,edifici
W059,edifici,9424,/8217_[uid_W059]_.png,2611,1332,image/png,edifici_facades,W059,edifici
W059,edifici,7999,/8506_[uid_W059]_.png,2366,1381,image/png,edifici_facades,W059,edifici
W059,edifici,7515,/8323_[uid_W059]_.png,790,776,image/png,edifici_facades,W059,edifici
W059,edifici,7498,/8307_[uid_W059]_.png,2273,1225,image/png,edifici_facades,W059,edifici
W059,edifici,13157,/8177_[uid_W059]_.png,2357,1754,image/png,edifici_facades,W059,edifici
W059,edifici,18192,/8176_[uid_W059]_.png,2164,1598,image/png,edifici_facades,W059,edifici
W060,edifici,6018,/7128_[uid_W060]_.png,2910,1654,image/png,edifici_facades,W060,edifici
W060,edifici,6083,/1932_[uid_W060]_.png,717,1722,image/png,edifici_facades,W060,edifici
W060,edifici,6295,/2002_[uid_W060]_.png,643,1926,image/png,edifici_facades,W060,edifici
W060,edifici,6480,/7127_[uid_W060]_.png,1138,1909,image/png,edifici_facades,W060,edifici
W060,edifici,11492,/6987_[uid_W060]_.png,1871,1635,image/png,edifici_facades,W060,edifici
W060,edifici,12352,/1925_[uid_W060]_.png,662,1676,image/png,edifici_facades,W060,edifici
W060,edifici,12432,/2006_[uid_W060]_.png,3482,2093,image/png,edifici_facades,W060,edifici
W060,edifici,12519,/1723_[uid_W060]_.png,2584,1298,image/png,edifici_facades,W060,edifici
W060,edifici,12604,/7123_[uid_W060]_.png,76,1375,image/png,edifici_facades,W060,edifici
W060,edifici,13284,/3168_[uid_W060]_.png,2547,1262,image/png,edifici_facades,W060,edifici
W060,edifici,14357,/1931_[uid_W060]_.png,1852,2021,image/png,edifici_facades,W060,edifici
W060,edifici,15351,/1927_[uid_W060]_.png,1761,1926,image/png,edifici_facades,W060,edifici
W060,edifici,16008,/6678_[uid_W060]_.png,1634,2574,image/png,edifici_facades,W060,edifici
W060,edifici,16288,/1930_[uid_W060]_.png,2150,1374,image/png,edifici_facades,W060,edifici
W060,edifici,16417,/1929_[uid_W060]_.png,462,1519,image/png,edifici_facades,W060,edifici
W061,edifici,10156,/7892_[uid_W061]_.png,1980,1776,image/png,edifici_facades,W061,edifici
W061,edifici,12248,/7883_[uid_W061]_.png,1348,1776,image/png,edifici_facades,W061,edifici
W061,edifici,16171,/8105_[uid_W061]_.png,480,1741,image/png,edifici_facades,W061,edifici
W062,edifici,8503,/1577_[uid_W062]_.png,8123,2201,image/png,edifici_facades,W062,edifici
W062,edifici,11253,/17_[uid_W062]_.png,1961,2194,image/png,edifici_facades,W062,edifici
W062,edifici,15413,/98_[uid_W062]_.png,2945,2176,image/png,edifici_facades,W062,edifici
W062,edifici,15518,/329_[uid_W062]_.png,3554,1746,image/png,edifici_facades,W062,edifici
W062,edifici,15547,/186_[uid_W062]_.png,2475,1509,image/png,edifici_facades,W062,edifici
W063,edifici,5546,/6854_[uid_W063]_.png,2387,1792,image/png,edifici_facades,W063,edifici
W063,edifici,11935,/7269_[uid_W063]_.png,1136,1519,image/png,edifici_facades,W063,edifici
W063,edifici,12482,/7307_[uid_W063]_.png,1827,1159,image/png,edifici_facades,W063,edifici
W063,edifici,12674,/7340_[uid_W063]_.png,1724,1914,image/png,edifici_facades,W063,edifici
W063,edifici,13153,/7323_[uid_W063]_.png,590,1369,image/png,edifici_facades,W063,edifici
W063,edifici,13777,/6420_[uid_W063]_.png,2396,1763,image/png,edifici_facades,W063,edifici
W063,edifici,13908,/7335_[uid_W063]_.png,955,1234,image/png,edifici_facades,W063,edifici
W063,edifici,11863,/7270_[uid_W063]_.png,1615,1496,image/png,edifici_facades,W063,edifici
W063,edifici,14509,/6427_[uid_W063]_.png,406,1682,image/png,edifici_facades,W063,edifici
W063,edifici,15551,/7422_[uid_W063]_.png,1815,1442,image/png,edifici_facades,W063,edifici
W063,edifici,16762,/7258_[uid_W063]_.png,1799,1333,image/png,edifici_facades,W063,edifici
W063,edifici,17020,/7325_[uid_W063]_.png,1083,1383,image/png,edifici_facades,W063,edifici
W063,edifici,17180,/6414_[uid_W063]_.png,2887,2031,image/png,edifici_facades,W063,edifici
W063,edifici,17508,/7346_[uid_W063]_.png,2361,1491,image/png,edifici_facades,W063,edifici
W063,edifici,17857,/7306_[uid_W063]_.png,1559,1986,image/png,edifici_facades,W063,edifici
W063,edifici,15009,/6387_[uid_W063]_.png,3717,1265,image/png,edifici_facades,W063,edifici
W063,edifici,11666,/7345_[uid_W063]_.png,2215,1540,image/png,edifici_facades,W063,edifici
W063,edifici,10856,/7329_[uid_W063]_.png,590,1404,image/png,edifici_facades,W063,edifici
W063,edifici,10640,/6852_[uid_W063]_.png,1506,1530,image/png,edifici_facades,W063,edifici
W063,edifici,5711,/7267_[uid_W063]_.png,1431,1168,image/png,edifici_facades,W063,edifici
W063,edifici,5830,/6419_[uid_W063]_.png,1596,1082,image/png,edifici_facades,W063,edifici
W063,edifici,6380,/7421_[uid_W063]_.png,3591,1564,image/png,edifici_facades,W063,edifici
W063,edifici,6528,/7344_[uid_W063]_.png,1375,1874,image/png,edifici_facades,W063,edifici
W063,edifici,6792,/7327_[uid_W063]_.png,3612,1621,image/png,edifici_facades,W063,edifici
W063,edifici,6827,/7268_[uid_W063]_.png,2268,1566,image/png,edifici_facades,W063,edifici
W063,edifici,6922,/6432_[uid_W063]_.png,1506,1981,image/png,edifici_facades,W063,edifici
W063,edifici,7791,/7339_[uid_W063]_.png,1322,1210,image/png,edifici_facades,W063,edifici
W063,edifici,7933,/6878_[uid_W063]_.png,3501,1839,image/png,edifici_facades,W063,edifici
W063,edifici,8586,/6853_[uid_W063]_.png,1743,1728,image/png,edifici_facades,W063,edifici
W063,edifici,9289,/7321_[uid_W063]_.png,2082,1318,image/png,edifici_facades,W063,edifici
W063,edifici,9362,/7305_[uid_W063]_.png,1176,1354,image/png,edifici_facades,W063,edifici
W063,edifici,9412,/7338_[uid_W063]_.png,717,1283,image/png,edifici_facades,W063,edifici
W063,edifici,9766,/6422_[uid_W063]_.png,3270,2010,image/png,edifici_facades,W063,edifici
W063,edifici,10048,/7415_[uid_W063]_.png,2218,1877,image/png,edifici_facades,W063,edifici
W063,edifici,18188,/7322_[uid_W063]_.png,1213,1694,image/png,edifici_facades,W063,edifici
W063,edifici,19343,/7334_[uid_W063]_.png,1229,1618,image/png,edifici_facades,W063,edifici
W064,edifici,5735,/1376_[uid_W064]_.png,901,468,image/png,edifici_facades,W064,edifici
W064,edifici,6931,/870_[uid_W064]_.png,1610,471,image/png,edifici_facades,W064,edifici
W064,edifici,8158,/1336_[uid_W064]_.png,2001,832,image/png,edifici_facades,W064,edifici
W064,edifici,8443,/1161_[uid_W064]_.png,1917,1587,image/png,edifici_facades,W064,edifici
W064,edifici,9081,/1571_[uid_W064]_.png,2915,1812,image/png,edifici_facades,W064,edifici
W064,edifici,9379,/1039_[uid_W064]_.png,1157,1236,image/png,edifici_facades,W064,edifici
W064,edifici,9542,/1197_[uid_W064]_.png,2164,1132,image/png,edifici_facades,W064,edifici
W064,edifici,10327,/711_[uid_W064]_.png,3261,1314,image/png,edifici_facades,W064,edifici
W064,edifici,10557,/682_[uid_W064]_.png,1413,1087,image/png,edifici_facades,W064,edifici
W064,edifici,12711,/380_[uid_W064]_.png,515,476,image/png,edifici_facades,W064,edifici
W064,edifici,14392,/1033_[uid_W064]_.png,2366,1776,image/png,edifici_facades,W064,edifici
W064,edifici,16682,/1164_[uid_W064]_.png,1866,1525,image/png,edifici_facades,W064,edifici
W064,edifici,16707,/371_[uid_W064]_.png,1029,1396,image/png,edifici_facades,W064,edifici
W065,edifici,6483,/4660_[uid_W065]_.png,3087,890,image/png,edifici_facades,W065,edifici
W065,edifici,8393,/4426_[uid_W065]_.png,3065,1113,image/png,edifici_facades,W065,edifici
W065,edifici,9864,/4481_[uid_W065]_.png,1508,780,image/png,edifici_facades,W065,edifici
W065,edifici,12972,/4474_[uid_W065]_.png,2731,1037,image/png,edifici_facades,W065,edifici
W065,edifici,18527,/4609_[uid_W065]_.png,864,450,image/png,edifici_facades,W065,edifici
W067,edifici,6714,/3483_[uid_W067]_.png,1120,1532,image/png,edifici_facades,W067,edifici
W067,edifici,16091,/3476_[uid_W067]_.png,2212,1610,image/png,edifici_facades,W067,edifici
W067,edifici,18556,/3242_[uid_W067]_.png,4544,1820,image/png,edifici_facades,W067,edifici
W068,edifici,7434,/4162_[uid_W068]_.png,920,821,image/png,edifici_facades,W068,edifici
W068,edifici,13312,/4153_[uid_W068]_.png,1931,619,image/png,edifici_facades,W068,edifici
W068,edifici,14197,/4170_[uid_W068]_.png,1285,1331,image/png,edifici_facades,W068,edifici
W068,edifici,14707,/4268_[uid_W068]_.png,1350,688,image/png,edifici_facades,W068,edifici
W068,edifici,16500,/4168_[uid_W068]_.png,2689,1522,image/png,edifici_facades,W068,edifici
W068,edifici,17050,/4266_[uid_W068]_.png,3261,906,image/png,edifici_facades,W068,edifici
W068,edifici,19172,/3594_[uid_W068]_.png,2784,898,image/png,edifici_facades,W068,edifici
W069,edifici,5311,/2263_[uid_W069]_.png,527,1072,image/png,edifici_facades,W069,edifici
W069,edifici,18313,/2189_[uid_W069]_.png,1394,2176,image/png,edifici_facades,W069,edifici
W069,edifici,17793,/2190_[uid_W069]_.png,2759,1998,image/png,edifici_facades,W069,edifici
W069,edifici,17360,/2901_[uid_W069]_.png,999,1129,image/png,edifici_facades,W069,edifici
W069,edifici,16107,/2144_[uid_W069]_.png,4398,859,image/png,edifici_facades,W069,edifici
W069,edifici,15832,/2900_[uid_W069]_.png,1859,1199,image/png,edifici_facades,W069,edifici
W069,edifici,15509,/3206_[uid_W069]_.png,2968,1858,image/png,edifici_facades,W069,edifici
W069,edifici,14256,/3209_[uid_W069]_.png,2893,1404,image/png,edifici_facades,W069,edifici
W069,edifici,13389,/2267_[uid_W069]_.png,2310,1331,image/png,edifici_facades,W069,edifici
W069,edifici,12802,/2191_[uid_W069]_.png,936,1764,image/png,edifici_facades,W069,edifici
W069,edifici,11402,/2147_[uid_W069]_.png,2833,1810,image/png,edifici_facades,W069,edifici
W069,edifici,10188,/1622_[uid_W069]_.png,1450,1377,image/png,edifici_facades,W069,edifici
W069,edifici,8820,/2264_[uid_W069]_.png,2168,1575,image/png,edifici_facades,W069,edifici
W069,edifici,8253,/3043_[uid_W069]_.png,1706,1639,image/png,edifici_facades,W069,edifici
W069,edifici,5866,/2146_[uid_W069]_.png,4756,2346,image/png,edifici_facades,W069,edifici
W069,edifici,5857,/3044_[uid_W069]_.png,1954,1658,image/png,edifici_facades,W069,edifici
W069,edifici,18994,/3174_[uid_W069]_.png,1961,1500,image/png,edifici_facades,W069,edifici
W069,edifici,19160,/2143_[uid_W069]_.png,1634,1945,image/png,edifici_facades,W069,edifici
W070,edifici,5623,/1624_[uid_W070]_.png,2438,1532,image/png,edifici_facades,W070,edifici
W070,edifici,8594,/2106_[uid_W070]_.png,1761,1535,image/png,edifici_facades,W070,edifici
W070,edifici,9111,/2108_[uid_W070]_.png,2987,1527,image/png,edifici_facades,W070,edifici
W070,edifici,9863,/1749_[uid_W070]_.png,955,1822,image/png,edifici_facades,W070,edifici
W070,edifici,9893,/1606_[uid_W070]_.png,1961,1846,image/png,edifici_facades,W070,edifici
W070,edifici,10487,/1750_[uid_W070]_.png,2216,1750,image/png,edifici_facades,W070,edifici
W070,edifici,10732,/2246_[uid_W070]_.png,1718,1496,image/png,edifici_facades,W070,edifici
W070,edifici,11392,/3154_[uid_W070]_.png,2896,1673,image/png,edifici_facades,W070,edifici
W070,edifici,12087,/3204_[uid_W070]_.png,4526,1552,image/png,edifici_facades,W070,edifici
W070,edifici,13585,/1752_[uid_W070]_.png,1795,1732,image/png,edifici_facades,W070,edifici
W070,edifici,16598,/2245_[uid_W070]_.png,1055,1125,image/png,edifici_facades,W070,edifici
W070,edifici,18555,/1753_[uid_W070]_.png,2347,1603,image/png,edifici_facades,W070,edifici
W070,edifici,18607,/2104_[uid_W070]_.png,2907,2132,image/png,edifici_facades,W070,edifici
W071,edifici,6706,/2575_[uid_W071]_.png,827,1236,image/png,edifici_facades,W071,edifici
W071,edifici,12727,/2688_[uid_W071]_.png,824,1258,image/png,edifici_facades,W071,edifici
W071,edifici,13735,/2949_[uid_W071]_.png,4800,1169,image/png,edifici_facades,W071,edifici
W071,edifici,15724,/2653_[uid_W071]_.png,1101,1150,image/png,edifici_facades,W071,edifici
W072,edifici,5389,/3626_[uid_W072]_.png,3861,1240,image/png,edifici_facades,W072,edifici
W072,edifici,18763,/4029_[uid_W072]_.png,2022,1205,image/png,edifici_facades,W072,edifici
W072,edifici,18109,/3836_[uid_W072]_.png,936,1153,image/png,edifici_facades,W072,edifici
W072,edifici,17803,/3573_[uid_W072]_.png,1615,764,image/png,edifici_facades,W072,edifici
W072,edifici,17342,/4130_[uid_W072]_.png,1359,1420,image/png,edifici_facades,W072,edifici
W072,edifici,15876,/4131_[uid_W072]_.png,976,1178,image/png,edifici_facades,W072,edifici
W072,edifici,15752,/3440_[uid_W072]_.png,699,838,image/png,edifici_facades,W072,edifici
W072,edifici,14320,/3435_[uid_W072]_.png,1138,1367,image/png,edifici_facades,W072,edifici
W072,edifici,14261,/3493_[uid_W072]_.png,3010,1202,image/png,edifici_facades,W072,edifici
W072,edifici,14047,/4377_[uid_W072]_.png,1303,1056,image/png,edifici_facades,W072,edifici
W072,edifici,13963,/3432_[uid_W072]_.png,1999,1357,image/png,edifici_facades,W072,edifici
W072,edifici,13620,/3838_[uid_W072]_.png,1029,927,image/png,edifici_facades,W072,edifici
W072,edifici,13136,/3837_[uid_W072]_.png,1431,1182,image/png,edifici_facades,W072,edifici
W072,edifici,11742,/3442_[uid_W072]_.png,1266,1391,image/png,edifici_facades,W072,edifici
W072,edifici,11630,/3212_[uid_W072]_.png,4030,1877,image/png,edifici_facades,W072,edifici
W072,edifici,11185,/3437_[uid_W072]_.png,462,428,image/png,edifici_facades,W072,edifici
W072,edifici,10744,/3580_[uid_W072]_.png,1506,1371,image/png,edifici_facades,W072,edifici
W072,edifici,10347,/3840_[uid_W072]_.png,2219,1353,image/png,edifici_facades,W072,edifici
W072,edifici,9978,/3542_[uid_W072]_.png,1587,1411,image/png,edifici_facades,W072,edifici
W072,edifici,9858,/3538_[uid_W072]_.png,1055,884,image/png,edifici_facades,W072,edifici
W072,edifici,8011,/3431_[uid_W072]_.png,1578,1029,image/png,edifici_facades,W072,edifici
W072,edifici,6437,/3439_[uid_W072]_.png,2350,913,image/png,edifici_facades,W072,edifici
W072,edifici,6138,/3544_[uid_W072]_.png,1710,424,image/png,edifici_facades,W072,edifici
W072,edifici,5560,/3581_[uid_W072]_.png,1908,1190,image/png,edifici_facades,W072,edifici
W072,edifici,18915,/3417_[uid_W072]_.png,1596,1775,image/png,edifici_facades,W072,edifici
W072,edifici,18932,/3433_[uid_W072]_.png,1285,850,image/png,edifici_facades,W072,edifici
W073,edifici,7506,/3628_[uid_W073]_.png,2534,1623,image/png,edifici_facades,W073,edifici
W073,edifici,7541,/3487_[uid_W073]_.png,2671,1041,image/png,edifici_facades,W073,edifici
W073,edifici,10998,/3638_[uid_W073]_.png,2438,1820,image/png,edifici_facades,W073,edifici
W074,edifici,6193,/2211_[uid_W074]_.png,1357,1494,image/png,edifici_facades,W074,edifici
W074,edifici,17741,/73_[uid_W074]_.png,1506,1695,image/png,edifici_facades,W074,edifici
W074,edifici,17346,/2850_[uid_W074]_.png,311,536,image/png,edifici_facades,W074,edifici
W074,edifici,13608,/262_[uid_W074]_.png,1010,1579,image/png,edifici_facades,W074,edifici
W074,edifici,13288,/1755_[uid_W074]_.png,1743,1358,image/png,edifici_facades,W074,edifici
W074,edifici,12782,/2252_[uid_W074]_.png,1780,1553,image/png,edifici_facades,W074,edifici
W074,edifici,11748,/2210_[uid_W074]_.png,1048,1402,image/png,edifici_facades,W074,edifici
W074,edifici,18621,/263_[uid_W074]_.png,2092,1655,image/png,edifici_facades,W074,edifici
W074,edifici,11081,/1494_[uid_W074]_.png,2194,1341,image/png,edifici_facades,W074,edifici
W074,edifici,10210,/1757_[uid_W074]_.png,2401,1794,image/png,edifici_facades,W074,edifici
W074,edifici,9033,/1758_[uid_W074]_.png,1138,1475,image/png,edifici_facades,W074,edifici
W074,edifici,8634,/261_[uid_W074]_.png,883,1430,image/png,edifici_facades,W074,edifici
W074,edifici,7690,/71_[uid_W074]_.png,2457,1521,image/png,edifici_facades,W074,edifici
W074,edifici,6404,/2256_[uid_W074]_.png,3847,1666,image/png,edifici_facades,W074,edifici
W074,edifici,6386,/76_[uid_W074]_.png,2347,1509,image/png,edifici_facades,W074,edifici
W074,edifici,10634,/260_[uid_W074]_.png,1652,1898,image/png,edifici_facades,W074,edifici
W074,edifici,18776,/1754_[uid_W074]_.png,1431,1307,image/png,edifici_facades,W074,edifici
W075,edifici,5323,/8242_[uid_W075]_.png,1761,1681,image/png,edifici_facades,W075,edifici
W075,edifici,17047,/8422_[uid_W075]_.png,920,1116,image/png,edifici_facades,W075,edifici
W075,edifici,16967,/8192_[uid_W075]_.png,883,1592,image/png,edifici_facades,W075,edifici
W075,edifici,16756,/8410_[uid_W075]_.png,2073,1339,image/png,edifici_facades,W075,edifici
W075,edifici,15950,/8409_[uid_W075]_.png,2973,1990,image/png,edifici_facades,W075,edifici
W075,edifici,15534,/7736_[uid_W075]_.png,2959,1972,image/png,edifici_facades,W075,edifici
W075,edifici,15020,/8456_[uid_W075]_.png,1743,1497,image/png,edifici_facades,W075,edifici
W075,edifici,12794,/7823_[uid_W075]_.png,1394,960,image/png,edifici_facades,W075,edifici
W075,edifici,17783,/7796_[uid_W075]_.png,662,1122,image/png,edifici_facades,W075,edifici
W075,edifici,11958,/8421_[uid_W075]_.png,1248,1083,image/png,edifici_facades,W075,edifici
W075,edifici,11519,/8188_[uid_W075]_.png,1792,2070,image/png,edifici_facades,W075,edifici
W075,edifici,11513,/7734_[uid_W075]_.png,1947,1038,image/png,edifici_facades,W075,edifici
W075,edifici,11374,/8437_[uid_W075]_.png,2275,948,image/png,edifici_facades,W075,edifici
W075,edifici,9715,/7733_[uid_W075]_.png,3182,1367,image/png,edifici_facades,W075,edifici
W075,edifici,8237,/7635_[uid_W075]_.png,755,1277,image/png,edifici_facades,W075,edifici
W075,edifici,7714,/7732_[uid_W075]_.png,1775,1099,image/png,edifici_facades,W075,edifici
W075,edifici,5466,/8468_[uid_W075]_.png,2073,1270,image/png,edifici_facades,W075,edifici
W075,edifici,11852,/8438_[uid_W075]_.png,973,992,image/png,edifici_facades,W075,edifici
W075,edifici,18432,/8510_[uid_W075]_.png,5181,2173,image/png,edifici_facades,W075,edifici
W076,edifici,8407,/1001_[uid_W076]_.png,2164,1414,image/png,edifici_facades,W076,edifici
W076,edifici,8644,/1272_[uid_W076]_.png,1541,1489,image/png,edifici_facades,W076,edifici
W076,edifici,10392,/1459_[uid_W076]_.png,2822,1605,image/png,edifici_facades,W076,edifici
W076,edifici,11740,/1432_[uid_W076]_.png,1506,2078,image/png,edifici_facades,W076,edifici
W076,edifici,12256,/80_[uid_W076]_.png,2287,1219,image/png,edifici_facades,W076,edifici
W076,edifici,12877,/1454_[uid_W076]_.png,1466,1424,image/png,edifici_facades,W076,edifici
W076,edifici,14649,/1569_[uid_W076]_.png,3180,1289,image/png,edifici_facades,W076,edifici
W076,edifici,15384,/1453_[uid_W076]_.png,1645,1406,image/png,edifici_facades,W076,edifici
W076,edifici,16320,/1444_[uid_W076]_.png,590,1097,image/png,edifici_facades,W076,edifici
W076,edifici,18279,/1468_[uid_W076]_.png,2438,1216,image/png,edifici_facades,W076,edifici
W076,edifici,18934,/1443_[uid_W076]_.png,1634,1807,image/png,edifici_facades,W076,edifici
W077,edifici,7181,/1929_[uid_W077]_.png,813,1575,image/png,edifici_facades,W077,edifici
W077,edifici,11795,/3171_[uid_W077]_.png,4065,1725,image/png,edifici_facades,W077,edifici
W077,edifici,12086,/3081_[uid_W077]_.png,1517,1247,image/png,edifici_facades,W077,edifici
W077,edifici,12252,/1793_[uid_W077]_.png,2419,1442,image/png,edifici_facades,W077,edifici
W077,edifici,12414,/1621_[uid_W077]_.png,2310,1493,image/png,edifici_facades,W077,edifici
W077,edifici,14358,/3074_[uid_W077]_.png,1010,997,image/png,edifici_facades,W077,edifici
W077,edifici,14975,/1677_[uid_W077]_.png,2180,1937,image/png,edifici_facades,W077,edifici
W077,edifici,14994,/1705_[uid_W077]_.png,1799,1525,image/png,edifici_facades,W077,edifici
W077,edifici,15215,/3083_[uid_W077]_.png,1229,1478,image/png,edifici_facades,W077,edifici
W077,edifici,15816,/1680_[uid_W077]_.png,2512,1925,image/png,edifici_facades,W077,edifici
W077,edifici,16185,/1786_[uid_W077]_.png,1403,1570,image/png,edifici_facades,W077,edifici
W077,edifici,16813,/1790_[uid_W077]_.png,2066,1341,image/png,edifici_facades,W077,edifici
W077,edifici,16824,/1679_[uid_W077]_.png,1303,1907,image/png,edifici_facades,W077,edifici
W077,edifici,17131,/3082_[uid_W077]_.png,1764,1179,image/png,edifici_facades,W077,edifici
W077,edifici,17285,/1681_[uid_W077]_.png,864,545,image/png,edifici_facades,W077,edifici
W078,edifici,7501,/897_[uid_W078]_.png,736,559,image/png,edifici_facades,W078,edifici
W078,edifici,8661,/898_[uid_W078]_.png,4770,491,image/png,edifici_facades,W078,edifici
W078,edifici,13819,/863_[uid_W078]_.png,5967,1694,image/png,edifici_facades,W078,edifici
W078,edifici,17532,/799_[uid_W078]_.png,5570,1348,image/png,edifici_facades,W078,edifici
W078,edifici,17787,/15_[uid_W078]_.png,8588,1083,image/png,edifici_facades,W078,edifici
W079,edifici,5330,/6647_[uid_W079]_.png,1357,1450,image/png,edifici_facades,W079,edifici
W079,edifici,18665,/6638_[uid_W079]_.png,627,1332,image/png,edifici_facades,W079,edifici
W079,edifici,18647,/6777_[uid_W079]_.png,883,1438,image/png,edifici_facades,W079,edifici
W079,edifici,17967,/6688_[uid_W079]_.png,808,1443,image/png,edifici_facades,W079,edifici
W079,edifici,17869,/7049_[uid_W079]_.png,1945,1788,image/png,edifici_facades,W079,edifici
W079,edifici,16436,/6645_[uid_W079]_.png,1450,1582,image/png,edifici_facades,W079,edifici
W079,edifici,14901,/6824_[uid_W079]_.png,2438,1773,image/png,edifici_facades,W079,edifici
W079,edifici,14893,/6644_[uid_W079]_.png,1457,1531,image/png,edifici_facades,W079,edifici
W079,edifici,13757,/6686_[uid_W079]_.png,1213,1772,image/png,edifici_facades,W079,edifici
W079,edifici,13702,/6776_[uid_W079]_.png,1687,1657,image/png,edifici_facades,W079,edifici
W079,edifici,13671,/6639_[uid_W079]_.png,1687,1757,image/png,edifici_facades,W079,edifici
W079,edifici,13631,/6430_[uid_W079]_.png,1615,1876,image/png,edifici_facades,W079,edifici
W079,edifici,13376,/6643_[uid_W079]_.png,3147,1332,image/png,edifici_facades,W079,edifici
W079,edifici,12580,/6689_[uid_W079]_.png,2659,1494,image/png,edifici_facades,W079,edifici
W079,edifici,12345,/6649_[uid_W079]_.png,285,1441,image/png,edifici_facades,W079,edifici
W079,edifici,11723,/6765_[uid_W079]_.png,1120,1469,image/png,edifici_facades,W079,edifici
W079,edifici,11582,/6650_[uid_W079]_.png,1385,1438,image/png,edifici_facades,W079,edifici
W079,edifici,10873,/6646_[uid_W079]_.png,1048,1401,image/png,edifici_facades,W079,edifici
W079,edifici,10418,/6641_[uid_W079]_.png,1431,1803,image/png,edifici_facades,W079,edifici
W079,edifici,9852,/6684_[uid_W079]_.png,2212,1704,image/png,edifici_facades,W079,edifici
W079,edifici,8252,/6685_[uid_W079]_.png,1908,1203,image/png,edifici_facades,W079,edifici
W079,edifici,8147,/7237_[uid_W079]_.png,3115,1717,image/png,edifici_facades,W079,edifici
W079,edifici,7524,/7238_[uid_W079]_.png,1341,1363,image/png,edifici_facades,W079,edifici
W079,edifici,6774,/6648_[uid_W079]_.png,866,1406,image/png,edifici_facades,W079,edifici
W079,edifici,19056,/7235_[uid_W079]_.png,1589,1738,image/png,edifici_facades,W079,edifici
W079,edifici,19187,/6687_[uid_W079]_.png,1375,1702,image/png,edifici_facades,W079,edifici
W080,edifici,6662,/3140_[uid_W080]_.png,1952,1172,image/png,edifici_facades,W080,edifici
W080,edifici,9194,/3101_[uid_W080]_.png,1536,1187,image/png,edifici_facades,W080,edifici
W080,edifici,11016,/3208_[uid_W080]_.png,3666,1382,image/png,edifici_facades,W080,edifici
W080,edifici,13930,/2473_[uid_W080]_.png,76,769,image/png,edifici_facades,W080,edifici
W080,edifici,15409,/1616_[uid_W080]_.png,2366,1712,image/png,edifici_facades,W080,edifici
W080,edifici,16081,/2432_[uid_W080]_.png,1375,932,image/png,edifici_facades,W080,edifici
W080,edifici,18319,/2830_[uid_W080]_.png,1652,1697,image/png,edifici_facades,W080,edifici
W080,edifici,18974,/2472_[uid_W080]_.png,76,769,image/png,edifici_facades,W080,edifici
W081,edifici,6773,/2254_[uid_W081]_.png,2512,1750,image/png,edifici_facades,W081,edifici
W081,edifici,7280,/2253_[uid_W081]_.png,955,1406,image/png,edifici_facades,W081,edifici
W081,edifici,10336,/2054_[uid_W081]_.png,955,623,image/png,edifici_facades,W081,edifici
W081,edifici,11153,/1620_[uid_W081]_.png,2382,1864,image/png,edifici_facades,W081,edifici
W081,edifici,12000,/2851_[uid_W081]_.png,2066,1684,image/png,edifici_facades,W081,edifici
W081,edifici,12344,/2255_[uid_W081]_.png,1468,1555,image/png,edifici_facades,W081,edifici
W081,edifici,13206,/1706_[uid_W081]_.png,1668,1301,image/png,edifici_facades,W081,edifici
W081,edifici,13429,/2056_[uid_W081]_.png,1415,1545,image/png,edifici_facades,W081,edifici
W081,edifici,13439,/2262_[uid_W081]_.png,1303,1733,image/png,edifici_facades,W081,edifici
W081,edifici,13468,/1709_[uid_W081]_.png,699,849,image/png,edifici_facades,W081,edifici
W081,edifici,16542,/1748_[uid_W081]_.png,1706,1912,image/png,edifici_facades,W081,edifici
W081,edifici,16809,/1747_[uid_W081]_.png,1880,1734,image/png,edifici_facades,W081,edifici
W081,edifici,16906,/2256_[uid_W081]_.png,1945,1681,image/png,edifici_facades,W081,edifici
W081,edifici,17477,/3144_[uid_W081]_.png,2822,1452,image/png,edifici_facades,W081,edifici
W081,edifici,18332,/2251_[uid_W081]_.png,3487,1505,image/png,edifici_facades,W081,edifici
W081,edifici,19062,/1619_[uid_W081]_.png,2747,1641,image/png,edifici_facades,W081,edifici
W082,edifici,7392,/1667_[uid_W082]_.png,1961,1743,image/png,edifici_facades,W082,edifici
W082,edifici,7825,/6936_[uid_W082]_.png,2073,1784,image/png,edifici_facades,W082,edifici
W082,edifici,8718,/1668_[uid_W082]_.png,1578,1711,image/png,edifici_facades,W082,edifici
W082,edifici,9946,/1918_[uid_W082]_.png,1358,2169,image/png,edifici_facades,W082,edifici
W082,edifici,10278,/1892_[uid_W082]_.png,2238,1550,image/png,edifici_facades,W082,edifici
W082,edifici,11626,/6838_[uid_W082]_.png,717,1375,image/png,edifici_facades,W082,edifici
W082,edifici,11962,/6929_[uid_W082]_.png,2822,1448,image/png,edifici_facades,W082,edifici
W082,edifici,12417,/6935_[uid_W082]_.png,2329,2085,image/png,edifici_facades,W082,edifici
W082,edifici,12444,/1775_[uid_W082]_.png,1275,1580,image/png,edifici_facades,W082,edifici
W082,edifici,15766,/6840_[uid_W082]_.png,2712,1657,image/png,edifici_facades,W082,edifici
W082,edifici,17287,/1773_[uid_W082]_.png,3163,1514,image/png,edifici_facades,W082,edifici
W082,edifici,17880,/1774_[uid_W082]_.png,2098,1787,image/png,edifici_facades,W082,edifici
W082,edifici,18117,/7065_[uid_W082]_.png,1303,1524,image/png,edifici_facades,W082,edifici
W082,edifici,18736,/1891_[uid_W082]_.png,3435,1769,image/png,edifici_facades,W082,edifici
W083,edifici,6151,/6440_[uid_W083]_.png,6790,1968,image/png,edifici_facades,W083,edifici
W083,edifici,9449,/6433_[uid_W083]_.png,11973,2425,image/png,edifici_facades,W083,edifici
W083,edifici,9538,/6541_[uid_W083]_.png,1303,1237,image/png,edifici_facades,W083,edifici
W083,edifici,12547,/6543_[uid_W083]_.png,3075,1225,image/png,edifici_facades,W083,edifici
W084,edifici,14950,/8496_[uid_W084]_.png,2192,1586,image/png,edifici_facades,W084,edifici
W084,edifici,18287,/8168_[uid_W084]_.png,3926,1447,image/png,edifici_facades,W084,edifici
W085,edifici,5698,/931_[uid_W085]_.png,4449,1326,image/png,edifici_facades,W085,edifici
W085,edifici,6909,/1027_[uid_W085]_.png,1908,1589,image/png,edifici_facades,W085,edifici
W085,edifici,7630,/1197_[uid_W085]_.png,2017,1360,image/png,edifici_facades,W085,edifici
W085,edifici,10725,/1286_[uid_W085]_.png,2124,1356,image/png,edifici_facades,W085,edifici
W085,edifici,11545,/1271_[uid_W085]_.png,1652,1466,image/png,edifici_facades,W085,edifici
W085,edifici,12411,/923_[uid_W085]_.png,2675,1199,image/png,edifici_facades,W085,edifici
W085,edifici,12737,/1306_[uid_W085]_.png,1322,1330,image/png,edifici_facades,W085,edifici
W085,edifici,16575,/1351_[uid_W085]_.png,5756,1620,image/png,edifici_facades,W085,edifici
W085,edifici,16709,/933_[uid_W085]_.png,1706,1742,image/png,edifici_facades,W085,edifici
W085,edifici,16971,/1319_[uid_W085]_.png,773,1578,image/png,edifici_facades,W085,edifici
W085,edifici,18014,/1149_[uid_W085]_.png,2640,1709,image/png,edifici_facades,W085,edifici
W086,edifici,10208,/401_[uid_W086]_.png,1752,1306,image/png,edifici_facades,W086,edifici
W086,edifici,10364,/1237_[uid_W086]_.png,2896,1774,image/png,edifici_facades,W086,edifici
W086,edifici,11925,/735_[uid_W086]_.png,1194,1290,image/png,edifici_facades,W086,edifici
W086,edifici,12353,/1202_[uid_W086]_.png,680,1577,image/png,edifici_facades,W086,edifici
W086,edifici,13704,/1062_[uid_W086]_.png,2380,1698,image/png,edifici_facades,W086,edifici
W086,edifici,13817,/460_[uid_W086]_.png,3191,1425,image/png,edifici_facades,W086,edifici
W086,edifici,14015,/1083_[uid_W086]_.png,1615,1307,image/png,edifici_facades,W086,edifici
W086,edifici,15651,/1125_[uid_W086]_.png,2036,1769,image/png,edifici_facades,W086,edifici
W086,edifici,16071,/1384_[uid_W086]_.png,1492,1347,image/png,edifici_facades,W086,edifici
W086,edifici,16927,/1008_[uid_W086]_.png,1522,1792,image/png,edifici_facades,W086,edifici
W086,edifici,17304,/972_[uid_W086]_.png,1266,1515,image/png,edifici_facades,W086,edifici
W086,edifici,17879,/521_[uid_W086]_.png,2787,1744,image/png,edifici_facades,W086,edifici
W086,edifici,17978,/1123_[uid_W086]_.png,1634,1938,image/png,edifici_facades,W086,edifici
W086,edifici,18314,/1206_[uid_W086]_.png,1847,1868,image/png,edifici_facades,W086,edifici
W087,edifici,10457,/1386_[uid_W087]_.png,4098,829,image/png,edifici_facades,W087,edifici
W087,edifici,13952,/985_[uid_W087]_.png,2036,941,image/png,edifici_facades,W087,edifici
W087,edifici,14616,/655_[uid_W087]_.png,2845,1364,image/png,edifici_facades,W087,edifici
W087,edifici,15777,/1333_[uid_W087]_.png,901,1497,image/png,edifici_facades,W087,edifici
W087,edifici,16654,/512_[uid_W087]_.png,1880,868,image/png,edifici_facades,W087,edifici
W087,edifici,17065,/729_[uid_W087]_.png,3438,1116,image/png,edifici_facades,W087,edifici
W088,edifici,5320,/2795_[uid_W088]_.png,1341,1272,image/png,edifici_facades,W088,edifici
W088,edifici,5555,/1880_[uid_W088]_.png,717,769,image/png,edifici_facades,W088,edifici
W088,edifici,6143,/1878_[uid_W088]_.png,990,1001,image/png,edifici_facades,W088,edifici
W088,edifici,6417,/1877_[uid_W088]_.png,1194,1138,image/png,edifici_facades,W088,edifici
W088,edifici,6458,/2657_[uid_W088]_.png,2022,1337,image/png,edifici_facades,W088,edifici
W088,edifici,6911,/1966_[uid_W088]_.png,1478,1258,image/png,edifici_facades,W088,edifici
W088,edifici,7048,/2575_[uid_W088]_.png,1101,1136,image/png,edifici_facades,W088,edifici
W088,edifici,11223,/1879_[uid_W088]_.png,1164,881,image/png,edifici_facades,W088,edifici
W088,edifici,12813,/2653_[uid_W088]_.png,1375,1398,image/png,edifici_facades,W088,edifici
W088,edifici,12955,/3162_[uid_W088]_.png,1926,1118,image/png,edifici_facades,W088,edifici
W088,edifici,15540,/2726_[uid_W088]_.png,2729,1184,image/png,edifici_facades,W088,edifici
W088,edifici,15966,/3193_[uid_W088]_.png,755,1074,image/png,edifici_facades,W088,edifici
W088,edifici,16229,/2807_[uid_W088]_.png,936,840,image/png,edifici_facades,W088,edifici
W088,edifici,16418,/2797_[uid_W088]_.png,662,1082,image/png,edifici_facades,W088,edifici
W088,edifici,16676,/2355_[uid_W088]_.png,1208,1277,image/png,edifici_facades,W088,edifici
W088,edifici,17439,/2808_[uid_W088]_.png,1143,1119,image/png,edifici_facades,W088,edifici
W089,edifici,6027,/1495_[uid_W089]_.png,2891,1021,image/png,edifici_facades,W089,edifici
W089,edifici,17415,/293_[uid_W089]_.png,1468,1071,image/png,edifici_facades,W089,edifici
W089,edifici,15460,/292_[uid_W089]_.png,936,1146,image/png,edifici_facades,W089,edifici
W089,edifici,15422,/156_[uid_W089]_.png,1724,968,image/png,edifici_facades,W089,edifici
W089,edifici,13729,/246_[uid_W089]_.png,920,961,image/png,edifici_facades,W089,edifici
W089,edifici,13347,/283_[uid_W089]_.png,1359,1506,image/png,edifici_facades,W089,edifici
W089,edifici,12379,/289_[uid_W089]_.png,936,1053,image/png,edifici_facades,W089,edifici
W089,edifici,18228,/1467_[uid_W089]_.png,1303,1478,image/png,edifici_facades,W089,edifici
W089,edifici,11558,/290_[uid_W089]_.png,2096,979,image/png,edifici_facades,W089,edifici
W089,edifici,10103,/1493_[uid_W089]_.png,2092,1554,image/png,edifici_facades,W089,edifici
W089,edifici,9274,/1459_[uid_W089]_.png,1559,1465,image/png,edifici_facades,W089,edifici
W089,edifici,7569,/688_[uid_W089]_.png,2475,1525,image/png,edifici_facades,W089,edifici
W089,edifici,6743,/288_[uid_W089]_.png,1066,1162,image/png,edifici_facades,W089,edifici
W089,edifici,6463,/291_[uid_W089]_.png,608,1023,image/png,edifici_facades,W089,edifici
W089,edifici,6113,/79_[uid_W089]_.png,1931,929,image/png,edifici_facades,W089,edifici
W089,edifici,10714,/80_[uid_W089]_.png,627,981,image/png,edifici_facades,W089,edifici
W089,edifici,19211,/247_[uid_W089]_.png,1138,1458,image/png,edifici_facades,W089,edifici
W090,edifici,5329,/139_[uid_W090]_.png,3359,1310,image/png,edifici_facades,W090,edifici
W090,edifici,5526,/205_[uid_W090]_.png,2103,1306,image/png,edifici_facades,W090,edifici
W090,edifici,7055,/176_[uid_W090]_.png,1961,1532,image/png,edifici_facades,W090,edifici
W090,edifici,8132,/1518_[uid_W090]_.png,2254,1279,image/png,edifici_facades,W090,edifici
W090,edifici,9968,/180_[uid_W090]_.png,1871,1015,image/png,edifici_facades,W090,edifici
W090,edifici,10460,/1547_[uid_W090]_.png,1522,1577,image/png,edifici_facades,W090,edifici
W090,edifici,13221,/1438_[uid_W090]_.png,845,1486,image/png,edifici_facades,W090,edifici
W090,edifici,13523,/1437_[uid_W090]_.png,1120,1218,image/png,edifici_facades,W090,edifici
W090,edifici,13745,/283_[uid_W090]_.png,2638,1516,image/png,edifici_facades,W090,edifici
W090,edifici,14630,/140_[uid_W090]_.png,2382,1239,image/png,edifici_facades,W090,edifici
W090,edifici,14701,/206_[uid_W090]_.png,755,1188,image/png,edifici_facades,W090,edifici
W090,edifici,15161,/172_[uid_W090]_.png,2064,1502,image/png,edifici_facades,W090,edifici
W090,edifici,16644,/207_[uid_W090]_.png,2605,1572,image/png,edifici_facades,W090,edifici
W090,edifici,17058,/208_[uid_W090]_.png,1838,1378,image/png,edifici_facades,W090,edifici
W090,edifici,17077,/173_[uid_W090]_.png,1194,1510,image/png,edifici_facades,W090,edifici
W090,edifici,18494,/1436_[uid_W090]_.png,717,1167,image/png,edifici_facades,W090,edifici
W091,edifici,6335,/4372_[uid_W091]_.png,955,1350,image/png,edifici_facades,W091,edifici
W091,edifici,17067,/3757_[uid_W091]_.png,5176,605,image/png,edifici_facades,W091,edifici
W091,edifici,16628,/3758_[uid_W091]_.png,1101,986,image/png,edifici_facades,W091,edifici
W091,edifici,14695,/3759_[uid_W091]_.png,1491,967,image/png,edifici_facades,W091,edifici
W091,edifici,14409,/3363_[uid_W091]_.png,1861,912,image/png,edifici_facades,W091,edifici
W091,edifici,13907,/3359_[uid_W091]_.png,1303,856,image/png,edifici_facades,W091,edifici
W091,edifici,13299,/4381_[uid_W091]_.png,1101,1018,image/png,edifici_facades,W091,edifici
W091,edifici,17866,/4143_[uid_W091]_.png,2877,1328,image/png,edifici_facades,W091,edifici
W091,edifici,13103,/3751_[uid_W091]_.png,462,517,image/png,edifici_facades,W091,edifici
W091,edifici,9419,/3354_[uid_W091]_.png,1889,1311,image/png,edifici_facades,W091,edifici
W091,edifici,9371,/4140_[uid_W091]_.png,1138,1015,image/png,edifici_facades,W091,edifici
W091,edifici,9364,/3369_[uid_W091]_.png,1285,963,image/png,edifici_facades,W091,edifici
W091,edifici,9220,/3370_[uid_W091]_.png,1533,1113,image/png,edifici_facades,W091,edifici
W091,edifici,7568,/4074_[uid_W091]_.png,2426,1459,image/png,edifici_facades,W091,edifici
W091,edifici,7210,/3371_[uid_W091]_.png,1299,1447,image/png,edifici_facades,W091,edifici
W091,edifici,12424,/3356_[uid_W091]_.png,1348,1185,image/png,edifici_facades,W091,edifici
W091,edifici,19351,/3358_[uid_W091]_.png,515,991,image/png,edifici_facades,W091,edifici
W092,edifici,5559,/7996_[uid_W092]_.png,2366,1784,image/png,edifici_facades,W092,edifici
W092,edifici,18675,/7993_[uid_W092]_.png,852,1297,image/png,edifici_facades,W092,edifici
W092,edifici,17248,/7982_[uid_W092]_.png,4093,2220,image/png,edifici_facades,W092,edifici
W092,edifici,17113,/8008_[uid_W092]_.png,1908,1533,image/png,edifici_facades,W092,edifici
W092,edifici,16577,/8007_[uid_W092]_.png,1785,978,image/png,edifici_facades,W092,edifici
W092,edifici,16266,/8116_[uid_W092]_.png,1799,1057,image/png,edifici_facades,W092,edifici
W092,edifici,15680,/7745_[uid_W092]_.png,1487,1406,image/png,edifici_facades,W092,edifici
W092,edifici,14638,/8006_[uid_W092]_.png,1229,987,image/png,edifici_facades,W092,edifici
W092,edifici,14623,/7995_[uid_W092]_.png,1101,1229,image/png,edifici_facades,W092,edifici
W092,edifici,14547,/8359_[uid_W092]_.png,1341,1058,image/png,edifici_facades,W092,edifici
W092,edifici,14515,/7858_[uid_W092]_.png,2308,1223,image/png,edifici_facades,W092,edifici
W092,edifici,14009,/8110_[uid_W092]_.png,1368,1325,image/png,edifici_facades,W092,edifici
W092,edifici,13673,/7992_[uid_W092]_.png,1138,1736,image/png,edifici_facades,W092,edifici
W092,edifici,13421,/8109_[uid_W092]_.png,2092,1738,image/png,edifici_facades,W092,edifici
W092,edifici,12845,/8106_[uid_W092]_.png,1961,1391,image/png,edifici_facades,W092,edifici
W092,edifici,12542,/7984_[uid_W092]_.png,2329,1489,image/png,edifici_facades,W092,edifici
W092,edifici,12358,/7979_[uid_W092]_.png,1852,1177,image/png,edifici_facades,W092,edifici
W092,edifici,11234,/8115_[uid_W092]_.png,2543,1744,image/png,edifici_facades,W092,edifici
W092,edifici,10568,/7990_[uid_W092]_.png,425,547,image/png,edifici_facades,W092,edifici
W092,edifici,10528,/8486_[uid_W092]_.png,2366,1880,image/png,edifici_facades,W092,edifici
W092,edifici,9083,/8031_[uid_W092]_.png,2382,1328,image/png,edifici_facades,W092,edifici
W092,edifici,8624,/8344_[uid_W092]_.png,1766,1205,image/png,edifici_facades,W092,edifici
W092,edifici,8570,/7991_[uid_W092]_.png,901,1450,image/png,edifici_facades,W092,edifici
W092,edifici,5581,/8005_[uid_W092]_.png,1745,1255,image/png,edifici_facades,W092,edifici
W092,edifici,18843,/8135_[uid_W092]_.png,2238,1587,image/png,edifici_facades,W092,edifici
W092,edifici,18907,/8108_[uid_W092]_.png,1743,1776,image/png,edifici_facades,W092,edifici
W093,edifici,5404,/6778_[uid_W093]_.png,996,1024,image/png,edifici_facades,W093,edifici
W093,edifici,6835,/6822_[uid_W093]_.png,1029,1615,image/png,edifici_facades,W093,edifici
W093,edifici,7221,/6825_[uid_W093]_.png,1248,1680,image/png,edifici_facades,W093,edifici
W093,edifici,9236,/6819_[uid_W093]_.png,1724,1578,image/png,edifici_facades,W093,edifici
W093,edifici,10986,/6779_[uid_W093]_.png,1248,1168,image/png,edifici_facades,W093,edifici
W093,edifici,11127,/6426_[uid_W093]_.png,4247,2523,image/png,edifici_facades,W093,edifici
W093,edifici,11948,/6823_[uid_W093]_.png,1922,1777,image/png,edifici_facades,W093,edifici
W093,edifici,12973,/6773_[uid_W093]_.png,2126,1799,image/png,edifici_facades,W093,edifici
W093,edifici,13583,/6829_[uid_W093]_.png,920,1514,image/png,edifici_facades,W093,edifici
W093,edifici,13867,/6830_[uid_W093]_.png,1799,1522,image/png,edifici_facades,W093,edifici
W093,edifici,15099,/6821_[uid_W093]_.png,1687,1538,image/png,edifici_facades,W093,edifici
W093,edifici,17057,/6820_[uid_W093]_.png,955,1103,image/png,edifici_facades,W093,edifici
W093,edifici,18559,/6828_[uid_W093]_.png,2401,1214,image/png,edifici_facades,W093,edifici
W093,edifici,19314,/6897_[uid_W093]_.png,2238,1724,image/png,edifici_facades,W093,edifici
W094,edifici,6612,/6760_[uid_W094]_.png,1815,1577,image/png,edifici_facades,W094,edifici
W094,edifici,18758,/6845_[uid_W094]_.png,2296,1872,image/png,edifici_facades,W094,edifici
W094,edifici,18395,/1778_[uid_W094]_.png,1610,1769,image/png,edifici_facades,W094,edifici
W094,edifici,16852,/6762_[uid_W094]_.png,1094,1732,image/png,edifici_facades,W094,edifici
W094,edifici,16291,/7113_[uid_W094]_.png,2047,1914,image/png,edifici_facades,W094,edifici
W094,edifici,15833,/6812_[uid_W094]_.png,1303,1759,image/png,edifici_facades,W094,edifici
W094,edifici,15289,/6763_[uid_W094]_.png,1861,1739,image/png,edifici_facades,W094,edifici
W094,edifici,14947,/6843_[uid_W094]_.png,534,1310,image/png,edifici_facades,W094,edifici
W094,edifici,14829,/7399_[uid_W094]_.png,1029,1585,image/png,edifici_facades,W094,edifici
W094,edifici,13824,/1715_[uid_W094]_.png,662,1418,image/png,edifici_facades,W094,edifici
W094,edifici,18796,/1777_[uid_W094]_.png,2208,1797,image/png,edifici_facades,W094,edifici
W094,edifici,13328,/6844_[uid_W094]_.png,662,1508,image/png,edifici_facades,W094,edifici
W094,edifici,12650,/6986_[uid_W094]_.png,680,1480,image/png,edifici_facades,W094,edifici
W094,edifici,12112,/2217_[uid_W094]_.png,1375,1899,image/png,edifici_facades,W094,edifici
W094,edifici,10235,/6846_[uid_W094]_.png,1906,1113,image/png,edifici_facades,W094,edifici
W094,edifici,9884,/6818_[uid_W094]_.png,1213,2000,image/png,edifici_facades,W094,edifici
W094,edifici,9612,/1999_[uid_W094]_.png,1359,1645,image/png,edifici_facades,W094,edifici
W094,edifici,9515,/2000_[uid_W094]_.png,1573,1677,image/png,edifici_facades,W094,edifici
W094,edifici,9434,/6817_[uid_W094]_.png,1851,1769,image/png,edifici_facades,W094,edifici
W094,edifici,8681,/1775_[uid_W094]_.png,426,1549,image/png,edifici_facades,W094,edifici
W094,edifici,8389,/1716_[uid_W094]_.png,2126,1369,image/png,edifici_facades,W094,edifici
W094,edifici,12948,/6764_[uid_W094]_.png,1273,1897,image/png,edifici_facades,W094,edifici
W094,edifici,19321,/1714_[uid_W094]_.png,1015,1481,image/png,edifici_facades,W094,edifici
W095,edifici,5332,/8261_[uid_W095]_.png,1248,1448,image/png,edifici_facades,W095,edifici
W095,edifici,8806,/8266_[uid_W095]_.png,1159,594,image/png,edifici_facades,W095,edifici
W095,edifici,9735,/8398_[uid_W095]_.png,1743,1642,image/png,edifici_facades,W095,edifici
W095,edifici,12871,/8257_[uid_W095]_.png,2008,1194,image/png,edifici_facades,W095,edifici
W095,edifici,13445,/8258_[uid_W095]_.png,3149,1422,image/png,edifici_facades,W095,edifici
W095,edifici,14889,/8262_[uid_W095]_.png,827,1151,image/png,edifici_facades,W095,edifici
W095,edifici,16439,/8449_[uid_W095]_.png,2482,1529,image/png,edifici_facades,W095,edifici
W096,edifici,7331,/7999_[uid_W096]_.png,2019,1403,image/png,edifici_facades,W096,edifici
W096,edifici,18965,/8023_[uid_W096]_.png,773,1170,image/png,edifici_facades,W096,edifici
W096,edifici,17884,/8507_[uid_W096]_.png,1724,1125,image/png,edifici_facades,W096,edifici
W096,edifici,17786,/8357_[uid_W096]_.png,883,1388,image/png,edifici_facades,W096,edifici
W096,edifici,17761,/7744_[uid_W096]_.png,2054,1355,image/png,edifici_facades,W096,edifici
W096,edifici,16303,/8024_[uid_W096]_.png,955,1382,image/png,edifici_facades,W096,edifici
W096,edifici,16236,/8019_[uid_W096]_.png,1048,1152,image/png,edifici_facades,W096,edifici
W096,edifici,16056,/7824_[uid_W096]_.png,1980,752,image/png,edifici_facades,W096,edifici
W096,edifici,14806,/8001_[uid_W096]_.png,3147,1099,image/png,edifici_facades,W096,edifici
W096,edifici,18983,/8358_[uid_W096]_.png,920,1349,image/png,edifici_facades,W096,edifici
W096,edifici,13933,/8359_[uid_W096]_.png,3387,1379,image/png,edifici_facades,W096,edifici
W096,edifici,11572,/8028_[uid_W096]_.png,1738,1361,image/png,edifici_facades,W096,edifici
W096,edifici,10367,/8004_[uid_W096]_.png,1266,1015,image/png,edifici_facades,W096,edifici
W096,edifici,10044,/8020_[uid_W096]_.png,2896,1726,image/png,edifici_facades,W096,edifici
W096,edifici,9675,/7747_[uid_W096]_.png,662,944,image/png,edifici_facades,W096,edifici
W096,edifici,9548,/8497_[uid_W096]_.png,1945,1615,image/png,edifici_facades,W096,edifici
W096,edifici,9489,/7446_[uid_W096]_.png,2552,1904,image/png,edifici_facades,W096,edifici
W096,edifici,8063,/8021_[uid_W096]_.png,920,1274,image/png,edifici_facades,W096,edifici
W096,edifici,7621,/7746_[uid_W096]_.png,1322,1099,image/png,edifici_facades,W096,edifici
W096,edifici,12816,/7745_[uid_W096]_.png,1120,1492,image/png,edifici_facades,W096,edifici
W096,edifici,19008,/7496_[uid_W096]_.png,1541,1186,image/png,edifici_facades,W096,edifici
W097,edifici,5309,/1306_[uid_W097]_.png,1541,1287,image/png,edifici_facades,W097,edifici
W097,edifici,9283,/497_[uid_W097]_.png,1401,1041,image/png,edifici_facades,W097,edifici
W097,edifici,10246,/1465_[uid_W097]_.png,3773,2001,image/png,edifici_facades,W097,edifici
W097,edifici,16395,/16_[uid_W097]_.png,2575,1150,image/png,edifici_facades,W097,edifici
W098,edifici,5433,/7924_[uid_W098]_.png,4012,1677,image/png,edifici_facades,W098,edifici
W098,edifici,5862,/8451_[uid_W098]_.png,1201,1390,image/png,edifici_facades,W098,edifici
W098,edifici,6602,/8085_[uid_W098]_.png,204,976,image/png,edifici_facades,W098,edifici
W098,edifici,8671,/8222_[uid_W098]_.png,1994,1503,image/png,edifici_facades,W098,edifici
W098,edifici,13756,/8455_[uid_W098]_.png,2484,1469,image/png,edifici_facades,W098,edifici
W098,edifici,14538,/8452_[uid_W098]_.png,1124,1088,image/png,edifici_facades,W098,edifici
W098,edifici,16568,/8477_[uid_W098]_.png,399,586,image/png,edifici_facades,W098,edifici
W098,edifici,16665,/8505_[uid_W098]_.png,3519,871,image/png,edifici_facades,W098,edifici
W098,edifici,17256,/8461_[uid_W098]_.png,6000,1195,image/png,edifici_facades,W098,edifici
W098,edifici,18699,/7921_[uid_W098]_.png,4265,1529,image/png,edifici_facades,W098,edifici
W099,edifici,5352,/8033_[uid_W099]_.png,1394,1351,image/png,edifici_facades,W099,edifici
W099,edifici,7010,/7586_[uid_W099]_.png,1248,1279,image/png,edifici_facades,W099,edifici
W099,edifici,7140,/8133_[uid_W099]_.png,2438,1381,image/png,edifici_facades,W099,edifici
W099,edifici,9095,/7587_[uid_W099]_.png,1922,1443,image/png,edifici_facades,W099,edifici
W099,edifici,9156,/8132_[uid_W099]_.png,3700,1481,image/png,edifici_facades,W099,edifici
W099,edifici,10341,/8035_[uid_W099]_.png,1285,1417,image/png,edifici_facades,W099,edifici
W099,edifici,10654,/7588_[uid_W099]_.png,2092,1358,image/png,edifici_facades,W099,edifici
W099,edifici,11334,/8500_[uid_W099]_.png,1559,1077,image/png,edifici_facades,W099,edifici
W099,edifici,12590,/7448_[uid_W099]_.png,4012,2316,image/png,edifici_facades,W099,edifici
W099,edifici,12787,/7494_[uid_W099]_.png,608,945,image/png,edifici_facades,W099,edifici
W099,edifici,12837,/8038_[uid_W099]_.png,2636,1347,image/png,edifici_facades,W099,edifici
W099,edifici,14352,/7853_[uid_W099]_.png,2787,1444,image/png,edifici_facades,W099,edifici
W099,edifici,15356,/7845_[uid_W099]_.png,808,1601,image/png,edifici_facades,W099,edifici
W099,edifici,15525,/7435_[uid_W099]_.png,4393,2224,image/png,edifici_facades,W099,edifici
W099,edifici,15693,/7500_[uid_W099]_.png,1303,876,image/png,edifici_facades,W099,edifici
W099,edifici,17181,/7501_[uid_W099]_.png,1703,2107,image/png,edifici_facades,W099,edifici
W100,edifici,17185,/4333_[uid_W100]_.png,1980,1581,image/png,edifici_facades,W100,edifici
W101,edifici,6084,/7705_[uid_W101]_.png,1743,1813,image/png,edifici_facades,W101,edifici
W101,edifici,6445,/7645_[uid_W101]_.png,1687,1767,image/png,edifici_facades,W101,edifici
W101,edifici,7081,/7753_[uid_W101]_.png,2182,1836,image/png,edifici_facades,W101,edifici
W101,edifici,7341,/7452_[uid_W101]_.png,2750,1508,image/png,edifici_facades,W101,edifici
W101,edifici,14520,/7633_[uid_W101]_.png,1652,1876,image/png,edifici_facades,W101,edifici
W101,edifici,16329,/7648_[uid_W101]_.png,1396,1291,image/png,edifici_facades,W101,edifici
W102,edifici,6435,/7900_[uid_W102]_.png,2694,1286,image/png,edifici_facades,W102,edifici
W102,edifici,6916,/7963_[uid_W102]_.png,920,1527,image/png,edifici_facades,W102,edifici
W102,edifici,7123,/7964_[uid_W102]_.png,2684,1380,image/png,edifici_facades,W102,edifici
W102,edifici,8125,/8485_[uid_W102]_.png,2805,1258,image/png,edifici_facades,W102,edifici
W102,edifici,8635,/7956_[uid_W102]_.png,1652,2053,image/png,edifici_facades,W102,edifici
W102,edifici,9067,/7958_[uid_W102]_.png,736,1351,image/png,edifici_facades,W102,edifici
W102,edifici,9426,/8457_[uid_W102]_.png,2033,1754,image/png,edifici_facades,W102,edifici
W102,edifici,10804,/8509_[uid_W102]_.png,6137,1848,image/png,edifici_facades,W102,edifici
W102,edifici,10931,/8022_[uid_W102]_.png,3242,1312,image/png,edifici_facades,W102,edifici
W102,edifici,11298,/8462_[uid_W102]_.png,1127,751,image/png,edifici_facades,W102,edifici
W102,edifici,13719,/7898_[uid_W102]_.png,1652,1876,image/png,edifici_facades,W102,edifici
W102,edifici,16879,/7854_[uid_W102]_.png,3280,1329,image/png,edifici_facades,W102,edifici
W103,edifici,5599,/3222_[uid_W103]_.png,4619,1470,image/png,edifici_facades,W103,edifici
W103,edifici,8346,/3684_[uid_W103]_.png,1248,1047,image/png,edifici_facades,W103,edifici
W103,edifici,8855,/4398_[uid_W103]_.png,2675,1642,image/png,edifici_facades,W103,edifici
W103,edifici,9881,/3685_[uid_W103]_.png,1048,881,image/png,edifici_facades,W103,edifici
W104,edifici,8440,/8310_[uid_W104]_.png,1903,1113,image/png,edifici_facades,W104,edifici
W104,edifici,9300,/7822_[uid_W104]_.png,988,1258,image/png,edifici_facades,W104,edifici
W104,edifici,9338,/7452_[uid_W104]_.png,2694,1610,image/png,edifici_facades,W104,edifici
W104,edifici,11144,/8207_[uid_W104]_.png,534,813,image/png,edifici_facades,W104,edifici
W104,edifici,11592,/8208_[uid_W104]_.png,1285,1439,image/png,edifici_facades,W104,edifici
W104,edifici,12922,/7748_[uid_W104]_.png,901,1334,image/png,edifici_facades,W104,edifici
W104,edifici,12966,/7495_[uid_W104]_.png,2694,1083,image/png,edifici_facades,W104,edifici
W104,edifici,13090,/8479_[uid_W104]_.png,2715,1379,image/png,edifici_facades,W104,edifici
W104,edifici,13344,/8354_[uid_W104]_.png,911,1332,image/png,edifici_facades,W104,edifici
W104,edifici,15304,/7434_[uid_W104]_.png,1615,1149,image/png,edifici_facades,W104,edifici
W104,edifici,15888,/8243_[uid_W104]_.png,1578,1260,image/png,edifici_facades,W104,edifici
W104,edifici,16161,/8204_[uid_W104]_.png,2185,1508,image/png,edifici_facades,W104,edifici
W104,edifici,17321,/7662_[uid_W104]_.png,2750,1117,image/png,edifici_facades,W104,edifici
W104,edifici,18703,/7634_[uid_W104]_.png,2822,1369,image/png,edifici_facades,W104,edifici
W104,edifici,19109,/8203_[uid_W104]_.png,1899,1510,image/png,edifici_facades,W104,edifici
W105,edifici,12861,/3791_[uid_W105]_.png,2712,1427,image/png,edifici_facades,W105,edifici
W105,edifici,17747,/3789_[uid_W105]_.png,895,676,image/png,edifici_facades,W105,edifici
W105,edifici,18362,/3679_[uid_W105]_.png,232,949,image/png,edifici_facades,W105,edifici
W106,edifici,5358,/6609_[uid_W106]_.png,1083,1906,image/png,edifici_facades,W106,edifici
W106,edifici,5624,/7166_[uid_W106]_.png,1796,1512,image/png,edifici_facades,W106,edifici
W106,edifici,6391,/6684_[uid_W106]_.png,2145,1703,image/png,edifici_facades,W106,edifici
W106,edifici,6686,/6606_[uid_W106]_.png,2915,1818,image/png,edifici_facades,W106,edifici
W106,edifici,12040,/7168_[uid_W106]_.png,1649,1351,image/png,edifici_facades,W106,edifici
W106,edifici,12111,/7404_[uid_W106]_.png,992,1283,image/png,edifici_facades,W106,edifici
W106,edifici,12318,/6607_[uid_W106]_.png,2517,1626,image/png,edifici_facades,W106,edifici
W106,edifici,14257,/6613_[uid_W106]_.png,2366,1704,image/png,edifici_facades,W106,edifici
W106,edifici,15416,/6605_[uid_W106]_.png,1578,1594,image/png,edifici_facades,W106,edifici
W106,edifici,16250,/6612_[uid_W106]_.png,2387,1692,image/png,edifici_facades,W106,edifici
W106,edifici,16868,/6639_[uid_W106]_.png,2126,2072,image/png,edifici_facades,W106,edifici
W106,edifici,17292,/7172_[uid_W106]_.png,3570,2716,image/png,edifici_facades,W106,edifici
W106,edifici,18766,/7182_[uid_W106]_.png,1652,1548,image/png,edifici_facades,W106,edifici
W107,edifici,5373,/3011_[uid_W107]_.png,3673,1593,image/png,edifici_facades,W107,edifici
W107,edifici,8156,/634_[uid_W107]_.png,2640,1748,image/png,edifici_facades,W107,edifici
W107,edifici,8830,/72_[uid_W107]_.png,3173,1480,image/png,edifici_facades,W107,edifici
W107,edifici,9545,/1754_[uid_W107]_.png,1673,1471,image/png,edifici_facades,W107,edifici
W107,edifici,10891,/74_[uid_W107]_.png,3824,1698,image/png,edifici_facades,W107,edifici
W107,edifici,10913,/3010_[uid_W107]_.png,1775,1433,image/png,edifici_facades,W107,edifici
W107,edifici,11379,/1669_[uid_W107]_.png,1157,836,image/png,edifici_facades,W107,edifici
W107,edifici,11737,/18_[uid_W107]_.png,3031,1837,image/png,edifici_facades,W107,edifici
W107,edifici,11793,/259_[uid_W107]_.png,755,1194,image/png,edifici_facades,W107,edifici
W107,edifici,12555,/1106_[uid_W107]_.png,2798,1357,image/png,edifici_facades,W107,edifici
W107,edifici,12701,/1562_[uid_W107]_.png,1331,1288,image/png,edifici_facades,W107,edifici
W107,edifici,13350,/71_[uid_W107]_.png,755,1589,image/png,edifici_facades,W107,edifici
W107,edifici,13870,/536_[uid_W107]_.png,1999,1412,image/png,edifici_facades,W107,edifici
W107,edifici,17155,/26_[uid_W107]_.png,1908,1698,image/png,edifici_facades,W107,edifici
W108,edifici,5285,/2184_[uid_W108]_.png,1964,1412,image/png,edifici_facades,W108,edifici
W108,edifici,5298,/2264_[uid_W108]_.png,1799,1418,image/png,edifici_facades,W108,edifici
W108,edifici,8838,/2263_[uid_W108]_.png,755,1114,image/png,edifici_facades,W108,edifici
W108,edifici,10884,/2185_[uid_W108]_.png,1120,1452,image/png,edifici_facades,W108,edifici
W108,edifici,10885,/2265_[uid_W108]_.png,204,1642,image/png,edifici_facades,W108,edifici
W108,edifici,10942,/2258_[uid_W108]_.png,2850,1133,image/png,edifici_facades,W108,edifici
W108,edifici,11030,/1606_[uid_W108]_.png,2394,1711,image/png,edifici_facades,W108,edifici
W108,edifici,11096,/1622_[uid_W108]_.png,1248,1255,image/png,edifici_facades,W108,edifici
W108,edifici,11635,/1610_[uid_W108]_.png,4512,1528,image/png,edifici_facades,W108,edifici
W108,edifici,12724,/3206_[uid_W108]_.png,2896,1577,image/png,edifici_facades,W108,edifici
W108,edifici,14290,/2077_[uid_W108]_.png,1431,1268,image/png,edifici_facades,W108,edifici
W108,edifici,14908,/2187_[uid_W108]_.png,1443,1176,image/png,edifici_facades,W108,edifici
W108,edifici,16394,/2186_[uid_W108]_.png,1668,1450,image/png,edifici_facades,W108,edifici
W108,edifici,17061,/2081_[uid_W108]_.png,2026,1552,image/png,edifici_facades,W108,edifici
W109,edifici,6135,/7723_[uid_W109]_.png,3047,1672,image/png,edifici_facades,W109,edifici
W109,edifici,16911,/7825_[uid_W109]_.png,1668,2018,image/png,edifici_facades,W109,edifici
W109,edifici,15679,/7681_[uid_W109]_.png,773,1551,image/png,edifici_facades,W109,edifici
W109,edifici,15657,/7755_[uid_W109]_.png,2164,1507,image/png,edifici_facades,W109,edifici
W109,edifici,15431,/7679_[uid_W109]_.png,1815,2069,image/png,edifici_facades,W109,edifici
W109,edifici,14679,/7438_[uid_W109]_.png,3666,2002,image/png,edifici_facades,W109,edifici
W109,edifici,13985,/7727_[uid_W109]_.png,2403,1569,image/png,edifici_facades,W109,edifici
W109,edifici,13736,/7426_[uid_W109]_.png,3354,1703,image/png,edifici_facades,W109,edifici
W109,edifici,13706,/7689_[uid_W109]_.png,4226,1946,image/png,edifici_facades,W109,edifici
W109,edifici,12157,/7435_[uid_W109]_.png,2145,1798,image/png,edifici_facades,W109,edifici
W109,edifici,11799,/8344_[uid_W109]_.png,1341,1229,image/png,edifici_facades,W109,edifici
W109,edifici,11771,/7757_[uid_W109]_.png,2292,1670,image/png,edifici_facades,W109,edifici
W109,edifici,10700,/7741_[uid_W109]_.png,1908,1369,image/png,edifici_facades,W109,edifici
W109,edifici,9976,/7725_[uid_W109]_.png,2036,1271,image/png,edifici_facades,W109,edifici
W109,edifici,8789,/7672_[uid_W109]_.png,2784,1465,image/png,edifici_facades,W109,edifici
W109,edifici,7996,/7724_[uid_W109]_.png,1899,1460,image/png,edifici_facades,W109,edifici
W109,edifici,6264,/7756_[uid_W109]_.png,1615,1624,image/png,edifici_facades,W109,edifici
W109,edifici,6230,/7682_[uid_W109]_.png,1885,1496,image/png,edifici_facades,W109,edifici
W109,edifici,16954,/7678_[uid_W109]_.png,1668,1779,image/png,edifici_facades,W109,edifici
W109,edifici,17154,/7680_[uid_W109]_.png,2145,1723,image/png,edifici_facades,W109,edifici
W110,edifici,6605,/8420_[uid_W110]_.png,680,799,image/png,edifici_facades,W110,edifici
W110,edifici,9544,/8402_[uid_W110]_.png,955,1341,image/png,edifici_facades,W110,edifici
W110,edifici,10779,/4341_[uid_W110]_.png,736,1075,image/png,edifici_facades,W110,edifici
W110,edifici,12176,/8421_[uid_W110]_.png,1926,1081,image/png,edifici_facades,W110,edifici
W110,edifici,12611,/4328_[uid_W110]_.png,2859,1346,image/png,edifici_facades,W110,edifici
W110,edifici,14773,/4343_[uid_W110]_.png,1999,1249,image/png,edifici_facades,W110,edifici
W110,edifici,14998,/8411_[uid_W110]_.png,2566,1163,image/png,edifici_facades,W110,edifici
W110,edifici,17025,/8465_[uid_W110]_.png,2622,1414,image/png,edifici_facades,W110,edifici
W110,edifici,17633,/4329_[uid_W110]_.png,1101,1198,image/png,edifici_facades,W110,edifici
W111,edifici,6587,/2764_[uid_W111]_.png,1761,1414,image/png,edifici_facades,W111,edifici
W111,edifici,6887,/2831_[uid_W111]_.png,1176,1521,image/png,edifici_facades,W111,edifici
W111,edifici,7162,/2836_[uid_W111]_.png,1652,1499,image/png,edifici_facades,W111,edifici
W111,edifici,7491,/2763_[uid_W111]_.png,627,1140,image/png,edifici_facades,W111,edifici
W111,edifici,9224,/2837_[uid_W111]_.png,1513,1400,image/png,edifici_facades,W111,edifici
W111,edifici,9389,/2813_[uid_W111]_.png,955,997,image/png,edifici_facades,W111,edifici
W111,edifici,9921,/2821_[uid_W111]_.png,3140,1413,image/png,edifici_facades,W111,edifici
W111,edifici,10555,/2838_[uid_W111]_.png,2794,1443,image/png,edifici_facades,W111,edifici
W111,edifici,10938,/3130_[uid_W111]_.png,2254,1164,image/png,edifici_facades,W111,edifici
W111,edifici,12921,/2760_[uid_W111]_.png,831,1144,image/png,edifici_facades,W111,edifici
W111,edifici,15037,/2832_[uid_W111]_.png,1229,1392,image/png,edifici_facades,W111,edifici
W111,edifici,16771,/2874_[uid_W111]_.png,1952,1397,image/png,edifici_facades,W111,edifici
W111,edifici,17641,/2637_[uid_W111]_.png,680,1025,image/png,edifici_facades,W111,edifici
W111,edifici,18399,/2761_[uid_W111]_.png,1162,1328,image/png,edifici_facades,W111,edifici
W111,edifici,19075,/2431_[uid_W111]_.png,2729,1279,image/png,edifici_facades,W111,edifici
W111,edifici,19135,/2638_[uid_W111]_.png,3352,1438,image/png,edifici_facades,W111,edifici
W112,edifici,12655,/1841_[uid_W112]_.png,4805,1151,image/png,edifici_facades,W112,edifici
W113,edifici,5763,/2157_[uid_W113]_.png,1375,1164,image/png,edifici_facades,W113,edifici
W113,edifici,7154,/3190_[uid_W113]_.png,3282,2023,image/png,edifici_facades,W113,edifici
W113,edifici,11302,/2156_[uid_W113]_.png,2412,1527,image/png,edifici_facades,W113,edifici
W113,edifici,11319,/2019_[uid_W113]_.png,1341,1968,image/png,edifici_facades,W113,edifici
W113,edifici,12909,/1768_[uid_W113]_.png,1637,2113,image/png,edifici_facades,W113,edifici
W113,edifici,12946,/2244_[uid_W113]_.png,1010,1396,image/png,edifici_facades,W113,edifici
W113,edifici,13408,/1615_[uid_W113]_.png,5681,2169,image/png,edifici_facades,W113,edifici
W113,edifici,15296,/2243_[uid_W113]_.png,117,441,image/png,edifici_facades,W113,edifici
W113,edifici,15907,/2213_[uid_W113]_.png,845,1218,image/png,edifici_facades,W113,edifici
W113,edifici,16434,/1761_[uid_W113]_.png,1101,2121,image/png,edifici_facades,W113,edifici
W113,edifici,17781,/1770_[uid_W113]_.png,5269,2169,image/png,edifici_facades,W113,edifici
W113,edifici,17824,/2160_[uid_W113]_.png,3147,1808,image/png,edifici_facades,W113,edifici
W113,edifici,18327,/1769_[uid_W113]_.png,1482,1901,image/png,edifici_facades,W113,edifici
W113,edifici,18517,/2230_[uid_W113]_.png,1731,1750,image/png,edifici_facades,W113,edifici
W113,edifici,19356,/2020_[uid_W113]_.png,955,1353,image/png,edifici_facades,W113,edifici
W114,edifici,7200,/4393_[uid_W114]_.png,2943,1171,image/png,edifici_facades,W114,edifici
W114,edifici,10859,/3918_[uid_W114]_.png,2238,1432,image/png,edifici_facades,W114,edifici
W114,edifici,12366,/3917_[uid_W114]_.png,3568,743,image/png,edifici_facades,W114,edifici
W114,edifici,13028,/3647_[uid_W114]_.png,1615,1259,image/png,edifici_facades,W114,edifici
W114,edifici,13676,/3648_[uid_W114]_.png,1101,792,image/png,edifici_facades,W114,edifici
W114,edifici,15347,/3915_[uid_W114]_.png,827,689,image/png,edifici_facades,W114,edifici
W114,edifici,18063,/3646_[uid_W114]_.png,1596,1322,image/png,edifici_facades,W114,edifici
W115,edifici,6026,/1860_[uid_W115]_.png,387,1148,image/png,edifici_facades,W115,edifici
W115,edifici,6449,/2323_[uid_W115]_.png,6081,1259,image/png,edifici_facades,W115,edifici
W115,edifici,7727,/2920_[uid_W115]_.png,1134,1251,image/png,edifici_facades,W115,edifici
W115,edifici,9243,/2758_[uid_W115]_.png,4512,1046,image/png,edifici_facades,W115,edifici
W115,edifici,11161,/1861_[uid_W115]_.png,1908,1147,image/png,edifici_facades,W115,edifici
W115,edifici,13197,/1808_[uid_W115]_.png,1859,1263,image/png,edifici_facades,W115,edifici
W115,edifici,13472,/1807_[uid_W115]_.png,2103,1159,image/png,edifici_facades,W115,edifici
W115,edifici,13832,/2698_[uid_W115]_.png,2722,930,image/png,edifici_facades,W115,edifici
W115,edifici,14034,/1859_[uid_W115]_.png,2017,1275,image/png,edifici_facades,W115,edifici
W115,edifici,17401,/2321_[uid_W115]_.png,910,1068,image/png,edifici_facades,W115,edifici
W116,edifici,5993,/3807_[uid_W116]_.png,571,573,image/png,edifici_facades,W116,edifici
W116,edifici,10231,/3791_[uid_W116]_.png,1029,1262,image/png,edifici_facades,W116,edifici
W116,edifici,11086,/3806_[uid_W116]_.png,1431,716,image/png,edifici_facades,W116,edifici
W116,edifici,14211,/3804_[uid_W116]_.png,1459,1006,image/png,edifici_facades,W116,edifici
W116,edifici,16211,/3805_[uid_W116]_.png,992,1143,image/png,edifici_facades,W116,edifici
W117,edifici,5556,/7792_[uid_W117]_.png,1194,1360,image/png,edifici_facades,W117,edifici
W117,edifici,7447,/4325_[uid_W117]_.png,552,1307,image/png,edifici_facades,W117,edifici
W117,edifici,7832,/4346_[uid_W117]_.png,827,1011,image/png,edifici_facades,W117,edifici
W117,edifici,9233,/4363_[uid_W117]_.png,2731,1294,image/png,edifici_facades,W117,edifici
W117,edifici,9872,/4348_[uid_W117]_.png,1194,1119,image/png,edifici_facades,W117,edifici
W117,edifici,12415,/4345_[uid_W117]_.png,790,1131,image/png,edifici_facades,W117,edifici
W117,edifici,12984,/4326_[uid_W117]_.png,1706,1459,image/png,edifici_facades,W117,edifici
W117,edifici,13246,/4329_[uid_W117]_.png,1341,1263,image/png,edifici_facades,W117,edifici
W117,edifici,14159,/4391_[uid_W117]_.png,2073,1143,image/png,edifici_facades,W117,edifici
W117,edifici,15398,/7439_[uid_W117]_.png,2366,1646,image/png,edifici_facades,W117,edifici
W117,edifici,15595,/4277_[uid_W117]_.png,1578,1022,image/png,edifici_facades,W117,edifici
W117,edifici,17529,/4276_[uid_W117]_.png,790,995,image/png,edifici_facades,W117,edifici
W117,edifici,17849,/4344_[uid_W117]_.png,662,981,image/png,edifici_facades,W117,edifici
W117,edifici,18210,/3232_[uid_W117]_.png,1992,1240,image/png,edifici_facades,W117,edifici
W117,edifici,18472,/4327_[uid_W117]_.png,1743,1300,image/png,edifici_facades,W117,edifici
W119,edifici,7334,/307_[uid_W119]_.png,1194,1291,image/png,edifici_facades,W119,edifici
W119,edifici,8965,/1327_[uid_W119]_.png,827,1139,image/png,edifici_facades,W119,edifici
W119,edifici,11508,/1276_[uid_W119]_.png,2092,1567,image/png,edifici_facades,W119,edifici
W119,edifici,15423,/30_[uid_W119]_.png,2461,1572,image/png,edifici_facades,W119,edifici
W119,edifici,15510,/1194_[uid_W119]_.png,2208,1331,image/png,edifici_facades,W119,edifici
W120,edifici,6384,/6447_[uid_W120]_.png,2831,1575,image/png,edifici_facades,W120,edifici
W120,edifici,17146,/6900_[uid_W120]_.png,1852,1769,image/png,edifici_facades,W120,edifici
W120,edifici,16379,/6453_[uid_W120]_.png,3061,2257,image/png,edifici_facades,W120,edifici
W120,edifici,16179,/7156_[uid_W120]_.png,2254,2114,image/png,edifici_facades,W120,edifici
W120,edifici,14906,/7422_[uid_W120]_.png,518,1726,image/png,edifici_facades,W120,edifici
W120,edifici,14825,/6452_[uid_W120]_.png,2199,1573,image/png,edifici_facades,W120,edifici
W120,edifici,14484,/6858_[uid_W120]_.png,1083,1547,image/png,edifici_facades,W120,edifici
W120,edifici,13935,/6471_[uid_W120]_.png,1908,2619,image/png,edifici_facades,W120,edifici
W120,edifici,11704,/6401_[uid_W120]_.png,1682,1304,image/png,edifici_facades,W120,edifici
W120,edifici,11197,/6474_[uid_W120]_.png,1083,1662,image/png,edifici_facades,W120,edifici
W120,edifici,10921,/6450_[uid_W120]_.png,1999,2002,image/png,edifici_facades,W120,edifici
W120,edifici,10881,/7420_[uid_W120]_.png,5428,2470,image/png,edifici_facades,W120,edifici
W120,edifici,10233,/6394_[uid_W120]_.png,2112,1079,image/png,edifici_facades,W120,edifici
W120,edifici,9838,/6860_[uid_W120]_.png,1259,1517,image/png,edifici_facades,W120,edifici
W120,edifici,8767,/6899_[uid_W120]_.png,2219,2597,image/png,edifici_facades,W120,edifici
W120,edifici,8242,/6861_[uid_W120]_.png,992,1540,image/png,edifici_facades,W120,edifici
W120,edifici,8079,/6472_[uid_W120]_.png,1668,1686,image/png,edifici_facades,W120,edifici
W120,edifici,7915,/6407_[uid_W120]_.png,1761,1995,image/png,edifici_facades,W120,edifici
W120,edifici,17712,/6959_[uid_W120]_.png,1506,1292,image/png,edifici_facades,W120,edifici
W120,edifici,19086,/7151_[uid_W120]_.png,1668,1532,image/png,edifici_facades,W120,edifici
W121,edifici,6339,/7949_[uid_W121]_.png,903,764,image/png,edifici_facades,W121,edifici
W121,edifici,18253,/8112_[uid_W121]_.png,1524,1377,image/png,edifici_facades,W121,edifici
W121,edifici,17368,/8131_[uid_W121]_.png,1627,1467,image/png,edifici_facades,W121,edifici
W121,edifici,16991,/7952_[uid_W121]_.png,2922,1577,image/png,edifici_facades,W121,edifici
W121,edifici,16720,/7960_[uid_W121]_.png,1229,1160,image/png,edifici_facades,W121,edifici
W121,edifici,16535,/7855_[uid_W121]_.png,1999,1114,image/png,edifici_facades,W121,edifici
W121,edifici,16520,/7981_[uid_W121]_.png,1757,1441,image/png,edifici_facades,W121,edifici
W121,edifici,15837,/8130_[uid_W121]_.png,1194,1635,image/png,edifici_facades,W121,edifici
W121,edifici,15026,/7953_[uid_W121]_.png,1248,842,image/png,edifici_facades,W121,edifici
W121,edifici,18706,/7852_[uid_W121]_.png,1871,1179,image/png,edifici_facades,W121,edifici
W121,edifici,15012,/7980_[uid_W121]_.png,1882,1740,image/png,edifici_facades,W121,edifici
W121,edifici,12002,/7951_[uid_W121]_.png,1715,1131,image/png,edifici_facades,W121,edifici
W121,edifici,11009,/7982_[uid_W121]_.png,3061,2258,image/png,edifici_facades,W121,edifici
W121,edifici,10686,/8475_[uid_W121]_.png,3182,1607,image/png,edifici_facades,W121,edifici
W121,edifici,10543,/7959_[uid_W121]_.png,1845,982,image/png,edifici_facades,W121,edifici
W121,edifici,9960,/8107_[uid_W121]_.png,1687,1533,image/png,edifici_facades,W121,edifici
W121,edifici,9212,/8111_[uid_W121]_.png,1176,1385,image/png,edifici_facades,W121,edifici
W121,edifici,8566,/8501_[uid_W121]_.png,2419,1396,image/png,edifici_facades,W121,edifici
W121,edifici,6871,/7950_[uid_W121]_.png,1120,1281,image/png,edifici_facades,W121,edifici
W121,edifici,13204,/8113_[uid_W121]_.png,2329,1485,image/png,edifici_facades,W121,edifici
W121,edifici,18797,/8028_[uid_W121]_.png,3494,1294,image/png,edifici_facades,W121,edifici
W122,edifici,5644,/6718_[uid_W122]_.png,2112,1348,image/png,edifici_facades,W122,edifici
W122,edifici,6770,/7271_[uid_W122]_.png,1643,1624,image/png,edifici_facades,W122,edifici
W122,edifici,6981,/7236_[uid_W122]_.png,1143,1647,image/png,edifici_facades,W122,edifici
W122,edifici,7608,/6773_[uid_W122]_.png,2182,1660,image/png,edifici_facades,W122,edifici
W122,edifici,12153,/7237_[uid_W122]_.png,1138,1787,image/png,edifici_facades,W122,edifici
W122,edifici,12622,/6770_[uid_W122]_.png,1394,1909,image/png,edifici_facades,W122,edifici
W122,edifici,13177,/6581_[uid_W122]_.png,1120,1416,image/png,edifici_facades,W122,edifici
W122,edifici,13345,/6766_[uid_W122]_.png,1596,1642,image/png,edifici_facades,W122,edifici
W122,edifici,14189,/6571_[uid_W122]_.png,2752,1744,image/png,edifici_facades,W122,edifici
W122,edifici,14389,/7409_[uid_W122]_.png,4251,1802,image/png,edifici_facades,W122,edifici
W122,edifici,16204,/6570_[uid_W122]_.png,2099,1214,image/png,edifici_facades,W122,edifici
W122,edifici,16464,/6554_[uid_W122]_.png,1213,1618,image/png,edifici_facades,W122,edifici
W122,edifici,16524,/6569_[uid_W122]_.png,1815,1680,image/png,edifici_facades,W122,edifici
W122,edifici,16904,/7273_[uid_W122]_.png,3614,1795,image/png,edifici_facades,W122,edifici
W122,edifici,18775,/6553_[uid_W122]_.png,2617,1667,image/png,edifici_facades,W122,edifici
W123,edifici,6720,/7479_[uid_W123]_.png,1743,1102,image/png,edifici_facades,W123,edifici
W123,edifici,18041,/7574_[uid_W123]_.png,2201,1173,image/png,edifici_facades,W123,edifici
W123,edifici,17754,/7831_[uid_W123]_.png,2584,1506,image/png,edifici_facades,W123,edifici
W123,edifici,17745,/7465_[uid_W123]_.png,4335,1735,image/png,edifici_facades,W123,edifici
W123,edifici,17437,/7462_[uid_W123]_.png,1066,1279,image/png,edifici_facades,W123,edifici
W123,edifici,16876,/7592_[uid_W123]_.png,1596,1718,image/png,edifici_facades,W123,edifici
W123,edifici,16567,/7433_[uid_W123]_.png,627,1213,image/png,edifici_facades,W123,edifici
W123,edifici,13978,/7582_[uid_W123]_.png,534,1096,image/png,edifici_facades,W123,edifici
W123,edifici,12297,/7478_[uid_W123]_.png,1578,1602,image/png,edifici_facades,W123,edifici
W123,edifici,12159,/7499_[uid_W123]_.png,1441,1398,image/png,edifici_facades,W123,edifici
W123,edifici,10909,/7477_[uid_W123]_.png,608,1544,image/png,edifici_facades,W123,edifici
W123,edifici,9716,/7466_[uid_W123]_.png,2126,1631,image/png,edifici_facades,W123,edifici
W123,edifici,7969,/7527_[uid_W123]_.png,1138,1582,image/png,edifici_facades,W123,edifici
W123,edifici,7672,/7528_[uid_W123]_.png,2512,1633,image/png,edifici_facades,W123,edifici
W123,edifici,6978,/7498_[uid_W123]_.png,1938,1455,image/png,edifici_facades,W123,edifici
W123,edifici,6932,/7571_[uid_W123]_.png,2573,1594,image/png,edifici_facades,W123,edifici
W123,edifici,18357,/7595_[uid_W123]_.png,936,1344,image/png,edifici_facades,W123,edifici
W123,edifici,19001,/7525_[uid_W123]_.png,2584,1551,image/png,edifici_facades,W123,edifici
W124,edifici,6198,/6674_[uid_W124]_.png,1487,1360,image/png,edifici_facades,W124,edifici
W124,edifici,7929,/6673_[uid_W124]_.png,2610,1621,image/png,edifici_facades,W124,edifici
W124,edifici,11567,/6740_[uid_W124]_.png,515,1467,image/png,edifici_facades,W124,edifici
W124,edifici,13765,/6950_[uid_W124]_.png,2115,1592,image/png,edifici_facades,W124,edifici
W124,edifici,18124,/6781_[uid_W124]_.png,1269,1582,image/png,edifici_facades,W124,edifici
W124,edifici,19250,/6951_[uid_W124]_.png,2164,1385,image/png,edifici_facades,W124,edifici
W125,edifici,5869,/2227_[uid_W125]_.png,2489,1604,image/png,edifici_facades,W125,edifici
W125,edifici,17133,/3077_[uid_W125]_.png,627,1387,image/png,edifici_facades,W125,edifici
W125,edifici,16701,/1710_[uid_W125]_.png,2140,1689,image/png,edifici_facades,W125,edifici
W125,edifici,16554,/3078_[uid_W125]_.png,920,1542,image/png,edifici_facades,W125,edifici
W125,edifici,16301,/3080_[uid_W125]_.png,1092,1186,image/png,edifici_facades,W125,edifici
W125,edifici,14625,/3079_[uid_W125]_.png,4221,1170,image/png,edifici_facades,W125,edifici
W125,edifici,13915,/3086_[uid_W125]_.png,2968,1659,image/png,edifici_facades,W125,edifici
W125,edifici,12441,/1672_[uid_W125]_.png,2659,1322,image/png,edifici_facades,W125,edifici
W125,edifici,12429,/1700_[uid_W125]_.png,1152,1602,image/png,edifici_facades,W125,edifici
W125,edifici,11208,/3083_[uid_W125]_.png,1029,1547,image/png,edifici_facades,W125,edifici
W125,edifici,11131,/1699_[uid_W125]_.png,662,1548,image/png,edifici_facades,W125,edifici
W125,edifici,17930,/2210_[uid_W125]_.png,3847,1628,image/png,edifici_facades,W125,edifici
W125,edifici,10197,/1917_[uid_W125]_.png,2856,1786,image/png,edifici_facades,W125,edifici
W125,edifici,8469,/1667_[uid_W125]_.png,2182,1678,image/png,edifici_facades,W125,edifici
W125,edifici,8057,/3085_[uid_W125]_.png,4537,1477,image/png,edifici_facades,W125,edifici
W125,edifici,7781,/1703_[uid_W125]_.png,1506,1225,image/png,edifici_facades,W125,edifici
W125,edifici,7749,/1671_[uid_W125]_.png,1727,1618,image/png,edifici_facades,W125,edifici
W125,edifici,7310,/3147_[uid_W125]_.png,1634,1094,image/png,edifici_facades,W125,edifici
W125,edifici,7269,/3093_[uid_W125]_.png,827,1050,image/png,edifici_facades,W125,edifici
W125,edifici,7182,/1668_[uid_W125]_.png,1926,1885,image/png,edifici_facades,W125,edifici
W125,edifici,6786,/3094_[uid_W125]_.png,1541,1590,image/png,edifici_facades,W125,edifici
W125,edifici,6389,/2252_[uid_W125]_.png,4086,1783,image/png,edifici_facades,W125,edifici
W125,edifici,6075,/3082_[uid_W125]_.png,955,1170,image/png,edifici_facades,W125,edifici
W125,edifici,9336,/1670_[uid_W125]_.png,2589,1855,image/png,edifici_facades,W125,edifici
W125,edifici,18868,/3038_[uid_W125]_.png,1336,1425,image/png,edifici_facades,W125,edifici
W126,edifici,8628,/174_[uid_W126]_.png,1285,852,image/png,edifici_facades,W126,edifici
W126,edifici,10569,/148_[uid_W126]_.png,1896,1611,image/png,edifici_facades,W126,edifici
W126,edifici,10623,/175_[uid_W126]_.png,1506,1199,image/png,edifici_facades,W126,edifici
W126,edifici,13998,/114_[uid_W126]_.png,2473,1560,image/png,edifici_facades,W126,edifici
W126,edifici,14110,/537_[uid_W126]_.png,2401,1110,image/png,edifici_facades,W126,edifici
W126,edifici,14539,/212_[uid_W126]_.png,1083,1338,image/png,edifici_facades,W126,edifici
W126,edifici,15339,/138_[uid_W126]_.png,1652,811,image/png,edifici_facades,W126,edifici
W126,edifici,16087,/213_[uid_W126]_.png,1248,1348,image/png,edifici_facades,W126,edifici
W126,edifici,17626,/539_[uid_W126]_.png,3735,1867,image/png,edifici_facades,W126,edifici
W126,edifici,18631,/176_[uid_W126]_.png,1161,1623,image/png,edifici_facades,W126,edifici
W126,edifici,19047,/115_[uid_W126]_.png,1652,1320,image/png,edifici_facades,W126,edifici
W127,edifici,6839,/1142_[uid_W127]_.png,4214,1661,image/png,edifici_facades,W127,edifici
W127,edifici,7213,/1145_[uid_W127]_.png,3756,1629,image/png,edifici_facades,W127,edifici
W127,edifici,8638,/1042_[uid_W127]_.png,2378,1281,image/png,edifici_facades,W127,edifici
W127,edifici,8835,/966_[uid_W127]_.png,3975,1466,image/png,edifici_facades,W127,edifici
W127,edifici,11108,/1060_[uid_W127]_.png,955,1227,image/png,edifici_facades,W127,edifici
W127,edifici,11607,/1329_[uid_W127]_.png,2933,1505,image/png,edifici_facades,W127,edifici
W127,edifici,13331,/380_[uid_W127]_.png,1892,607,image/png,edifici_facades,W127,edifici
W127,edifici,13346,/965_[uid_W127]_.png,1724,1375,image/png,edifici_facades,W127,edifici
W127,edifici,13529,/1294_[uid_W127]_.png,1636,1179,image/png,edifici_facades,W127,edifici
W127,edifici,17314,/371_[uid_W127]_.png,2840,1449,image/png,edifici_facades,W127,edifici
W128,edifici,6735,/8212_[uid_W128]_.png,2219,1572,image/png,edifici_facades,W128,edifici
W128,edifici,7546,/8480_[uid_W128]_.png,1706,1962,image/png,edifici_facades,W128,edifici
W128,edifici,8852,/8281_[uid_W128]_.png,2701,2061,image/png,edifici_facades,W128,edifici
W128,edifici,10356,/7635_[uid_W128]_.png,1248,1339,image/png,edifici_facades,W128,edifici
W128,edifici,10672,/7707_[uid_W128]_.png,2382,1033,image/png,edifici_facades,W128,edifici
W128,edifici,12378,/8213_[uid_W128]_.png,2698,1660,image/png,edifici_facades,W128,edifici
W128,edifici,12889,/8216_[uid_W128]_.png,1083,1234,image/png,edifici_facades,W128,edifici
W128,edifici,13396,/7691_[uid_W128]_.png,2296,1652,image/png,edifici_facades,W128,edifici
W128,edifici,13443,/7637_[uid_W128]_.png,2364,1091,image/png,edifici_facades,W128,edifici
W128,edifici,13740,/8308_[uid_W128]_.png,1799,1716,image/png,edifici_facades,W128,edifici
W128,edifici,14283,/7629_[uid_W128]_.png,1664,1314,image/png,edifici_facades,W128,edifici
W128,edifici,18844,/8283_[uid_W128]_.png,2659,1713,image/png,edifici_facades,W128,edifici
W128,edifici,18867,/7636_[uid_W128]_.png,2959,1309,image/png,edifici_facades,W128,edifici
W129,edifici,5946,/790_[uid_W129]_.png,2655,1822,image/png,edifici_facades,W129,edifici
W129,edifici,6163,/26_[uid_W129]_.png,7179,1713,image/png,edifici_facades,W129,edifici
W129,edifici,6948,/170_[uid_W129]_.png,2519,1605,image/png,edifici_facades,W129,edifici
W129,edifici,9571,/536_[uid_W129]_.png,1889,1309,image/png,edifici_facades,W129,edifici
W129,edifici,11414,/221_[uid_W129]_.png,2852,1751,image/png,edifici_facades,W129,edifici
W129,edifici,11476,/167_[uid_W129]_.png,2408,1460,image/png,edifici_facades,W129,edifici
W129,edifici,12067,/171_[uid_W129]_.png,2025,1787,image/png,edifici_facades,W129,edifici
W129,edifici,14535,/165_[uid_W129]_.png,736,1029,image/png,edifici_facades,W129,edifici
W129,edifici,15102,/904_[uid_W129]_.png,2310,1580,image/png,edifici_facades,W129,edifici
W129,edifici,16058,/222_[uid_W129]_.png,1780,1754,image/png,edifici_facades,W129,edifici
W129,edifici,17051,/905_[uid_W129]_.png,1624,1544,image/png,edifici_facades,W129,edifici
W129,edifici,17334,/633_[uid_W129]_.png,4052,1713,image/png,edifici_facades,W129,edifici
W129,edifici,17655,/535_[uid_W129]_.png,1083,1356,image/png,edifici_facades,W129,edifici
W129,edifici,17727,/250_[uid_W129]_.png,2143,1792,image/png,edifici_facades,W129,edifici
W130,edifici,8520,/7632_[uid_W130]_.png,1266,1242,image/png,edifici_facades,W130,edifici
W130,edifici,13501,/7631_[uid_W130]_.png,1413,1594,image/png,edifici_facades,W130,edifici
W130,edifici,14101,/7652_[uid_W130]_.png,1048,1463,image/png,edifici_facades,W130,edifici
W130,edifici,15078,/7639_[uid_W130]_.png,2254,1129,image/png,edifici_facades,W130,edifici
W131,edifici,5938,/6505_[uid_W131]_.png,1761,1663,image/png,edifici_facades,W131,edifici
W131,edifici,6185,/6445_[uid_W131]_.png,3042,2300,image/png,edifici_facades,W131,edifici
W131,edifici,8197,/6502_[uid_W131]_.png,971,1512,image/png,edifici_facades,W131,edifici
W131,edifici,9783,/6503_[uid_W131]_.png,759,1526,image/png,edifici_facades,W131,edifici
W131,edifici,10205,/7248_[uid_W131]_.png,2475,1601,image/png,edifici_facades,W131,edifici
W131,edifici,11457,/6504_[uid_W131]_.png,1789,1120,image/png,edifici_facades,W131,edifici
W131,edifici,11719,/7409_[uid_W131]_.png,2457,1402,image/png,edifici_facades,W131,edifici
W131,edifici,11847,/6387_[uid_W131]_.png,4640,5082,image/png,edifici_facades,W131,edifici
W131,edifici,14307,/6867_[uid_W131]_.png,1157,1375,image/png,edifici_facades,W131,edifici
W131,edifici,14487,/6506_[uid_W131]_.png,2382,1547,image/png,edifici_facades,W131,edifici
W131,edifici,15390,/6903_[uid_W131]_.png,4424,1855,image/png,edifici_facades,W131,edifici
W131,edifici,15733,/6446_[uid_W131]_.png,1724,1669,image/png,edifici_facades,W131,edifici
W131,edifici,16958,/6902_[uid_W131]_.png,790,2894,image/png,edifici_facades,W131,edifici
W131,edifici,19225,/6500_[uid_W131]_.png,1413,1598,image/png,edifici_facades,W131,edifici
W132,edifici,5923,/7976_[uid_W132]_.png,678,1295,image/png,edifici_facades,W132,edifici
W132,edifici,8608,/7955_[uid_W132]_.png,2675,1395,image/png,edifici_facades,W132,edifici
W132,edifici,8762,/8027_[uid_W132]_.png,736,764,image/png,edifici_facades,W132,edifici
W132,edifici,8894,/7987_[uid_W132]_.png,736,965,image/png,edifici_facades,W132,edifici
W132,edifici,10372,/8026_[uid_W132]_.png,864,1137,image/png,edifici_facades,W132,edifici
W132,edifici,10417,/7988_[uid_W132]_.png,552,955,image/png,edifici_facades,W132,edifici
W132,edifici,10606,/7954_[uid_W132]_.png,3082,1458,image/png,edifici_facades,W132,edifici
W132,edifici,12073,/7961_[uid_W132]_.png,1101,1020,image/png,edifici_facades,W132,edifici
W132,edifici,12799,/7907_[uid_W132]_.png,2457,2113,image/png,edifici_facades,W132,edifici
W132,edifici,13455,/8024_[uid_W132]_.png,2726,1333,image/png,edifici_facades,W132,edifici
W132,edifici,14802,/8023_[uid_W132]_.png,2194,1124,image/png,edifici_facades,W132,edifici
W132,edifici,15053,/8475_[uid_W132]_.png,1871,1460,image/png,edifici_facades,W132,edifici
W132,edifici,18354,/7850_[uid_W132]_.png,3433,1351,image/png,edifici_facades,W132,edifici
W132,edifici,19178,/8046_[uid_W132]_.png,1578,2011,image/png,edifici_facades,W132,edifici
W133,edifici,6544,/2997_[uid_W133]_.png,2747,1206,image/png,edifici_facades,W133,edifici
W133,edifici,6842,/2952_[uid_W133]_.png,241,853,image/png,edifici_facades,W133,edifici
W133,edifici,7165,/2881_[uid_W133]_.png,1373,1450,image/png,edifici_facades,W133,edifici
W133,edifici,8285,/3202_[uid_W133]_.png,1743,1139,image/png,edifici_facades,W133,edifici
W133,edifici,9234,/2880_[uid_W133]_.png,1322,1294,image/png,edifici_facades,W133,edifici
W133,edifici,9746,/3196_[uid_W133]_.png,1375,1124,image/png,edifici_facades,W133,edifici
W133,edifici,10195,/2765_[uid_W133]_.png,1799,1272,image/png,edifici_facades,W133,edifici
W133,edifici,12007,/2887_[uid_W133]_.png,1980,1377,image/png,edifici_facades,W133,edifici
W133,edifici,12665,/2993_[uid_W133]_.png,2108,640,image/png,edifici_facades,W133,edifici
W133,edifici,12771,/3194_[uid_W133]_.png,3773,1157,image/png,edifici_facades,W133,edifici
W133,edifici,13584,/2704_[uid_W133]_.png,2805,1470,image/png,edifici_facades,W133,edifici
W133,edifici,14081,/2767_[uid_W133]_.png,1176,1544,image/png,edifici_facades,W133,edifici
W133,edifici,14114,/2875_[uid_W133]_.png,1029,1167,image/png,edifici_facades,W133,edifici
W133,edifici,16821,/2917_[uid_W133]_.png,2980,1376,image/png,edifici_facades,W133,edifici
W134,edifici,5721,/6621_[uid_W134]_.png,1582,2560,image/png,edifici_facades,W134,edifici
W134,edifici,9238,/6631_[uid_W134]_.png,1615,1578,image/png,edifici_facades,W134,edifici
W134,edifici,11306,/6620_[uid_W134]_.png,3266,2201,image/png,edifici_facades,W134,edifici
W134,edifici,12919,/6383_[uid_W134]_.png,6344,2665,image/png,edifici_facades,W134,edifici
W134,edifici,13236,/6633_[uid_W134]_.png,1559,1669,image/png,edifici_facades,W134,edifici
W134,edifici,15245,/6888_[uid_W134]_.png,2059,2159,image/png,edifici_facades,W134,edifici
W135,edifici,6251,/6697_[uid_W135]_.png,571,1396,image/png,edifici_facades,W135,edifici
W135,edifici,17504,/7013_[uid_W135]_.png,1324,1562,image/png,edifici_facades,W135,edifici
W135,edifici,16992,/7102_[uid_W135]_.png,1157,1632,image/png,edifici_facades,W135,edifici
W135,edifici,16007,/6408_[uid_W135]_.png,6337,2004,image/png,edifici_facades,W135,edifici
W135,edifici,15588,/7012_[uid_W135]_.png,1101,1347,image/png,edifici_facades,W135,edifici
W135,edifici,14045,/7081_[uid_W135]_.png,1468,1375,image/png,edifici_facades,W135,edifici
W135,edifici,13787,/6915_[uid_W135]_.png,3408,1980,image/png,edifici_facades,W135,edifici
W135,edifici,12672,/7015_[uid_W135]_.png,1929,1364,image/png,edifici_facades,W135,edifici
W135,edifici,17694,/7014_[uid_W135]_.png,1248,1288,image/png,edifici_facades,W135,edifici
W135,edifici,12240,/7009_[uid_W135]_.png,552,1417,image/png,edifici_facades,W135,edifici
W135,edifici,10166,/7083_[uid_W135]_.png,1694,1635,image/png,edifici_facades,W135,edifici
W135,edifici,9442,/6745_[uid_W135]_.png,1636,1692,image/png,edifici_facades,W135,edifici
W135,edifici,8811,/7423_[uid_W135]_.png,7572,1641,image/png,edifici_facades,W135,edifici
W135,edifici,8188,/7082_[uid_W135]_.png,1124,1578,image/png,edifici_facades,W135,edifici
W135,edifici,7881,/6744_[uid_W135]_.png,1510,1522,image/png,edifici_facades,W135,edifici
W135,edifici,6667,/7008_[uid_W135]_.png,920,1451,image/png,edifici_facades,W135,edifici
W135,edifici,6524,/7011_[uid_W135]_.png,1010,1437,image/png,edifici_facades,W135,edifici
W135,edifici,10378,/6666_[uid_W135]_.png,1382,1471,image/png,edifici_facades,W135,edifici
W135,edifici,19117,/7289_[uid_W135]_.png,699,1634,image/png,edifici_facades,W135,edifici
W136,edifici,5485,/3204_[uid_W136]_.png,3426,1654,image/png,edifici_facades,W136,edifici
W136,edifici,7676,/1749_[uid_W136]_.png,2643,1779,image/png,edifici_facades,W136,edifici
W136,edifici,14716,/2176_[uid_W136]_.png,1908,1473,image/png,edifici_facades,W136,edifici
W137,edifici,8184,/8255_[uid_W137]_.png,2233,1392,image/png,edifici_facades,W137,edifici
W137,edifici,16117,/7885_[uid_W137]_.png,5621,1234,image/png,edifici_facades,W137,edifici
W137,edifici,17162,/8494_[uid_W137]_.png,4012,1169,image/png,edifici_facades,W137,edifici
W138,edifici,6326,/6595_[uid_W138]_.png,1506,1722,image/png,edifici_facades,W138,edifici
W138,edifici,7750,/6592_[uid_W138]_.png,1922,2050,image/png,edifici_facades,W138,edifici
W138,edifici,8249,/7213_[uid_W138]_.png,1048,1567,image/png,edifici_facades,W138,edifici
W138,edifici,8614,/7171_[uid_W138]_.png,1554,1746,image/png,edifici_facades,W138,edifici
W138,edifici,11397,/7215_[uid_W138]_.png,1745,1549,image/png,edifici_facades,W138,edifici
W138,edifici,15333,/7246_[uid_W138]_.png,936,1353,image/png,edifici_facades,W138,edifici
W138,edifici,15550,/7182_[uid_W138]_.png,3650,1367,image/png,edifici_facades,W138,edifici
W138,edifici,15819,/6596_[uid_W138]_.png,1633,1586,image/png,edifici_facades,W138,edifici
W138,edifici,16109,/7216_[uid_W138]_.png,962,1077,image/png,edifici_facades,W138,edifici
W138,edifici,16195,/6910_[uid_W138]_.png,3141,2296,image/png,edifici_facades,W138,edifici
W138,edifici,16636,/7174_[uid_W138]_.png,3640,1732,image/png,edifici_facades,W138,edifici
W138,edifici,16900,/7247_[uid_W138]_.png,1815,1544,image/png,edifici_facades,W138,edifici
W138,edifici,17182,/7219_[uid_W138]_.png,680,998,image/png,edifici_facades,W138,edifici
W138,edifici,19152,/6431_[uid_W138]_.png,4287,2060,image/png,edifici_facades,W138,edifici
W139,edifici,5618,/7080_[uid_W139]_.png,1222,1782,image/png,edifici_facades,W139,edifici
W139,edifici,5714,/7289_[uid_W139]_.png,2043,1517,image/png,edifici_facades,W139,edifici
W139,edifici,7528,/7102_[uid_W139]_.png,662,1447,image/png,edifici_facades,W139,edifici
W139,edifici,8862,/6740_[uid_W139]_.png,1734,1607,image/png,edifici_facades,W139,edifici
W139,edifici,9804,/6663_[uid_W139]_.png,1487,1644,image/png,edifici_facades,W139,edifici
W139,edifici,10828,/7288_[uid_W139]_.png,1394,1701,image/png,edifici_facades,W139,edifici
W139,edifici,11382,/6659_[uid_W139]_.png,1450,2006,image/png,edifici_facades,W139,edifici
W139,edifici,11787,/6782_[uid_W139]_.png,699,1694,image/png,edifici_facades,W139,edifici
W139,edifici,11928,/7287_[uid_W139]_.png,1229,1784,image/png,edifici_facades,W139,edifici
W139,edifici,13644,/6791_[uid_W139]_.png,1578,1465,image/png,edifici_facades,W139,edifici
W139,edifici,15677,/6780_[uid_W139]_.png,620,2224,image/png,edifici_facades,W139,edifici
W139,edifici,17537,/7107_[uid_W139]_.png,1836,1705,image/png,edifici_facades,W139,edifici
W139,edifici,18012,/6786_[uid_W139]_.png,1083,1677,image/png,edifici_facades,W139,edifici
W139,edifici,18345,/6743_[uid_W139]_.png,3445,1931,image/png,edifici_facades,W139,edifici
W139,edifici,19235,/6660_[uid_W139]_.png,1559,1557,image/png,edifici_facades,W139,edifici
W140,edifici,6901,/6904_[uid_W140]_.png,1450,1904,image/png,edifici_facades,W140,edifici
W140,edifici,8288,/6867_[uid_W140]_.png,662,1379,image/png,edifici_facades,W140,edifici
W140,edifici,9629,/7166_[uid_W140]_.png,1413,1496,image/png,edifici_facades,W140,edifici
W140,edifici,10120,/7212_[uid_W140]_.png,1302,1605,image/png,edifici_facades,W140,edifici
W140,edifici,10349,/6585_[uid_W140]_.png,2487,1998,image/png,edifici_facades,W140,edifici
W140,edifici,11266,/6500_[uid_W140]_.png,2289,1967,image/png,edifici_facades,W140,edifici
W140,edifici,12864,/6588_[uid_W140]_.png,2410,1909,image/png,edifici_facades,W140,edifici
W140,edifici,14113,/7210_[uid_W140]_.png,2006,1568,image/png,edifici_facades,W140,edifici
W140,edifici,16049,/6436_[uid_W140]_.png,1341,1553,image/png,edifici_facades,W140,edifici
W140,edifici,16571,/6909_[uid_W140]_.png,4349,1976,image/png,edifici_facades,W140,edifici
W140,edifici,16717,/7248_[uid_W140]_.png,4324,1992,image/png,edifici_facades,W140,edifici
W140,edifici,17604,/7165_[uid_W140]_.png,3610,1549,image/png,edifici_facades,W140,edifici
W140,edifici,18267,/6589_[uid_W140]_.png,2092,1744,image/png,edifici_facades,W140,edifici
W141,edifici,5308,/2090_[uid_W141]_.png,608,1434,image/png,edifici_facades,W141,edifici
W141,edifici,17417,/2150_[uid_W141]_.png,1322,1520,image/png,edifici_facades,W141,edifici
W141,edifici,17376,/2084_[uid_W141]_.png,936,1415,image/png,edifici_facades,W141,edifici
W141,edifici,15857,/1741_[uid_W141]_.png,883,1296,image/png,edifici_facades,W141,edifici
W141,edifici,15469,/2085_[uid_W141]_.png,2719,1375,image/png,edifici_facades,W141,edifici
W141,edifici,15456,/2151_[uid_W141]_.png,2147,1655,image/png,edifici_facades,W141,edifici
W141,edifici,14260,/2163_[uid_W141]_.png,286,1512,image/png,edifici_facades,W141,edifici
W141,edifici,14122,/1795_[uid_W141]_.png,587,986,image/png,edifici_facades,W141,edifici
W141,edifici,11851,/1743_[uid_W141]_.png,955,1470,image/png,edifici_facades,W141,edifici
W141,edifici,11717,/3164_[uid_W141]_.png,1950,1287,image/png,edifici_facades,W141,edifici
W141,edifici,17521,/1675_[uid_W141]_.png,443,1049,image/png,edifici_facades,W141,edifici
W141,edifici,11569,/2087_[uid_W141]_.png,2110,1718,image/png,edifici_facades,W141,edifici
W141,edifici,10587,/2243_[uid_W141]_.png,773,490,image/png,edifici_facades,W141,edifici
W141,edifici,10401,/2239_[uid_W141]_.png,1541,1332,image/png,edifici_facades,W141,edifici
W141,edifici,10112,/1797_[uid_W141]_.png,406,884,image/png,edifici_facades,W141,edifici
W141,edifici,9737,/2212_[uid_W141]_.png,1450,1227,image/png,edifici_facades,W141,edifici
W141,edifici,9667,/2154_[uid_W141]_.png,608,1539,image/png,edifici_facades,W141,edifici
W141,edifici,8846,/2238_[uid_W141]_.png,1455,1307,image/png,edifici_facades,W141,edifici
W141,edifici,8093,/1796_[uid_W141]_.png,2013,1611,image/png,edifici_facades,W141,edifici
W141,edifici,6424,/2086_[uid_W141]_.png,699,1368,image/png,edifici_facades,W141,edifici
W141,edifici,6277,/1742_[uid_W141]_.png,387,1626,image/png,edifici_facades,W141,edifici
W141,edifici,11555,/2153_[uid_W141]_.png,1194,1482,image/png,edifici_facades,W141,edifici
W141,edifici,18636,/2240_[uid_W141]_.png,1101,1620,image/png,edifici_facades,W141,edifici
W142,edifici,7818,/7630_[uid_W142]_.png,1229,1479,image/png,edifici_facades,W142,edifici
W142,edifici,8357,/7436_[uid_W142]_.png,2124,1501,image/png,edifici_facades,W142,edifici
W142,edifici,9007,/7832_[uid_W142]_.png,2475,1335,image/png,edifici_facades,W142,edifici
W142,edifici,9385,/7631_[uid_W142]_.png,1945,1541,image/png,edifici_facades,W142,edifici
W142,edifici,10104,/7819_[uid_W142]_.png,2040,1328,image/png,edifici_facades,W142,edifici
W142,edifici,10754,/7686_[uid_W142]_.png,1322,1365,image/png,edifici_facades,W142,edifici
W142,edifici,11633,/7445_[uid_W142]_.png,2054,1765,image/png,edifici_facades,W142,edifici
W142,edifici,13515,/7683_[uid_W142]_.png,1906,1527,image/png,edifici_facades,W142,edifici
W142,edifici,16751,/7685_[uid_W142]_.png,2354,1539,image/png,edifici_facades,W142,edifici
W143,edifici,6700,/7704_[uid_W143]_.png,1413,1441,image/png,edifici_facades,W143,edifici
W143,edifici,7707,/7655_[uid_W143]_.png,2694,1683,image/png,edifici_facades,W143,edifici
W143,edifici,8039,/7453_[uid_W143]_.png,1926,1539,image/png,edifici_facades,W143,edifici
W143,edifici,8880,/7810_[uid_W143]_.png,1815,1899,image/png,edifici_facades,W143,edifici
W143,edifici,8909,/7702_[uid_W143]_.png,1761,1271,image/png,edifici_facades,W143,edifici
W144,edifici,7751,/7226_[uid_W144]_.png,1176,1499,image/png,edifici_facades,W144,edifici
W144,edifici,17280,/7223_[uid_W144]_.png,680,1301,image/png,edifici_facades,W144,edifici
W144,edifici,15862,/7164_[uid_W144]_.png,1361,1900,image/png,edifici_facades,W144,edifici
W144,edifici,14104,/7384_[uid_W144]_.png,1303,1323,image/png,edifici_facades,W144,edifici
W144,edifici,13850,/7365_[uid_W144]_.png,717,1749,image/png,edifici_facades,W144,edifici
W144,edifici,12255,/7331_[uid_W144]_.png,2836,1873,image/png,edifici_facades,W144,edifici
W144,edifici,12210,/7243_[uid_W144]_.png,1820,1814,image/png,edifici_facades,W144,edifici
W144,edifici,10073,/6435_[uid_W144]_.png,7618,1920,image/png,edifici_facades,W144,edifici
W144,edifici,9963,/7367_[uid_W144]_.png,736,1775,image/png,edifici_facades,W144,edifici
W144,edifici,9532,/6674_[uid_W144]_.png,936,1384,image/png,edifici_facades,W144,edifici
W144,edifici,9355,/7368_[uid_W144]_.png,552,1205,image/png,edifici_facades,W144,edifici
W144,edifici,9333,/7227_[uid_W144]_.png,1482,1815,image/png,edifici_facades,W144,edifici
W144,edifici,9022,/7244_[uid_W144]_.png,643,1596,image/png,edifici_facades,W144,edifici
W144,edifici,8735,/7197_[uid_W144]_.png,1487,1524,image/png,edifici_facades,W144,edifici
W144,edifici,8472,/7230_[uid_W144]_.png,1629,1880,image/png,edifici_facades,W144,edifici
W144,edifici,7920,/6675_[uid_W144]_.png,1117,1593,image/png,edifici_facades,W144,edifici
W144,edifici,17842,/7162_[uid_W144]_.png,2280,1947,image/png,edifici_facades,W144,edifici
W144,edifici,18732,/7195_[uid_W144]_.png,1661,1992,image/png,edifici_facades,W144,edifici
W145,edifici,5794,/3509_[uid_W145]_.png,1178,1387,image/png,edifici_facades,W145,edifici
W145,edifici,5957,/3608_[uid_W145]_.png,350,694,image/png,edifici_facades,W145,edifici
W145,edifici,6542,/3607_[uid_W145]_.png,288,732,image/png,edifici_facades,W145,edifici
W145,edifici,9113,/4181_[uid_W145]_.png,2447,1029,image/png,edifici_facades,W145,edifici
W145,edifici,9714,/4036_[uid_W145]_.png,2810,1591,image/png,edifici_facades,W145,edifici
W145,edifici,9736,/4179_[uid_W145]_.png,2117,747,image/png,edifici_facades,W145,edifici
W145,edifici,10981,/3610_[uid_W145]_.png,1582,1438,image/png,edifici_facades,W145,edifici
W145,edifici,11342,/3508_[uid_W145]_.png,2229,1807,image/png,edifici_facades,W145,edifici
W145,edifici,11943,/3451_[uid_W145]_.png,907,1568,image/png,edifici_facades,W145,edifici
W145,edifici,14149,/3499_[uid_W145]_.png,1369,1221,image/png,edifici_facades,W145,edifici
W145,edifici,14227,/3570_[uid_W145]_.png,1120,1314,image/png,edifici_facades,W145,edifici
W145,edifici,14281,/3215_[uid_W145]_.png,717,1400,image/png,edifici_facades,W145,edifici
W145,edifici,17748,/4035_[uid_W145]_.png,1303,1555,image/png,edifici_facades,W145,edifici
W145,edifici,18086,/4182_[uid_W145]_.png,687,1586,image/png,edifici_facades,W145,edifici
W146,edifici,5409,/6462_[uid_W146]_.png,1029,1644,image/png,edifici_facades,W146,edifici
W146,edifici,8434,/6484_[uid_W146]_.png,2164,1375,image/png,edifici_facades,W146,edifici
W146,edifici,8478,/6876_[uid_W146]_.png,1461,710,image/png,edifici_facades,W146,edifici
W146,edifici,8730,/6465_[uid_W146]_.png,106,1441,image/png,edifici_facades,W146,edifici
W146,edifici,9027,/6456_[uid_W146]_.png,1194,1053,image/png,edifici_facades,W146,edifici
W146,edifici,13262,/6466_[uid_W146]_.png,2626,1530,image/png,edifici_facades,W146,edifici
W146,edifici,13419,/6398_[uid_W146]_.png,2533,2176,image/png,edifici_facades,W146,edifici
W146,edifici,13578,/6487_[uid_W146]_.png,1189,1477,image/png,edifici_facades,W146,edifici
W146,edifici,14939,/6513_[uid_W146]_.png,1194,1297,image/png,edifici_facades,W146,edifici
W146,edifici,15007,/6461_[uid_W146]_.png,1833,1000,image/png,edifici_facades,W146,edifici
W146,edifici,16995,/6428_[uid_W146]_.png,5514,1695,image/png,edifici_facades,W146,edifici
W146,edifici,18553,/6486_[uid_W146]_.png,1101,1331,image/png,edifici_facades,W146,edifici
W146,edifici,18739,/6467_[uid_W146]_.png,883,1345,image/png,edifici_facades,W146,edifici
W147,edifici,6123,/6942_[uid_W147]_.png,1531,1797,image/png,edifici_facades,W147,edifici
W147,edifici,7890,/6996_[uid_W147]_.png,1066,1937,image/png,edifici_facades,W147,edifici
W147,edifici,8866,/6952_[uid_W147]_.png,1208,1772,image/png,edifici_facades,W147,edifici
W147,edifici,10101,/7238_[uid_W147]_.png,1889,1627,image/png,edifici_facades,W147,edifici
W147,edifici,10489,/7052_[uid_W147]_.png,1908,2109,image/png,edifici_facades,W147,edifici
W147,edifici,11189,/6943_[uid_W147]_.png,827,1646,image/png,edifici_facades,W147,edifici
W147,edifici,11471,/6939_[uid_W147]_.png,2289,1535,image/png,edifici_facades,W147,edifici
W147,edifici,12123,/6989_[uid_W147]_.png,1066,1246,image/png,edifici_facades,W147,edifici
W147,edifici,14881,/6738_[uid_W147]_.png,1010,1050,image/png,edifici_facades,W147,edifici
W147,edifici,16324,/6940_[uid_W147]_.png,410,1441,image/png,edifici_facades,W147,edifici
W147,edifici,16706,/7056_[uid_W147]_.png,1229,1733,image/png,edifici_facades,W147,edifici
W147,edifici,17156,/6993_[uid_W147]_.png,1138,1553,image/png,edifici_facades,W147,edifici
W147,edifici,18074,/6430_[uid_W147]_.png,2659,1939,image/png,edifici_facades,W147,edifici
W148,edifici,6370,/786_[uid_W148]_.png,1794,1746,image/png,edifici_facades,W148,edifici
W148,edifici,7100,/6403_[uid_W148]_.png,4361,2020,image/png,edifici_facades,W148,edifici
W148,edifici,8471,/161_[uid_W148]_.png,3061,2146,image/png,edifici_facades,W148,edifici
W148,edifici,11530,/7416_[uid_W148]_.png,827,1754,image/png,edifici_facades,W148,edifici
W148,edifici,13869,/7137_[uid_W148]_.png,2987,1811,image/png,edifici_facades,W148,edifici
W148,edifici,15528,/785_[uid_W148]_.png,1859,1898,image/png,edifici_facades,W148,edifici
W148,edifici,17438,/784_[uid_W148]_.png,1431,1628,image/png,edifici_facades,W148,edifici
W148,edifici,18094,/634_[uid_W148]_.png,2543,1853,image/png,edifici_facades,W148,edifici
W149,edifici,5440,/6807_[uid_W149]_.png,571,1401,image/png,edifici_facades,W149,edifici
W149,edifici,7587,/6704_[uid_W149]_.png,278,1873,image/png,edifici_facades,W149,edifici
W149,edifici,8485,/1775_[uid_W149]_.png,1138,1646,image/png,edifici_facades,W149,edifici
W149,edifici,10198,/7401_[uid_W149]_.png,1457,1640,image/png,edifici_facades,W149,edifici
W149,edifici,10973,/6806_[uid_W149]_.png,910,1656,image/png,edifici_facades,W149,edifici
W149,edifici,11670,/6810_[uid_W149]_.png,973,1637,image/png,edifici_facades,W149,edifici
W149,edifici,12614,/6707_[uid_W149]_.png,278,1873,image/png,edifici_facades,W149,edifici
W149,edifici,14494,/7112_[uid_W149]_.png,1394,1614,image/png,edifici_facades,W149,edifici
W149,edifici,15587,/6812_[uid_W149]_.png,973,1526,image/png,edifici_facades,W149,edifici
W150,edifici,5437,/1410_[uid_W150]_.png,1734,1210,image/png,edifici_facades,W150,edifici
W150,edifici,7493,/984_[uid_W150]_.png,880,1148,image/png,edifici_facades,W150,edifici
W150,edifici,8309,/455_[uid_W150]_.png,608,729,image/png,edifici_facades,W150,edifici
W150,edifici,10920,/1374_[uid_W150]_.png,2480,1196,image/png,edifici_facades,W150,edifici
W150,edifici,15585,/424_[uid_W150]_.png,2271,422,image/png,edifici_facades,W150,edifici
W150,edifici,16543,/1412_[uid_W150]_.png,2273,1323,image/png,edifici_facades,W150,edifici
W151,edifici,5592,/712_[uid_W151]_.png,1396,1197,image/png,edifici_facades,W151,edifici
W151,edifici,7403,/297_[uid_W151]_.png,1668,1289,image/png,edifici_facades,W151,edifici
W151,edifici,10841,/104_[uid_W151]_.png,1596,810,image/png,edifici_facades,W151,edifici
W151,edifici,11339,/81_[uid_W151]_.png,973,1347,image/png,edifici_facades,W151,edifici
W151,edifici,11620,/155_[uid_W151]_.png,1392,1421,image/png,edifici_facades,W151,edifici
W151,edifici,14179,/158_[uid_W151]_.png,480,1216,image/png,edifici_facades,W151,edifici
W151,edifici,15048,/300_[uid_W151]_.png,1799,1153,image/png,edifici_facades,W151,edifici
W151,edifici,15251,/293_[uid_W151]_.png,1157,1212,image/png,edifici_facades,W151,edifici
W151,edifici,15625,/157_[uid_W151]_.png,827,1065,image/png,edifici_facades,W151,edifici
W151,edifici,16818,/292_[uid_W151]_.png,2064,980,image/png,edifici_facades,W151,edifici
W151,edifici,17490,/741_[uid_W151]_.png,2675,1385,image/png,edifici_facades,W151,edifici
W151,edifici,18055,/837_[uid_W151]_.png,3052,1354,image/png,edifici_facades,W151,edifici
W152,edifici,5343,/6478_[uid_W152]_.png,1678,1437,image/png,edifici_facades,W152,edifici
W152,edifici,5540,/6499_[uid_W152]_.png,1322,1496,image/png,edifici_facades,W152,edifici
W152,edifici,5851,/6480_[uid_W152]_.png,1176,1557,image/png,edifici_facades,W152,edifici
W152,edifici,7902,/6488_[uid_W152]_.png,4603,1611,image/png,edifici_facades,W152,edifici
W152,edifici,9110,/6490_[uid_W152]_.png,2575,1530,image/png,edifici_facades,W152,edifici
W152,edifici,9859,/6906_[uid_W152]_.png,2498,1598,image/png,edifici_facades,W152,edifici
W152,edifici,10936,/6479_[uid_W152]_.png,736,1512,image/png,edifici_facades,W152,edifici
W152,edifici,13950,/6458_[uid_W152]_.png,699,1148,image/png,edifici_facades,W152,edifici
W152,edifici,14272,/6462_[uid_W152]_.png,2675,1541,image/png,edifici_facades,W152,edifici
W152,edifici,14573,/6418_[uid_W152]_.png,3110,1512,image/png,edifici_facades,W152,edifici
W152,edifici,18922,/6459_[uid_W152]_.png,1050,1443,image/png,edifici_facades,W152,edifici
W152,edifici,18997,/6464_[uid_W152]_.png,1471,1458,image/png,edifici_facades,W152,edifici
W153,edifici,12550,/2245_[uid_W153]_.png,1706,1239,image/png,edifici_facades,W153,edifici
W153,edifici,15742,/2104_[uid_W153]_.png,2126,2119,image/png,edifici_facades,W153,edifici
W153,edifici,17997,/2244_[uid_W153]_.png,955,1419,image/png,edifici_facades,W153,edifici
W154,edifici,9930,/566_[uid_W154]_.png,3673,1485,image/png,edifici_facades,W154,edifici
W154,edifici,16043,/348_[uid_W154]_.png,1789,1280,image/png,edifici_facades,W154,edifici
W154,edifici,19367,/623_[uid_W154]_.png,1394,876,image/png,edifici_facades,W154,edifici
W155,edifici,5388,/7904_[uid_W155]_.png,845,1300,image/png,edifici_facades,W155,edifici
W155,edifici,8383,/8504_[uid_W155]_.png,1385,1189,image/png,edifici_facades,W155,edifici
W155,edifici,10355,/7902_[uid_W155]_.png,662,1018,image/png,edifici_facades,W155,edifici
W155,edifici,10923,/7905_[uid_W155]_.png,2280,1526,image/png,edifici_facades,W155,edifici
W155,edifici,13440,/7900_[uid_W155]_.png,1468,933,image/png,edifici_facades,W155,edifici
W155,edifici,14027,/7856_[uid_W155]_.png,3726,1516,image/png,edifici_facades,W155,edifici
W155,edifici,16108,/7965_[uid_W155]_.png,699,1407,image/png,edifici_facades,W155,edifici
W155,edifici,16378,/7906_[uid_W155]_.png,2661,1121,image/png,edifici_facades,W155,edifici
W155,edifici,16812,/8484_[uid_W155]_.png,1852,1342,image/png,edifici_facades,W155,edifici
W155,edifici,16945,/7846_[uid_W155]_.png,4075,1911,image/png,edifici_facades,W155,edifici
W155,edifici,18426,/8483_[uid_W155]_.png,3228,1317,image/png,edifici_facades,W155,edifici
W155,edifici,19044,/8010_[uid_W155]_.png,1101,1149,image/png,edifici_facades,W155,edifici
W156,edifici,6420,/7725_[uid_W156]_.png,808,1137,image/png,edifici_facades,W156,edifici
W156,edifici,11565,/7724_[uid_W156]_.png,680,1460,image/png,edifici_facades,W156,edifici
W156,edifici,14689,/7777_[uid_W156]_.png,3940,1666,image/png,edifici_facades,W156,edifici
W156,edifici,15477,/7726_[uid_W156]_.png,845,1280,image/png,edifici_facades,W156,edifici
W156,edifici,16631,/7776_[uid_W156]_.png,1066,1226,image/png,edifici_facades,W156,edifici
W157,edifici,6328,/7740_[uid_W157]_.png,2073,1728,image/png,edifici_facades,W157,edifici
W157,edifici,7237,/7483_[uid_W157]_.png,3408,2354,image/png,edifici_facades,W157,edifici
W157,edifici,11939,/7485_[uid_W157]_.png,1961,1623,image/png,edifici_facades,W157,edifici
W158,edifici,7009,/4336_[uid_W158]_.png,2394,1709,image/png,edifici_facades,W158,edifici
W158,edifici,7018,/4331_[uid_W158]_.png,2182,1621,image/png,edifici_facades,W158,edifici
W158,edifici,10362,/4291_[uid_W158]_.png,1029,1380,image/png,edifici_facades,W158,edifici
W158,edifici,13115,/4332_[uid_W158]_.png,1908,1729,image/png,edifici_facades,W158,edifici
W158,edifici,18089,/4333_[uid_W158]_.png,4582,1785,image/png,edifici_facades,W158,edifici
W159,edifici,5701,/7020_[uid_W159]_.png,883,1467,image/png,edifici_facades,W159,edifici
W159,edifici,6469,/7245_[uid_W159]_.png,662,1884,image/png,edifici_facades,W159,edifici
W159,edifici,6840,/7226_[uid_W159]_.png,955,1385,image/png,edifici_facades,W159,edifici
W159,edifici,8942,/6400_[uid_W159]_.png,1882,2011,image/png,edifici_facades,W159,edifici
W159,edifici,9821,/6977_[uid_W159]_.png,1015,1751,image/png,edifici_facades,W159,edifici
W159,edifici,11613,/7244_[uid_W159]_.png,590,1765,image/png,edifici_facades,W159,edifici
W159,edifici,12658,/7107_[uid_W159]_.png,1652,1679,image/png,edifici_facades,W159,edifici
W159,edifici,13220,/7016_[uid_W159]_.png,801,1741,image/png,edifici_facades,W159,edifici
W159,edifici,13518,/7019_[uid_W159]_.png,741,1464,image/png,edifici_facades,W159,edifici
W159,edifici,17678,/7106_[uid_W159]_.png,755,1293,image/png,edifici_facades,W159,edifici
W159,edifici,18211,/7017_[uid_W159]_.png,2001,1722,image/png,edifici_facades,W159,edifici
W159,edifici,18491,/7018_[uid_W159]_.png,1489,1871,image/png,edifici_facades,W159,edifici
W159,edifici,18693,/7110_[uid_W159]_.png,4110,1791,image/png,edifici_facades,W159,edifici
W160,edifici,10389,/1179_[uid_W160]_.png,2577,900,image/png,edifici_facades,W160,edifici
W160,edifici,17069,/1301_[uid_W160]_.png,2787,1046,image/png,edifici_facades,W160,edifici
W160,edifici,17935,/30_[uid_W160]_.png,2968,2007,image/png,edifici_facades,W160,edifici
W161,edifici,10553,/392_[uid_W161]_.png,3410,1302,image/png,edifici_facades,W161,edifici
W161,edifici,11745,/706_[uid_W161]_.png,1506,1211,image/png,edifici_facades,W161,edifici
W161,edifici,15668,/676_[uid_W161]_.png,3905,981,image/png,edifici_facades,W161,edifici
W162,edifici,7939,/6879_[uid_W162]_.png,4728,1371,image/png,edifici_facades,W162,edifici
W162,edifici,8865,/6880_[uid_W162]_.png,2987,1539,image/png,edifici_facades,W162,edifici
W162,edifici,10518,/7312_[uid_W162]_.png,3024,2094,image/png,edifici_facades,W162,edifici
W162,edifici,13840,/7309_[uid_W162]_.png,445,2143,image/png,edifici_facades,W162,edifici
W162,edifici,18528,/7311_[uid_W162]_.png,2529,1879,image/png,edifici_facades,W162,edifici
W162,edifici,19272,/7308_[uid_W162]_.png,3268,1893,image/png,edifici_facades,W162,edifici
W163,edifici,11877,/913_[uid_W163]_.png,4012,1392,image/png,edifici_facades,W163,edifici
W163,edifici,13005,/667_[uid_W163]_.png,3208,1291,image/png,edifici_facades,W163,edifici
W163,edifici,13286,/588_[uid_W163]_.png,1833,1231,image/png,edifici_facades,W163,edifici
W163,edifici,18163,/753_[uid_W163]_.png,515,1460,image/png,edifici_facades,W163,edifici
W164,edifici,6034,/519_[uid_W164]_.png,4342,1607,image/png,edifici_facades,W164,edifici
W164,edifici,12016,/740_[uid_W164]_.png,2787,1357,image/png,edifici_facades,W164,edifici
W164,edifici,15511,/1117_[uid_W164]_.png,2512,1750,image/png,edifici_facades,W164,edifici
W165,edifici,5598,/7720_[uid_W165]_.png,1917,1254,image/png,edifici_facades,W165,edifici
W165,edifici,8545,/7808_[uid_W165]_.png,1668,1586,image/png,edifici_facades,W165,edifici
W165,edifici,14504,/7675_[uid_W165]_.png,515,1221,image/png,edifici_facades,W165,edifici
W165,edifici,15430,/7844_[uid_W165]_.png,2787,1353,image/png,edifici_facades,W165,edifici
W165,edifici,18895,/7482_[uid_W165]_.png,1724,1729,image/png,edifici_facades,W165,edifici
W165,edifici,18901,/7762_[uid_W165]_.png,808,1157,image/png,edifici_facades,W165,edifici
W166,edifici,5301,/6406_[uid_W166]_.png,3445,2018,image/png,edifici_facades,W166,edifici
W166,edifici,6466,/6410_[uid_W166]_.png,6353,2391,image/png,edifici_facades,W166,edifici
W167,edifici,7346,/141_[uid_W167]_.png,2326,1124,image/png,edifici_facades,W167,edifici
W167,edifici,15944,/810_[uid_W167]_.png,4361,1443,image/png,edifici_facades,W167,edifici
W167,edifici,19110,/742_[uid_W167]_.png,2126,1618,image/png,edifici_facades,W167,edifici
W168,edifici,8447,/7425_[uid_W168]_.png,4251,1955,image/png,edifici_facades,W168,edifici
W168,edifici,12167,/7710_[uid_W168]_.png,1350,1688,image/png,edifici_facades,W168,edifici
W168,edifici,18707,/7669_[uid_W168]_.png,3482,1948,image/png,edifici_facades,W168,edifici
W169,edifici,5380,/1997_[uid_W169]_.png,1472,240,image/png,edifici_facades,W169,edifici
