filename,width,height,media_type
439_Dorsoduro/4_SMargherita/SMargherita_36_497.png,3363,3949,image/png
439_Dorsoduro/4_SMargherita/SMargherita_25_352.png,3363,3949,image/png
439_Dorsoduro/4_SMargherita/SMargherita_12_157.png,3363,3949,image/png
439_Dorsoduro/4_SMargherita/SMargherita_32_449.png,3363,3949,image/png
439_Dorsoduro/4_SMargherita/SMargherita_18_244.png,3363,3949,image/png
439_Dorsoduro/4_SMargherita/SMargherita_33_462.png,3363,3949,image/png
439_Dorsoduro/4_SMargherita/SMargherita_7_93.png,3363,3949,image/png
439_Dorsoduro/4_SMargherita/SMargherita_8_106.png,3363,3949,image/png
439_Dorsoduro/4_SMargherita/SMargherita_9_117.png,3363,3949,image/png
439_Dorsoduro/4_SMargherita/SMargherita_19_256.png,3363,3949,image/png
439_Dorsoduro/4_SMargherita/SMargherita_22_303.png,3363,3949,image/png
439_Dorsoduro/4_SMargherita/SMargherita_16_210.png,3363,3949,image/png
439_Dorsoduro/4_SMargherita/SMargherita_3_37.png,3363,3949,image/png
439_Dorsoduro/4_SMargherita/SMargherita_24_336.png,3363,3949,image/png
439_Dorsoduro/4_SMargherita/SMargherita_38_516.png,3363,3949,image/png
439_Dorsoduro/4_SMargherita/SMargherita_11_142.png,3363,3949,image/png
439_Dorsoduro/4_SMargherita/SMargherita_27_379.png,3363,3949,image/png
439_Dorsoduro/4_SMargherita/SMargherita_35_485.png,3363,3949,image/png
439_Dorsoduro/4_SMargherita/SMargherita_20_271.png,3363,3949,image/png
439_Dorsoduro/4_SMargherita/SMargherita_6_82.png,3363,3949,image/png
439_Dorsoduro/4_SMargherita/SMargherita_21_287.png,3363,3949,image/png
439_Dorsoduro/4_SMargherita/SMargherita_34_473.png,3363,3949,image/png
439_Dorsoduro/4_SMargherita/SMargherita_15_196.png,3363,3949,image/png
439_Dorsoduro/4_SMargherita/SMargherita_39_525.png,3363,3949,image/png
439_Dorsoduro/4_SMargherita/SMargherita_2_24.png,3363,3949,image/png
439_Dorsoduro/4_SMargherita/SMargherita_26_365.png,3363,3949,image/png
439_Dorsoduro/4_SMargherita/SMargherita_4_52.png,3363,3949,image/png
439_Dorsoduro/4_SMargherita/SMargherita_14_183.png,3363,3949,image/png
439_Dorsoduro/4_SMargherita/SMargherita_5_67.png,3363,3949,image/png
439_Dorsoduro/4_SMargherita/SMargherita_17_225.png,3363,3949,image/png
439_Dorsoduro/4_SMargherita/SMargherita_31_436.png,3363,3949,image/png
439_Dorsoduro/4_SMargherita/SMargherita_13_171.png,3363,3949,image/png
439_Dorsoduro/4_SMargherita/SMargherita_37_506.png,3363,3949,image/png
439_Dorsoduro/4_SMargherita/SMargherita_1_11.png,3363,3949,image/png
439_Dorsoduro/4_SMargherita/SMargherita_10_129.png,3363,3949,image/png
439_Dorsoduro/4_SMargherita/SMargherita_29_409.png,3363,3949,image/png
439_Dorsoduro/4_SMargherita/SMargherita_28_394.png,3363,3949,image/png
439_Dorsoduro/4_SMargherita/SMargherita_23_319.png,3363,3949,image/png
439_Dorsoduro/4_SMargherita/SMargherita_40_532.png,3363,3949,image/png
439_Dorsoduro/4_SMargherita/SMargherita_30_423.png,3363,3949,image/png
439_Dorsoduro/4_SMargherita/SMargherita_0_1.png,3363,3949,image/png
439_Dorsoduro/8_SAgnese/SAgnese_5_76.png,3428,3973,image/png
439_Dorsoduro/8_SAgnese/SAgnese_0_1.png,3428,3973,image/png
439_Dorsoduro/8_SAgnese/SAgnese_21_312.png,3428,3973,image/png
439_Dorsoduro/8_SAgnese/SAgnese_10_152.png,3428,3973,image/png
439_Dorsoduro/8_SAgnese/SAgnese_1_17.png,3428,3973,image/png
439_Dorsoduro/8_SAgnese/SAgnese_14_206.png,3428,3973,image/png
439_Dorsoduro/8_SAgnese/SAgnese_13_194.png,3428,3973,image/png
439_Dorsoduro/8_SAgnese/SAgnese_22_317.png,3428,3973,image/png
439_Dorsoduro/8_SAgnese/SAgnese_12_178.png,3428,3973,image/png
439_Dorsoduro/8_SAgnese/SAgnese_6_90.png,3428,3973,image/png
439_Dorsoduro/8_SAgnese/SAgnese_19_279.png,3428,3973,image/png
439_Dorsoduro/8_SAgnese/SAgnese_2_30.png,3428,3973,image/png
439_Dorsoduro/8_SAgnese/SAgnese_4_60.png,3428,3973,image/png
439_Dorsoduro/8_SAgnese/SAgnese_9_135.png,3428,3973,image/png
439_Dorsoduro/8_SAgnese/SAgnese_16_233.png,3428,3973,image/png
439_Dorsoduro/8_SAgnese/SAgnese_18_264.png,3428,3973,image/png
439_Dorsoduro/8_SAgnese/SAgnese_8_120.png,3428,3973,image/png
439_Dorsoduro/8_SAgnese/SAgnese_3_46.png,3428,3973,image/png
439_Dorsoduro/8_SAgnese/SAgnese_11_165.png,3428,3973,image/png
439_Dorsoduro/8_SAgnese/SAgnese_15_219.png,3428,3973,image/png
439_Dorsoduro/8_SAgnese/SAgnese_20_295.png,3428,3973,image/png
439_Dorsoduro/8_SAgnese/SAgnese_17_250.png,3428,3973,image/png
439_Dorsoduro/8_SAgnese/SAgnese_7_104.png,3428,3973,image/png
439_Dorsoduro/5_SBarnaba/SBarnaba_0_1.png,3568,3966,image/png
439_Dorsoduro/5_SBarnaba/SBarnaba_13_121.png,3568,3966,image/png
439_Dorsoduro/5_SBarnaba/SBarnaba__11_103.png,3568,3966,image/png
439_Dorsoduro/5_SBarnaba/SBarnaba_31_288.png,3568,3966,image/png
439_Dorsoduro/5_SBarnaba/SBarnaba_47_445.png,3568,3966,image/png
439_Dorsoduro/5_SBarnaba/SBarnaba_37_346.png,3568,3966,image/png
439_Dorsoduro/5_SBarnaba/SBarnaba_40_377.png,3568,3966,image/png
439_Dorsoduro/5_SBarnaba/SBarnaba_28_259.png,3568,3966,image/png
439_Dorsoduro/5_SBarnaba/SBarnaba_1_10.png,3568,3966,image/png
439_Dorsoduro/5_SBarnaba/SBarnaba_53_502.png,3568,3966,image/png
439_Dorsoduro/5_SBarnaba/SBarnaba_22_199.png,3568,3966,image/png
439_Dorsoduro/5_SBarnaba/SBarnaba_35_324.png,3568,3966,image/png
439_Dorsoduro/5_SBarnaba/SBarnaba_45_427.png,3568,3966,image/png
439_Dorsoduro/5_SBarnaba/SBarnaba_36_336.png,3568,3966,image/png
439_Dorsoduro/5_SBarnaba/SBarnaba_24_218.png,3568,3966,image/png
439_Dorsoduro/5_SBarnaba/SBarnaba_50_473.png,3568,3966,image/png
439_Dorsoduro/5_SBarnaba/SBarnaba_46_436.png,3568,3966,image/png
439_Dorsoduro/5_SBarnaba/SBarnaba_10_94.png,3568,3966,image/png
439_Dorsoduro/5_SBarnaba/SBarnaba_33_304.png,3568,3966,image/png
439_Dorsoduro/5_SBarnaba/SBarnaba_39_367.png,3568,3966,image/png
439_Dorsoduro/5_SBarnaba/SBarnaba_43_407.png,3568,3966,image/png
439_Dorsoduro/5_SBarnaba/SBarnaba_15_139.png,3568,3966,image/png
439_Dorsoduro/5_SBarnaba/SBarnaba_2_21.png,3568,3966,image/png
439_Dorsoduro/5_SBarnaba/SBarnaba_16_148.png,3568,3966,image/png
439_Dorsoduro/5_SBarnaba/SBarnaba_25_227.png,3568,3966,image/png
439_Dorsoduro/5_SBarnaba/SBarnaba_4_42.png,3568,3966,image/png
439_Dorsoduro/5_SBarnaba/SBarnaba_49_463.png,3568,3966,image/png
439_Dorsoduro/5_SBarnaba/SBarnaba_17_157.png,3568,3966,image/png
439_Dorsoduro/5_SBarnaba/SBarnaba_54_511.png,3568,3966,image/png
439_Dorsoduro/5_SBarnaba/SBarnaba_51_483.png,3568,3966,image/png
439_Dorsoduro/5_SBarnaba/SBarnaba_38_357.png,3568,3966,image/png
439_Dorsoduro/5_SBarnaba/SBarnaba_48_454.png,3568,3966,image/png
439_Dorsoduro/5_SBarnaba/SBarnaba_32_296.png,3568,3966,image/png
439_Dorsoduro/5_SBarnaba/SBarnaba_6_58.png,3568,3966,image/png
439_Dorsoduro/5_SBarnaba/SBarnaba_20_181.png,3568,3966,image/png
439_Dorsoduro/5_SBarnaba/SBarnaba_55_ni.png,3568,3966,image/png
439_Dorsoduro/5_SBarnaba/SBarnaba_21_190.png,3568,3966,image/png
439_Dorsoduro/5_SBarnaba/SBarnaba_42_397.png,3568,3966,image/png
439_Dorsoduro/5_SBarnaba/SBarnaba_27_248.png,3568,3966,image/png
439_Dorsoduro/5_SBarnaba/SBarnaba_14_130.png,3568,3966,image/png
439_Dorsoduro/5_SBarnaba/SBarnaba_8_76.png,3568,3966,image/png
439_Dorsoduro/5_SBarnaba/SBarnaba_5_50.png,3568,3966,image/png
439_Dorsoduro/5_SBarnaba/SBarnaba_12_111.png,3568,3966,image/png
439_Dorsoduro/5_SBarnaba/SBarnaba_3_31.png,3568,3966,image/png
439_Dorsoduro/5_SBarnaba/SBarnaba_7_68.png,3568,3966,image/png
439_Dorsoduro/5_SBarnaba/SBarnaba_41_387.png,3568,3966,image/png
439_Dorsoduro/5_SBarnaba/SBarnaba_9_84.png,3568,3966,image/png
439_Dorsoduro/5_SBarnaba/SBarnaba_18_165.png,3568,3966,image/png
439_Dorsoduro/5_SBarnaba/SBarnaba_30_280.png,3568,3966,image/png
439_Dorsoduro/5_SBarnaba/SBarnaba_52_493.png,3568,3966,image/png
439_Dorsoduro/5_SBarnaba/SBarnaba_29_269.png,3568,3966,image/png
439_Dorsoduro/5_SBarnaba/SBarnaba_44_417.png,3568,3966,image/png
439_Dorsoduro/5_SBarnaba/SBarnaba_34_314.png,3568,3966,image/png
439_Dorsoduro/5_SBarnaba/SBarnaba_26_238.png,3568,3966,image/png
439_Dorsoduro/5_SBarnaba/SBarnaba_19_173.png,3568,3966,image/png
439_Dorsoduro/5_SBarnaba/SBarnaba_23_209.png,3568,3966,image/png
439_Dorsoduro/11_SEufemia/SEufemia_23.png,3358,4255,image/png
439_Dorsoduro/11_SEufemia/SEufemia_3.png,3358,4255,image/png
439_Dorsoduro/11_SEufemia/SEufemia_37.png,3358,4255,image/png
439_Dorsoduro/11_SEufemia/SEufemia_36.png,3358,4255,image/png
439_Dorsoduro/11_SEufemia/SEufemia_22.png,3358,4255,image/png
439_Dorsoduro/11_SEufemia/SEufemia_2.png,3358,4255,image/png
439_Dorsoduro/11_SEufemia/SEufemia_34.png,3358,4255,image/png
439_Dorsoduro/11_SEufemia/SEufemia_0.png,3358,4255,image/png
439_Dorsoduro/11_SEufemia/SEufemia_20.png,3358,4255,image/png
439_Dorsoduro/11_SEufemia/SEufemia_1.png,3358,4255,image/png
439_Dorsoduro/11_SEufemia/SEufemia_21.png,3358,4255,image/png
439_Dorsoduro/11_SEufemia/SEufemia_35.png,3358,4255,image/png
439_Dorsoduro/11_SEufemia/SEufemia_31.png,3358,4255,image/png
439_Dorsoduro/11_SEufemia/SEufemia_25.png,3358,4255,image/png
439_Dorsoduro/11_SEufemia/SEufemia_5.png,3358,4255,image/png
439_Dorsoduro/11_SEufemia/SEufemia_19.png,3358,4255,image/png
439_Dorsoduro/11_SEufemia/SEufemia_18.png,3358,4255,image/png
439_Dorsoduro/11_SEufemia/SEufemia_24.png,3358,4255,image/png
439_Dorsoduro/11_SEufemia/SEufemia_4.png,3358,4255,image/png
439_Dorsoduro/11_SEufemia/SEufemia_30.png,3358,4255,image/png
439_Dorsoduro/11_SEufemia/SEufemia_6.png,3358,4255,image/png
439_Dorsoduro/11_SEufemia/SEufemia_26.png,3358,4255,image/png
439_Dorsoduro/11_SEufemia/SEufemia_32.png,3358,4255,image/png
439_Dorsoduro/11_SEufemia/SEufemia_33.png,3358,4255,image/png
439_Dorsoduro/11_SEufemia/SEufemia_7.png,3358,4255,image/png
439_Dorsoduro/11_SEufemia/SEufemia_27.png,3358,4255,image/png
439_Dorsoduro/11_SEufemia/SEufemia_40.png,3358,4255,image/png
439_Dorsoduro/11_SEufemia/SEufemia_54.png,3358,4255,image/png
439_Dorsoduro/11_SEufemia/SEufemia_55.png,3358,4255,image/png
439_Dorsoduro/11_SEufemia/SEufemia_41.png,3358,4255,image/png
439_Dorsoduro/11_SEufemia/SEufemia_57.png,3358,4255,image/png
439_Dorsoduro/11_SEufemia/SEufemia_43.png,3358,4255,image/png
439_Dorsoduro/11_SEufemia/SEufemia_42.png,3358,4255,image/png
439_Dorsoduro/11_SEufemia/SEufemia_56.png,3358,4255,image/png
439_Dorsoduro/11_SEufemia/SEufemia_52.png,3358,4255,image/png
439_Dorsoduro/11_SEufemia/SEufemia_46.png,3358,4255,image/png
439_Dorsoduro/11_SEufemia/SEufemia_47.png,3358,4255,image/png
439_Dorsoduro/11_SEufemia/SEufemia_53.png,3358,4255,image/png
439_Dorsoduro/11_SEufemia/SEufemia_45.png,3358,4255,image/png
439_Dorsoduro/11_SEufemia/SEufemia_51.png,3358,4255,image/png
439_Dorsoduro/11_SEufemia/SEufemia_50.png,3358,4255,image/png
439_Dorsoduro/11_SEufemia/SEufemia_44.png,3358,4255,image/png
439_Dorsoduro/11_SEufemia/SEufemia_49.png,3358,4255,image/png
439_Dorsoduro/11_SEufemia/SEufemia_60.png,3358,4255,image/png
439_Dorsoduro/11_SEufemia/SEufemia_48.png,3358,4255,image/png
439_Dorsoduro/11_SEufemia/SEufemia_58.png,3358,4255,image/png
439_Dorsoduro/11_SEufemia/SEufemia_59.png,3358,4255,image/png
439_Dorsoduro/11_SEufemia/SEufemia_16.png,3358,4255,image/png
439_Dorsoduro/11_SEufemia/SEufemia_17.png,3358,4255,image/png
439_Dorsoduro/11_SEufemia/SEufemia_29.png,3358,4255,image/png
439_Dorsoduro/11_SEufemia/SEufemia_9.png,3358,4255,image/png
439_Dorsoduro/11_SEufemia/SEufemia_15.png,3358,4255,image/png
439_Dorsoduro/11_SEufemia/SEufemia_14.png,3358,4255,image/png
439_Dorsoduro/11_SEufemia/SEufemia_28.png,3358,4255,image/png
439_Dorsoduro/11_SEufemia/SEufemia_8.png,3358,4255,image/png
439_Dorsoduro/11_SEufemia/SEufemia_10.png,3358,4255,image/png
439_Dorsoduro/11_SEufemia/SEufemia_38.png,3358,4255,image/png
439_Dorsoduro/11_SEufemia/SEufemia_39.png,3358,4255,image/png
439_Dorsoduro/11_SEufemia/SEufemia_11.png,3358,4255,image/png
439_Dorsoduro/11_SEufemia/SEufemia_13.png,3358,4255,image/png
439_Dorsoduro/11_SEufemia/SEufemia_12.png,3358,4255,image/png
439_Dorsoduro/10_SGregorio/SGregorio_59_511.png,3281,4023,image/png
439_Dorsoduro/10_SGregorio/SGregorio_43_374.png,3281,4023,image/png
439_Dorsoduro/10_SGregorio/SGregorio_42_365.png,3281,4023,image/png
439_Dorsoduro/10_SGregorio/SGregorio_51_448.png,3281,4023,image/png
439_Dorsoduro/10_SGregorio/SGregorio_58_503.png,3281,4023,image/png
439_Dorsoduro/10_SGregorio/SGregorio_32_277.png,3281,4023,image/png
439_Dorsoduro/10_SGregorio/SGregorio_14_117.png,3281,4023,image/png
439_Dorsoduro/10_SGregorio/SGregorio_46_390.png,3281,4023,image/png
439_Dorsoduro/10_SGregorio/SGregorio_9_85.png,3281,4023,image/png
439_Dorsoduro/10_SGregorio/SGregorio_55_487.png,3281,4023,image/png
439_Dorsoduro/10_SGregorio/SGregorio_5_53.png,3281,4023,image/png
439_Dorsoduro/10_SGregorio/SGregorio_3_32.png,3281,4023,image/png
439_Dorsoduro/10_SGregorio/SGregorio_21_171.png,3281,4023,image/png
439_Dorsoduro/10_SGregorio/SGregorio_20_162.png,3281,4023,image/png
439_Dorsoduro/10_SGregorio/SGregorio_37_320.png,3281,4023,image/png
439_Dorsoduro/10_SGregorio/SGregorio_57_ni.png,3281,4023,image/png
439_Dorsoduro/10_SGregorio/SGregorio_45_385.png,3281,4023,image/png
439_Dorsoduro/10_SGregorio/SGregorio_27_232.png,3281,4023,image/png
439_Dorsoduro/10_SGregorio/SGregorio_38_328.png,3281,4023,image/png
439_Dorsoduro/10_SGregorio/SGregorio_26_222.png,3281,4023,image/png
439_Dorsoduro/10_SGregorio/SGregorio_50_438.png,3281,4023,image/png
439_Dorsoduro/10_SGregorio/SGregorio_56_496.png,3281,4023,image/png
439_Dorsoduro/10_SGregorio/SGregorio_53_466.png,3281,4023,image/png
439_Dorsoduro/10_SGregorio/SGregorio_6_65.png,3281,4023,image/png
439_Dorsoduro/10_SGregorio/SGregorio_61_524.png,3281,4023,image/png
439_Dorsoduro/10_SGregorio/SGregorio_19_156.png,3281,4023,image/png
439_Dorsoduro/10_SGregorio/SGregorio_34_296.png,3281,4023,image/png
439_Dorsoduro/10_SGregorio/SGregorio_29_248.png,3281,4023,image/png
439_Dorsoduro/10_SGregorio/SGregorio_52_459.png,3281,4023,image/png
439_Dorsoduro/10_SGregorio/SGregorio_44_384.png,3281,4023,image/png
439_Dorsoduro/10_SGregorio/SGregorio_48_413.png,3281,4023,image/png
439_Dorsoduro/10_SGregorio/SGregorio_4_42.png,3281,4023,image/png
439_Dorsoduro/10_SGregorio/SGregorio_49_426.png,3281,4023,image/png
439_Dorsoduro/10_SGregorio/SGregorio_23_193.png,3281,4023,image/png
439_Dorsoduro/10_SGregorio/SGregorio_2_22.png,3281,4023,image/png
439_Dorsoduro/10_SGregorio/SGregorio_28_240.png,3281,4023,image/png
439_Dorsoduro/10_SGregorio/SGregorio_31_269.png,3281,4023,image/png
439_Dorsoduro/10_SGregorio/SGregorio_12_104.png,3281,4023,image/png
439_Dorsoduro/10_SGregorio/SGregorio_8_82.png,3281,4023,image/png
439_Dorsoduro/10_SGregorio/SGregorio_11_99.png,3281,4023,image/png
439_Dorsoduro/10_SGregorio/SGregorio_22_181.png,3281,4023,image/png
439_Dorsoduro/10_SGregorio/SGregorio_60_515.png,3281,4023,image/png
439_Dorsoduro/10_SGregorio/SGregorio_16_131.png,3281,4023,image/png
439_Dorsoduro/10_SGregorio/SGregorio_41_355.png,3281,4023,image/png
439_Dorsoduro/10_SGregorio/SGregorio_39_336.png,3281,4023,image/png
439_Dorsoduro/10_SGregorio/SGregorio_35_304.png,3281,4023,image/png
439_Dorsoduro/10_SGregorio/SGregorio_13_111.png,3281,4023,image/png
439_Dorsoduro/10_SGregorio/SGregorio_40_345.png,3281,4023,image/png
439_Dorsoduro/10_SGregorio/SGregorio_18_149.png,3281,4023,image/png
439_Dorsoduro/10_SGregorio/SGregorio_30_257.png,3281,4023,image/png
439_Dorsoduro/10_SGregorio/SGregorio_33_287.png,3281,4023,image/png
439_Dorsoduro/10_SGregorio/SGregorio_24_204.png,3281,4023,image/png
439_Dorsoduro/10_SGregorio/SGregorio_15_124.png,3281,4023,image/png
439_Dorsoduro/10_SGregorio/SGregorio_10_91.png,3281,4023,image/png
439_Dorsoduro/10_SGregorio/SGregorio_0_1.png,3281,4023,image/png
439_Dorsoduro/10_SGregorio/SGregorio_17_140.png,3281,4023,image/png
439_Dorsoduro/10_SGregorio/SGregorio_1_12.png,3281,4023,image/png
439_Dorsoduro/10_SGregorio/SGregorio_47_400.png,3281,4023,image/png
439_Dorsoduro/10_SGregorio/SGregorio_25_212.png,3281,4023,image/png
439_Dorsoduro/10_SGregorio/SGregorio_54_476.png,3281,4023,image/png
439_Dorsoduro/10_SGregorio/SGregorio_7_74.png,3281,4023,image/png
439_Dorsoduro/10_SGregorio/SGregorio_36_311.png,3281,4023,image/png
439_Dorsoduro/3_SPantalon/SPantalon_24_429.png,3354,4276,image/png
439_Dorsoduro/3_SPantalon/SPantalon_6_113.png,3354,4276,image/png
439_Dorsoduro/3_SPantalon/SPantalon_30_541.png,3354,4276,image/png
439_Dorsoduro/3_SPantalon/SPantalon_14_268.png,3354,4276,image/png
439_Dorsoduro/3_SPantalon/SPantalon_5_91.png,3354,4276,image/png
439_Dorsoduro/3_SPantalon/SPantalon_26_467.png,3354,4276,image/png
439_Dorsoduro/3_SPantalon/SPantalon_18_328.png,3354,4276,image/png
439_Dorsoduro/3_SPantalon/SPantalon_34_611.png,3354,4276,image/png
439_Dorsoduro/3_SPantalon/SPantalon_21_378.png,3354,4276,image/png
439_Dorsoduro/3_SPantalon/SPantalon_8_154.png,3354,4276,image/png
439_Dorsoduro/3_SPantalon/SPantalon_15_283.png,3354,4276,image/png
439_Dorsoduro/3_SPantalon/SPantalon_4_72.png,3354,4276,image/png
439_Dorsoduro/3_SPantalon/SPantalon_29_520.png,3354,4276,image/png
439_Dorsoduro/3_SPantalon/SPantalon_11_213.png,3354,4276,image/png
439_Dorsoduro/3_SPantalon/SPantalon_33_595.png,3354,4276,image/png
439_Dorsoduro/3_SPantalon/SPantalon_22_395.png,3354,4276,image/png
439_Dorsoduro/3_SPantalon/SPantalon_0_1.png,3354,4276,image/png
439_Dorsoduro/3_SPantalon/SPantalon_3_51.png,3354,4276,image/png
439_Dorsoduro/3_SPantalon/SPantalon_25_449.png,3354,4276,image/png
439_Dorsoduro/3_SPantalon/SPantalon_28_504.png,3354,4276,image/png
439_Dorsoduro/3_SPantalon/SPantalon_16_298.png,3354,4276,image/png
439_Dorsoduro/3_SPantalon/SPantalon_2_33.png,3354,4276,image/png
439_Dorsoduro/3_SPantalon/SPantalon_19_346.png,3354,4276,image/png
439_Dorsoduro/3_SPantalon/SPantalon_23_411.png,3354,4276,image/png
439_Dorsoduro/3_SPantalon/SPantalon_13_250.png,3354,4276,image/png
439_Dorsoduro/3_SPantalon/SPantalon_10_193.png,3354,4276,image/png
439_Dorsoduro/3_SPantalon/SPantalon_32_577.png,3354,4276,image/png
439_Dorsoduro/3_SPantalon/SPantalon_17_313.png,3354,4276,image/png
439_Dorsoduro/3_SPantalon/SPantalon_31_558.png,3354,4276,image/png
439_Dorsoduro/3_SPantalon/SPantalon_35_627.png,3354,4276,image/png
439_Dorsoduro/3_SPantalon/SPantalon_7_135.png,3354,4276,image/png
439_Dorsoduro/3_SPantalon/SPantalon_1_16.png,3354,4276,image/png
439_Dorsoduro/3_SPantalon/SPantalon_12_233.png,3354,4276,image/png
439_Dorsoduro/3_SPantalon/SPantalon_20_361.png,3354,4276,image/png
439_Dorsoduro/3_SPantalon/SPantalon_9_173.png,3354,4276,image/png
439_Dorsoduro/3_SPantalon/SPantalon_27_487.png,3354,4276,image/png
439_Dorsoduro/3_SPantalon/SPantalon_36_642.png,3354,4276,image/png
439_Dorsoduro/7_SVio/SVio_6_85.png,3519,3973,image/png
439_Dorsoduro/7_SVio/SVio_11_163.png,3519,3973,image/png
439_Dorsoduro/7_SVio/SVio_20_296.png,3519,3973,image/png
439_Dorsoduro/7_SVio/SVio_15_232.png,3519,3973,image/png
439_Dorsoduro/7_SVio/SVio_2_30.png,3519,3973,image/png
439_Dorsoduro/7_SVio/SVio_16_245.png,3519,3973,image/png
439_Dorsoduro/7_SVio/SVio_7_98.png,3519,3973,image/png
439_Dorsoduro/7_SVio/SVio_5_72.png,3519,3973,image/png
439_Dorsoduro/7_SVio/SVio_18_271.png,3519,3973,image/png
439_Dorsoduro/7_SVio/SVio_13_203.png,3519,3973,image/png
439_Dorsoduro/7_SVio/SVio_9_130.png,3519,3973,image/png
439_Dorsoduro/7_SVio/SVio_1_15.png,3519,3973,image/png
439_Dorsoduro/7_SVio/SVio_19_284.png,3519,3973,image/png
439_Dorsoduro/7_SVio/SVio_8_113.png,3519,3973,image/png
439_Dorsoduro/7_SVio/SVio_12_184.png,3519,3973,image/png
439_Dorsoduro/7_SVio/SVio_0_1.png,3519,3973,image/png
439_Dorsoduro/7_SVio/SVio_10_146.png,3519,3973,image/png
439_Dorsoduro/7_SVio/SVio_17_258.png,3519,3973,image/png
439_Dorsoduro/7_SVio/SVio_21_304.png,3519,3973,image/png
439_Dorsoduro/7_SVio/SVio_4_59.png,3519,3973,image/png
439_Dorsoduro/7_SVio/SVio_3_44.png,3519,3973,image/png
439_Dorsoduro/7_SVio/SVio_14_217.png,3519,3973,image/png
439_Dorsoduro/2_AngeloRaffael/AngeloRaffael_25_378.png,3453,4121,image/png
439_Dorsoduro/2_AngeloRaffael/AngeloRaffael_34_546.png,3453,4121,image/png
439_Dorsoduro/2_AngeloRaffael/AngeloRaffael_12_168.png,3453,4121,image/png
439_Dorsoduro/2_AngeloRaffael/AngeloRaffael_53_824.png,3453,4121,image/png
439_Dorsoduro/2_AngeloRaffael/AngeloRaffael_32_515.png,3453,4121,image/png
439_Dorsoduro/2_AngeloRaffael/AngeloRaffael_44_695.png,3453,4121,image/png
439_Dorsoduro/2_AngeloRaffael/AngeloRaffael_6_81.png,3453,4121,image/png
439_Dorsoduro/2_AngeloRaffael/AngeloRaffael_38_605.png,3453,4121,image/png
439_Dorsoduro/2_AngeloRaffael/AngeloRaffael_19_280.png,3453,4121,image/png
439_Dorsoduro/2_AngeloRaffael/AngeloRaffael_4_53.png,3453,4121,image/png
439_Dorsoduro/2_AngeloRaffael/AngeloRaffael_2_25.png,3453,4121,image/png
439_Dorsoduro/2_AngeloRaffael/AngeloRaffael_13_183.png,3453,4121,image/png
439_Dorsoduro/2_AngeloRaffael/AngeloRaffael_14_198.png,3453,4121,image/png
439_Dorsoduro/2_AngeloRaffael/AngeloRaffael_1_12.png,3453,4121,image/png
439_Dorsoduro/2_AngeloRaffael/AngeloRaffael_54_838.png,3453,4121,image/png
439_Dorsoduro/2_AngeloRaffael/AngeloRaffael_47_737.png,3453,4121,image/png
439_Dorsoduro/2_AngeloRaffael/AngeloRaffael_23_349.png,3453,4121,image/png
439_Dorsoduro/2_AngeloRaffael/AngeloRaffael_37_590.png,3453,4121,image/png
439_Dorsoduro/2_AngeloRaffael/AngeloRaffael_42_665.png,3453,4121,image/png
439_Dorsoduro/2_AngeloRaffael/AngeloRaffael_26_392.png,3453,4121,image/png
439_Dorsoduro/2_AngeloRaffael/AngeloRaffael_49_766.png,3453,4121,image/png
439_Dorsoduro/2_AngeloRaffael/AngeloRaffael_27_436.png,3453,4121,image/png
439_Dorsoduro/2_AngeloRaffael/AngeloRaffael_3_39.png,3453,4121,image/png
439_Dorsoduro/2_AngeloRaffael/AngeloRaffael_15_212.png,3453,4121,image/png
439_Dorsoduro/2_AngeloRaffael/AngeloRaffael_31_499.png,3453,4121,image/png
439_Dorsoduro/2_AngeloRaffael/AngeloRaffael_21_314.png,3453,4121,image/png
439_Dorsoduro/2_AngeloRaffael/AngeloRaffael_17_248.png,3453,4121,image/png
439_Dorsoduro/2_AngeloRaffael/AngeloRaffael_5_67.png,3453,4121,image/png
439_Dorsoduro/2_AngeloRaffael/AngeloRaffael_11_153.png,3453,4121,image/png
439_Dorsoduro/2_AngeloRaffael/AngeloRaffael_50_781.png,3453,4121,image/png
439_Dorsoduro/2_AngeloRaffael/AngeloRaffael_56_869.png,3453,4121,image/png
439_Dorsoduro/2_AngeloRaffael/AngeloRaffael_48_751.png,3453,4121,image/png
439_Dorsoduro/2_AngeloRaffael/AngeloRaffael_40_637.png,3453,4121,image/png
439_Dorsoduro/2_AngeloRaffael/AngeloRaffael_36_575.png,3453,4121,image/png
439_Dorsoduro/2_AngeloRaffael/AngeloRaffael_43_680.png,3453,4121,image/png
439_Dorsoduro/2_AngeloRaffael/AngeloRaffael_20_297.png,3453,4121,image/png
439_Dorsoduro/2_AngeloRaffael/AngeloRaffael_30_485.png,3453,4121,image/png
439_Dorsoduro/2_AngeloRaffael/AngeloRaffael_0_1.png,3453,4121,image/png
439_Dorsoduro/2_AngeloRaffael/AngeloRaffael_8_109.png,3453,4121,image/png
439_Dorsoduro/2_AngeloRaffael/AngeloRaffael_46_729.png,3453,4121,image/png
439_Dorsoduro/2_AngeloRaffael/AngeloRaffael_9_124.png,3453,4121,image/png
439_Dorsoduro/2_AngeloRaffael/AngeloRaffael_7_96.png,3453,4121,image/png
439_Dorsoduro/2_AngeloRaffael/AngeloRaffael_29_469.png,3453,4121,image/png
439_Dorsoduro/2_AngeloRaffael/AngeloRaffael_28_452.png,3453,4121,image/png
439_Dorsoduro/2_AngeloRaffael/AngeloRaffael_51_795.png,3453,4121,image/png
439_Dorsoduro/2_AngeloRaffael/AngeloRaffael_22_331.png,3453,4121,image/png
439_Dorsoduro/2_AngeloRaffael/AngeloRaffael_10_139.png,3453,4121,image/png
439_Dorsoduro/2_AngeloRaffael/AngeloRaffael_45_710.png,3453,4121,image/png
439_Dorsoduro/2_AngeloRaffael/AngeloRaffael_24_363.png,3453,4121,image/png
439_Dorsoduro/2_AngeloRaffael/AngeloRaffael_33_531.png,3453,4121,image/png
439_Dorsoduro/2_AngeloRaffael/AngeloRaffael_18_263.png,3453,4121,image/png
439_Dorsoduro/2_AngeloRaffael/AngeloRaffael_35_561.png,3453,4121,image/png
439_Dorsoduro/2_AngeloRaffael/AngeloRaffael_41_652.png,3453,4121,image/png
439_Dorsoduro/2_AngeloRaffael/AngeloRaffael_16_230.png,3453,4121,image/png
439_Dorsoduro/2_AngeloRaffael/AngeloRaffael_52_810.png,3453,4121,image/png
439_Dorsoduro/2_AngeloRaffael/AngeloRaffael_39_622.png,3453,4121,image/png
439_Dorsoduro/2_AngeloRaffael/AngeloRaffael_55_853.png,3453,4121,image/png
439_Dorsoduro/9_SBaseggio/SBaseggio_10_265.png,3248,3973,image/png
439_Dorsoduro/9_SBaseggio/SBaseggio_11_289.png,3248,3973,image/png
439_Dorsoduro/9_SBaseggio/SBaseggio_15_380.png,3248,3973,image/png
439_Dorsoduro/9_SBaseggio/SBaseggio_12_316.png,3248,3973,image/png
439_Dorsoduro/9_SBaseggio/SBaseggio_2_53.png,3248,3973,image/png
439_Dorsoduro/9_SBaseggio/SBaseggio_4_106.png,3248,3973,image/png
439_Dorsoduro/9_SBaseggio/SBaseggio_5_132.png,3248,3973,image/png
439_Dorsoduro/9_SBaseggio/SBaseggio_1_27.png,3248,3973,image/png
439_Dorsoduro/9_SBaseggio/SBaseggio_14_361.png,3248,3973,image/png
439_Dorsoduro/9_SBaseggio/SBaseggio_6_156.png,3248,3973,image/png
439_Dorsoduro/9_SBaseggio/SBaseggio_7_185.png,3248,3973,image/png
439_Dorsoduro/9_SBaseggio/SBaseggio_8_212.png,3248,3973,image/png
439_Dorsoduro/9_SBaseggio/SBaseggio_0_01.png,3248,3973,image/png
439_Dorsoduro/9_SBaseggio/SBaseggio_3_79.png,3248,3973,image/png
439_Dorsoduro/9_SBaseggio/SBaseggio_13_341.png,3248,3973,image/png
439_Dorsoduro/9_SBaseggio/SBaseggio_9_238.png,3248,3973,image/png
439_Dorsoduro/6_STrovaso/STrovaso_10_84.png,3330,3933,image/png
439_Dorsoduro/6_STrovaso/STrovaso_15_138.png,3330,3933,image/png
439_Dorsoduro/6_STrovaso/STrovaso_21_215.png,3330,3933,image/png
439_Dorsoduro/6_STrovaso/STrovaso_35_382.png,3330,3933,image/png
439_Dorsoduro/6_STrovaso/STrovaso_14_128.png,3330,3933,image/png
439_Dorsoduro/6_STrovaso/STrovaso_27_286.png,3330,3933,image/png
439_Dorsoduro/6_STrovaso/STrovaso_17_164.png,3330,3933,image/png
439_Dorsoduro/6_STrovaso/STrovaso_34_368.png,3330,3933,image/png
439_Dorsoduro/6_STrovaso/STrovaso_9_73.png,3330,3933,image/png
439_Dorsoduro/6_STrovaso/STrovaso_20_202.png,3330,3933,image/png
439_Dorsoduro/6_STrovaso/STrovaso_41_465.png,3330,3933,image/png
439_Dorsoduro/6_STrovaso/STrovaso_36_396.png,3330,3933,image/png
439_Dorsoduro/6_STrovaso/STrovaso_0_1.png,3330,3933,image/png
439_Dorsoduro/6_STrovaso/STrovaso_24_250.png,3330,3933,image/png
439_Dorsoduro/6_STrovaso/STrovaso_22_228.png,3330,3933,image/png
439_Dorsoduro/6_STrovaso/STrovaso_23_239.png,3330,3933,image/png
439_Dorsoduro/6_STrovaso/STrovaso_37_409.png,3330,3933,image/png
439_Dorsoduro/6_STrovaso/STrovaso_5_38.png,3330,3933,image/png
439_Dorsoduro/6_STrovaso/STrovaso_19_190.png,3330,3933,image/png
439_Dorsoduro/6_STrovaso/STrovaso_43_491.png,3330,3933,image/png
439_Dorsoduro/6_STrovaso/STrovaso_42_480.png,3330,3933,image/png
439_Dorsoduro/6_STrovaso/STrovaso_25_261.png,3330,3933,image/png
439_Dorsoduro/6_STrovaso/STrovaso_28_295.png,3330,3933,image/png
439_Dorsoduro/6_STrovaso/STrovaso_13_116.png,3330,3933,image/png
439_Dorsoduro/6_STrovaso/STrovaso_11_91.png,3330,3933,image/png
439_Dorsoduro/6_STrovaso/STrovaso_8_62.png,3330,3933,image/png
439_Dorsoduro/6_STrovaso/STrovaso_2_17.png,3330,3933,image/png
439_Dorsoduro/6_STrovaso/STrovaso_31_332.png,3330,3933,image/png
439_Dorsoduro/6_STrovaso/STrovaso_29_308.png,3330,3933,image/png
439_Dorsoduro/6_STrovaso/STrovaso_12_102.png,3330,3933,image/png
439_Dorsoduro/6_STrovaso/STrovaso_30_320.png,3330,3933,image/png
439_Dorsoduro/6_STrovaso/STrovaso_6_48.png,3330,3933,image/png
439_Dorsoduro/6_STrovaso/STrovaso_18_177.png,3330,3933,image/png
439_Dorsoduro/6_STrovaso/STrovaso_33_354.png,3330,3933,image/png
439_Dorsoduro/6_STrovaso/STrovaso_32_344.png,3330,3933,image/png
439_Dorsoduro/6_STrovaso/STrovaso_3_22.png,3330,3933,image/png
439_Dorsoduro/6_STrovaso/STrovaso_39_436.png,3330,3933,image/png
439_Dorsoduro/6_STrovaso/STrovaso_40_450.png,3330,3933,image/png
439_Dorsoduro/6_STrovaso/STrovaso_26_274.png,3330,3933,image/png
439_Dorsoduro/6_STrovaso/STrovaso_1_8.png,3330,3933,image/png
439_Dorsoduro/6_STrovaso/STrovaso_4_29.png,3330,3933,image/png
439_Dorsoduro/6_STrovaso/STrovaso_16_150.png,3330,3933,image/png
439_Dorsoduro/6_STrovaso/STrovaso_38_423.png,3330,3933,image/png
439_Dorsoduro/6_STrovaso/STrovaso_7_56.png,3330,3933,image/png
439_Dorsoduro/1_SanNicolo/SanNicolo_15_177.png,3354,4325,image/png
439_Dorsoduro/1_SanNicolo/SanNicolo_111_1185.png,3354,4325,image/png
439_Dorsoduro/1_SanNicolo/SanNicolo_99_1065.png,3354,4325,image/png
439_Dorsoduro/1_SanNicolo/SanNicolo_25_291.png,3354,4325,image/png
439_Dorsoduro/1_SanNicolo/SanNicolo_48_566.png,3354,4325,image/png
439_Dorsoduro/1_SanNicolo/SanNicolo_61_697.png,3354,4325,image/png
439_Dorsoduro/1_SanNicolo/SanNicolo_24_280.png,3354,4325,image/png
439_Dorsoduro/1_SanNicolo/SanNicolo_4_45.png,3354,4325,image/png
439_Dorsoduro/1_SanNicolo/SanNicolo_56_652.png,3354,4325,image/png
439_Dorsoduro/1_SanNicolo/SanNicolo_60_687.png,3354,4325,image/png
439_Dorsoduro/1_SanNicolo/SanNicolo_81_884.png,3354,4325,image/png
439_Dorsoduro/1_SanNicolo/SanNicolo_84_914.png,3354,4325,image/png
439_Dorsoduro/1_SanNicolo/SanNicolo_101_1085.png,3354,4325,image/png
439_Dorsoduro/1_SanNicolo/SanNicolo_14_165.png,3354,4325,image/png
439_Dorsoduro/1_SanNicolo/SanNicolo_92_993.png,3354,4325,image/png
439_Dorsoduro/1_SanNicolo/SanNicolo_97_1046.png,3354,4325,image/png
439_Dorsoduro/1_SanNicolo/SanNicolo_94_1015.png,3354,4325,image/png
439_Dorsoduro/1_SanNicolo/SanNicolo_72_801.png,3354,4325,image/png
439_Dorsoduro/1_SanNicolo/SanNicolo_109_1167.png,3354,4325,image/png
439_Dorsoduro/1_SanNicolo/SanNicolo_36_426.png,3354,4325,image/png
439_Dorsoduro/1_SanNicolo/SanNicolo_114_1215.png,3354,4325,image/png
439_Dorsoduro/1_SanNicolo/SanNicolo_107_1147.png,3354,4325,image/png
439_Dorsoduro/1_SanNicolo/SanNicolo_78_863.png,3354,4325,image/png
439_Dorsoduro/1_SanNicolo/SanNicolo_79_872.png,3354,4325,image/png
439_Dorsoduro/1_SanNicolo/SanNicolo_39_461.png,3354,4325,image/png
439_Dorsoduro/1_SanNicolo/SanNicolo_54_633.png,3354,4325,image/png
439_Dorsoduro/1_SanNicolo/SanNicolo_51_602.png,3354,4325,image/png
439_Dorsoduro/1_SanNicolo/SanNicolo_19_222.png,3354,4325,image/png
439_Dorsoduro/1_SanNicolo/SanNicolo_104_1116.png,3354,4325,image/png
439_Dorsoduro/1_SanNicolo/SanNicolo_73_812.png,3354,4325,image/png
439_Dorsoduro/1_SanNicolo/SanNicolo_28_329.png,3354,4325,image/png
439_Dorsoduro/1_SanNicolo/SanNicolo_2_21.png,3354,4325,image/png
439_Dorsoduro/1_SanNicolo/SanNicolo_93_1005.png,3354,4325,image/png
439_Dorsoduro/1_SanNicolo/SanNicolo_76_844.png,3354,4325,image/png
439_Dorsoduro/1_SanNicolo/SanNicolo_106_1137.png,3354,4325,image/png
439_Dorsoduro/1_SanNicolo/SanNicolo_31_365.png,3354,4325,image/png
439_Dorsoduro/1_SanNicolo/SanNicolo_7_77.png,3354,4325,image/png
439_Dorsoduro/1_SanNicolo/SanNicolo_12_141.png,3354,4325,image/png
439_Dorsoduro/1_SanNicolo/SanNicolo_88_953.png,3354,4325,image/png
439_Dorsoduro/1_SanNicolo/SanNicolo_52_613.png,3354,4325,image/png
439_Dorsoduro/1_SanNicolo/SanNicolo_45_531.png,3354,4325,image/png
439_Dorsoduro/1_SanNicolo/SanNicolo_16_188.png,3354,4325,image/png
439_Dorsoduro/1_SanNicolo/SanNicolo_116_1234.png,3354,4325,image/png
439_Dorsoduro/1_SanNicolo/SanNicolo_44_521.png,3354,4325,image/png
439_Dorsoduro/1_SanNicolo/SanNicolo_47_555.png,3354,4325,image/png
439_Dorsoduro/1_SanNicolo/SanNicolo_46_544.png,3354,4325,image/png
439_Dorsoduro/1_SanNicolo/SanNicolo_82_894.png,3354,4325,image/png
439_Dorsoduro/1_SanNicolo/SanNicolo_77_853.png,3354,4325,image/png
439_Dorsoduro/1_SanNicolo/SanNicolo_11_127.png,3354,4325,image/png
439_Dorsoduro/1_SanNicolo/SanNicolo_55_643.png,3354,4325,image/png
439_Dorsoduro/1_SanNicolo/SanNicolo_96_1034.png,3354,4325,image/png
439_Dorsoduro/1_SanNicolo/SanNicolo_17_200.png,3354,4325,image/png
439_Dorsoduro/1_SanNicolo/SanNicolo_1_10.png,3354,4325,image/png
439_Dorsoduro/1_SanNicolo/SanNicolo_71_791.png,3354,4325,image/png
439_Dorsoduro/1_SanNicolo/SanNicolo_74_824.png,3354,4325,image/png
439_Dorsoduro/1_SanNicolo/SanNicolo_13_154.png,3354,4325,image/png
439_Dorsoduro/1_SanNicolo/SanNicolo_113_1205.png,3354,4325,image/png
439_Dorsoduro/1_SanNicolo/SanNicolo_91_983.png,3354,4325,image/png
439_Dorsoduro/1_SanNicolo/SanNicolo_40_473.png,3354,4325,image/png
439_Dorsoduro/1_SanNicolo/SanNicolo_103_1105.png,3354,4325,image/png
439_Dorsoduro/1_SanNicolo/SanNicolo_9_100.png,3354,4325,image/png
439_Dorsoduro/1_SanNicolo/SanNicolo_75_834.png,3354,4325,image/png
439_Dorsoduro/1_SanNicolo/SanNicolo_70_781.png,3354,4325,image/png
439_Dorsoduro/1_SanNicolo/SanNicolo_89_962.png,3354,4325,image/png
439_Dorsoduro/1_SanNicolo/SanNicolo_3_33.png,3354,4325,image/png
439_Dorsoduro/1_SanNicolo/SanNicolo_27_315.png,3354,4325,image/png
439_Dorsoduro/1_SanNicolo/SanNicolo_69_770.png,3354,4325,image/png
439_Dorsoduro/1_SanNicolo/SanNicolo_41_485.png,3354,4325,image/png
439_Dorsoduro/1_SanNicolo/SanNicolo_23_268.png,3354,4325,image/png
439_Dorsoduro/1_SanNicolo/SanNicolo_29_341.png,3354,4325,image/png
439_Dorsoduro/1_SanNicolo/SanNicolo_53_623.png,3354,4325,image/png
439_Dorsoduro/1_SanNicolo/SanNicolo_68_762.png,3354,4325,image/png
439_Dorsoduro/1_SanNicolo/SanNicolo_86_933.png,3354,4325,image/png
439_Dorsoduro/1_SanNicolo/SanNicolo_10_113.png,3354,4325,image/png
439_Dorsoduro/1_SanNicolo/SanNicolo_0_1.png,3354,4325,image/png
439_Dorsoduro/1_SanNicolo/SanNicolo_102_1095.png,3354,4325,image/png
439_Dorsoduro/1_SanNicolo/SanNicolo_35_414.png,3354,4325,image/png
439_Dorsoduro/1_SanNicolo/SanNicolo_83_903.png,3354,4325,image/png
439_Dorsoduro/1_SanNicolo/SanNicolo_112_1196.png,3354,4325,image/png
439_Dorsoduro/1_SanNicolo/SanNicolo_20_233.png,3354,4325,image/png
439_Dorsoduro/1_SanNicolo/SanNicolo_63_715.png,3354,4325,image/png
439_Dorsoduro/1_SanNicolo/SanNicolo_30_353.png,3354,4325,image/png
439_Dorsoduro/1_SanNicolo/SanNicolo_22_256.png,3354,4325,image/png
439_Dorsoduro/1_SanNicolo/SanNicolo_90_972.png,3354,4325,image/png
439_Dorsoduro/1_SanNicolo/SanNicolo_26_303.png,3354,4325,image/png
439_Dorsoduro/1_SanNicolo/SanNicolo_58_669.png,3354,4325,image/png
439_Dorsoduro/1_SanNicolo/SanNicolo_59_678.png,3354,4325,image/png
439_Dorsoduro/1_SanNicolo/SanNicolo_34_402.png,3354,4325,image/png
439_Dorsoduro/1_SanNicolo/SanNicolo_62_706.png,3354,4325,image/png
439_Dorsoduro/1_SanNicolo/SanNicolo_5_56.png,3354,4325,image/png
439_Dorsoduro/1_SanNicolo/SanNicolo_37_438.png,3354,4325,image/png
439_Dorsoduro/1_SanNicolo/SanNicolo_105_1126.png,3354,4325,image/png
439_Dorsoduro/1_SanNicolo/SanNicolo_64_724.png,3354,4325,image/png
439_Dorsoduro/1_SanNicolo/SanNicolo_43_508.png,3354,4325,image/png
439_Dorsoduro/1_SanNicolo/SanNicolo_80_875.png,3354,4325,image/png
439_Dorsoduro/1_SanNicolo/SanNicolo_67_753.png,3354,4325,image/png
439_Dorsoduro/1_SanNicolo/SanNicolo_32_378.png,3354,4325,image/png
439_Dorsoduro/1_SanNicolo/SanNicolo_108_1157.png,3354,4325,image/png
439_Dorsoduro/1_SanNicolo/SanNicolo_57_660.png,3354,4325,image/png
439_Dorsoduro/1_SanNicolo/SanNicolo_115_1224.png,3354,4325,image/png
439_Dorsoduro/1_SanNicolo/SanNicolo_66_743.png,3354,4325,image/png
439_Dorsoduro/1_SanNicolo/SanNicolo_21_245.png,3354,4325,image/png
439_Dorsoduro/1_SanNicolo/SanNicolo_95_1024.png,3354,4325,image/png
439_Dorsoduro/1_SanNicolo/SanNicolo_110_1175.png,3354,4325,image/png
439_Dorsoduro/1_SanNicolo/SanNicolo_8_88.png,3354,4325,image/png
439_Dorsoduro/1_SanNicolo/SanNicolo_38_450.png,3354,4325,image/png
439_Dorsoduro/1_SanNicolo/SanNicolo_100_1076.png,3354,4325,image/png
439_Dorsoduro/1_SanNicolo/SanNicolo_49_578.png,3354,4325,image/png
439_Dorsoduro/1_SanNicolo/SanNicolo_65_733.png,3354,4325,image/png
439_Dorsoduro/1_SanNicolo/SanNicolo_87_944.png,3354,4325,image/png
439_Dorsoduro/1_SanNicolo/SanNicolo_98_1056.png,3354,4325,image/png
439_Dorsoduro/1_SanNicolo/SanNicolo_18_211.png,3354,4325,image/png
439_Dorsoduro/1_SanNicolo/SanNicolo_50_591.png,3354,4325,image/png
439_Dorsoduro/1_SanNicolo/SanNicolo_6_67.png,3354,4325,image/png
439_Dorsoduro/1_SanNicolo/SanNicolo_42_496.png,3354,4325,image/png
439_Dorsoduro/1_SanNicolo/SanNicolo_33_391.png,3354,4325,image/png
439_Dorsoduro/1_SanNicolo/SanNicolo_85_923.png,3354,4325,image/png
437_SPolo/2_SToma/SToma_8_125.png,3494,4104,image/png
437_SPolo/2_SToma/SToma_1_15.png,3494,4104,image/png
437_SPolo/2_SToma/SToma_14_212.png,3494,4104,image/png
437_SPolo/2_SToma/SToma_10_156.png,3494,4104,image/png
437_SPolo/2_SToma/SToma_9_140.png,3494,4104,image/png
437_SPolo/2_SToma/SToma_2_31.png,3494,4104,image/png
437_SPolo/2_SToma/SToma_6_93.png,3494,4104,image/png
437_SPolo/2_SToma/SToma_19_281.png,3494,4104,image/png
437_SPolo/2_SToma/SToma_16_238.png,3494,4104,image/png
437_SPolo/2_SToma/SToma_0_1.png,3494,4104,image/png
437_SPolo/2_SToma/SToma_12_187.png,3494,4104,image/png
437_SPolo/2_SToma/SToma_3_47.png,3494,4104,image/png
437_SPolo/2_SToma/SToma_7_108.png,3494,4104,image/png
437_SPolo/2_SToma/SToma_4_65.png,3494,4104,image/png
437_SPolo/2_SToma/SToma_18_267.png,3494,4104,image/png
437_SPolo/2_SToma/SToma_13_200.png,3494,4104,image/png
437_SPolo/2_SToma/SToma_17_253.png,3494,4104,image/png
437_SPolo/2_SToma/SToma_5_80.png,3494,4104,image/png
437_SPolo/2_SToma/SToma_15_224.png,3494,4104,image/png
437_SPolo/2_SToma/SToma_11_173.png,3494,4104,image/png
437_SPolo/3_SAgostin/SAgostin_2_10.png,3649,4219,image/png
437_SPolo/3_SAgostin/SAgostin_4_19.png,3649,4219,image/png
437_SPolo/3_SAgostin/SAgostin_3_14.png,3649,4219,image/png
437_SPolo/3_SAgostin/SAgostin_1_5.png,3649,4219,image/png
437_SPolo/3_SAgostin/SAgostin_0_1.png,3649,4219,image/png
437_SPolo/6_SAponal/SAponal_52.png,3617,4129,image/png
437_SPolo/6_SAponal/SAponal_18_150.png,3617,4129,image/png
437_SPolo/6_SAponal/SAponal_53.png,3617,4129,image/png
437_SPolo/6_SAponal/SAponal_51.png,3617,4129,image/png
437_SPolo/6_SAponal/SAponal_27_225.png,3617,4129,image/png
437_SPolo/6_SAponal/SAponal_7_61.png,3617,4129,image/png
437_SPolo/6_SAponal/SAponal_5_49.png,3617,4129,image/png
437_SPolo/6_SAponal/SAponal_35_292.png,3617,4129,image/png
437_SPolo/6_SAponal/SAponal_50_403.png,3617,4129,image/png
437_SPolo/6_SAponal/SAponal_23_189.png,3617,4129,image/png
437_SPolo/6_SAponal/SAponal_31_264.png,3617,4129,image/png
437_SPolo/6_SAponal/SAponal_1_10.png,3617,4129,image/png
437_SPolo/6_SAponal/SAponal_11_91.png,3617,4129,image/png
437_SPolo/6_SAponal/SAponal_39_328.png,3617,4129,image/png
437_SPolo/6_SAponal/SAponal_9_76.png,3617,4129,image/png
437_SPolo/6_SAponal/SAponal_21_176.png,3617,4129,image/png
437_SPolo/6_SAponal/SAponal_6_55.png,3617,4129,image/png
437_SPolo/6_SAponal/SAponal_32_274.png,3617,4129,image/png
437_SPolo/6_SAponal/SAponal_14_116.png,3617,4129,image/png
437_SPolo/6_SAponal/SAponal_24_196.png,3617,4129,image/png
437_SPolo/6_SAponal/SAponal_20_160.png,3617,4129,image/png
437_SPolo/6_SAponal/SAponal_34.png,3617,4129,image/png
437_SPolo/6_SAponal/SAponal_47_379.png,3617,4129,image/png
437_SPolo/6_SAponal/SAponal_4_40.png,3617,4129,image/png
437_SPolo/6_SAponal/SAponal_0_1.png,3617,4129,image/png
437_SPolo/6_SAponal/SAponal_8_68.png,3617,4129,image/png
437_SPolo/6_SAponal/SAponal_2_21.png,3617,4129,image/png
437_SPolo/6_SAponal/SAponal_17_141.png,3617,4129,image/png
437_SPolo/6_SAponal/SAponal_36_301.png,3617,4129,image/png
437_SPolo/6_SAponal/SAponal_37_310.png,3617,4129,image/png
437_SPolo/6_SAponal/SAponal_43_355.png,3617,4129,image/png
437_SPolo/6_SAponal/SAponal_40_336.png,3617,4129,image/png
437_SPolo/6_SAponal/SAponal_15_126.png,3617,4129,image/png
437_SPolo/6_SAponal/SAponal_28_234.png,3617,4129,image/png
437_SPolo/6_SAponal/SAponal_25_206.png,3617,4129,image/png
437_SPolo/6_SAponal/SAponal_46_375.png,3617,4129,image/png
437_SPolo/6_SAponal/SAponal_10_86.png,3617,4129,image/png
437_SPolo/6_SAponal/SAponal_42_354.png,3617,4129,image/png
437_SPolo/6_SAponal/SAponal_33_283.png,3617,4129,image/png
437_SPolo/6_SAponal/SAponal_29_244.png,3617,4129,image/png
437_SPolo/6_SAponal/SAponal_55_415.png,3617,4129,image/png
437_SPolo/6_SAponal/SAponal_48_387.png,3617,4129,image/png
437_SPolo/6_SAponal/SAponal_49_396.png,3617,4129,image/png
437_SPolo/6_SAponal/SAponal_22_182.png,3617,4129,image/png
437_SPolo/6_SAponal/SAponal_41_344.png,3617,4129,image/png
437_SPolo/6_SAponal/SAponal_3_30.png,3617,4129,image/png
437_SPolo/6_SAponal/SAponal_45_370.png,3617,4129,image/png
437_SPolo/6_SAponal/SAponal_54_407.png,3617,4129,image/png
437_SPolo/6_SAponal/SAponal_26_215.png,3617,4129,image/png
437_SPolo/6_SAponal/SAponal_16_135.png,3617,4129,image/png
437_SPolo/6_SAponal/SAponal_30_254.png,3617,4129,image/png
437_SPolo/6_SAponal/SAponal_12_100.png,3617,4129,image/png
437_SPolo/6_SAponal/SAponal_44_365.png,3617,4129,image/png
437_SPolo/6_SAponal/SAponal_13_107.png,3617,4129,image/png
437_SPolo/6_SAponal/SAponal_19_158.png,3617,4129,image/png
437_SPolo/6_SAponal/SAponal_38_319.png,3617,4129,image/png
437_SPolo/5_SBoldo/SBoldo_3_21.png,3633,4129,image/png
437_SPolo/5_SBoldo/SBoldo_7_46.png,3633,4129,image/png
437_SPolo/5_SBoldo/SBoldo_2_15.png,3633,4129,image/png
437_SPolo/5_SBoldo/SBoldo_5_34.png,3633,4129,image/png
437_SPolo/5_SBoldo/SBoldo_1_8.png,3633,4129,image/png
437_SPolo/5_SBoldo/SBoldo_6_40.png,3633,4129,image/png
437_SPolo/5_SBoldo/SBoldo_8_53.png,3633,4129,image/png
437_SPolo/5_SBoldo/SBoldo_0_1.png,3633,4129,image/png
437_SPolo/5_SBoldo/SBoldo_4_27.png,3633,4129,image/png
437_SPolo/5_SBoldo/SBoldo_9_59.png,3633,4129,image/png
437_SPolo/7_SMattio/SMattio_12_107.png,3633,4129,image/png
437_SPolo/7_SMattio/SMattio_7_49.png,3633,4129,image/png
437_SPolo/7_SMattio/SMattio_4_19.png,3633,4129,image/png
437_SPolo/7_SMattio/SMattio_14_132.png,3633,4129,image/png
437_SPolo/7_SMattio/SMattio_9_72.png,3633,4129,image/png
437_SPolo/7_SMattio/SMattio_11_92.png,3633,4129,image/png
437_SPolo/7_SMattio/SMattio_3_15.png,3633,4129,image/png
437_SPolo/7_SMattio/SMattio_17_170.png,3633,4129,image/png
437_SPolo/7_SMattio/SMattio_0_1.png,3633,4129,image/png
437_SPolo/7_SMattio/SMattio_6_38.png,3633,4129,image/png
437_SPolo/7_SMattio/SMattio_16_159.png,3633,4129,image/png
437_SPolo/7_SMattio/SMattio_5_27.png,3633,4129,image/png
437_SPolo/7_SMattio/SMattio_19_190.png,3633,4129,image/png
437_SPolo/7_SMattio/SMattio_18_181.png,3633,4129,image/png
437_SPolo/7_SMattio/SMattio_15_149.png,3633,4129,image/png
437_SPolo/7_SMattio/SMattio_13_119.png,3633,4129,image/png
437_SPolo/7_SMattio/SMattio_2_11.png,3633,4129,image/png
437_SPolo/7_SMattio/SMattio_10_79.png,3633,4129,image/png
437_SPolo/7_SMattio/SMattio_1_5.png,3633,4129,image/png
437_SPolo/7_SMattio/SMattio_8_62.png,3633,4129,image/png
437_SPolo/9_SSilvestro/SSilvestro_42_350.png,3583,4116,image/png
437_SPolo/9_SSilvestro/SSilvestro_25_229.png,3583,4116,image/png
437_SPolo/9_SSilvestro/SSilvestro_20_184.png,3583,4116,image/png
437_SPolo/9_SSilvestro/SSilvestro_2_18.png,3583,4116,image/png
437_SPolo/9_SSilvestro/SSilvestro_14_122.png,3583,4116,image/png
437_SPolo/9_SSilvestro/SSilvestro_36_316.png,3583,4116,image/png
437_SPolo/9_SSilvestro/SSilvestro_17_156.png,3583,4116,image/png
437_SPolo/9_SSilvestro/SSilvestro_16_146.png,3583,4116,image/png
437_SPolo/9_SSilvestro/SSilvestro_11_93.png,3583,4116,image/png
437_SPolo/9_SSilvestro/SSilvestro_6_47.png,3583,4116,image/png
437_SPolo/9_SSilvestro/SSilvestro_21_192.png,3583,4116,image/png
437_SPolo/9_SSilvestro/SSilvestro_32_290.png,3583,4116,image/png
437_SPolo/9_SSilvestro/SSilvestro_15_135.png,3583,4116,image/png
437_SPolo/9_SSilvestro/SSilvestro_31_281.png,3583,4116,image/png
437_SPolo/9_SSilvestro/SSilvestro_28_255.png,3583,4116,image/png
437_SPolo/9_SSilvestro/SSilvestro_9_73.png,3583,4116,image/png
437_SPolo/9_SSilvestro/SSilvestro_44_363.png,3583,4116,image/png
437_SPolo/9_SSilvestro/SSilvestro_41_344.png,3583,4116,image/png
437_SPolo/9_SSilvestro/SSilvestro_19_177.png,3583,4116,image/png
437_SPolo/9_SSilvestro/SSilvestro_18_166.png,3583,4116,image/png
437_SPolo/9_SSilvestro/SSilvestro_26_238.png,3583,4116,image/png
437_SPolo/9_SSilvestro/SSilvestro_4_35.png,3583,4116,image/png
437_SPolo/9_SSilvestro/SSilvestro_3_28.png,3583,4116,image/png
437_SPolo/9_SSilvestro/SSilvestro_0_1.png,3583,4116,image/png
437_SPolo/9_SSilvestro/SSilvestro_38_332.png,3583,4116,image/png
437_SPolo/9_SSilvestro/SSilvestro_13_111.png,3583,4116,image/png
437_SPolo/9_SSilvestro/SSilvestro_1_12.png,3583,4116,image/png
437_SPolo/9_SSilvestro/SSilvestro_12_102.png,3583,4116,image/png
437_SPolo/9_SSilvestro/SSilvestro_39_334.png,3583,4116,image/png
437_SPolo/9_SSilvestro/SSilvestro_34_303.png,3583,4116,image/png
437_SPolo/9_SSilvestro/SSilvestro_7_57.png,3583,4116,image/png
437_SPolo/9_SSilvestro/SSilvestro_22_203.png,3583,4116,image/png
437_SPolo/9_SSilvestro/SSilvestro_30_273.png,3583,4116,image/png
437_SPolo/9_SSilvestro/SSilvestro_23_211.png,3583,4116,image/png
437_SPolo/9_SSilvestro/SSilvestro_35_309.png,3583,4116,image/png
437_SPolo/9_SSilvestro/SSilvestro_5_44.png,3583,4116,image/png
437_SPolo/9_SSilvestro/SSilvestro_29_263.png,3583,4116,image/png
437_SPolo/9_SSilvestro/SSilvestro_10_82.png,3583,4116,image/png
437_SPolo/9_SSilvestro/SSilvestro_27_245.png,3583,4116,image/png
437_SPolo/9_SSilvestro/SSilvestro_8_65.png,3583,4116,image/png
437_SPolo/9_SSilvestro/SSilvestro_37_323.png,3583,4116,image/png
437_SPolo/9_SSilvestro/SSilvestro_40_339.png,3583,4116,image/png
437_SPolo/9_SSilvestro/SSilvestro_24_221.png,3583,4116,image/png
437_SPolo/9_SSilvestro/SSilvestro_33_301.png,3583,4116,image/png
437_SPolo/9_SSilvestro/SSilvestro_43_358.png,3583,4116,image/png
437_SPolo/1_SPolo/SPolo_13_92.png,3428,4244,image/png
437_SPolo/1_SPolo/SPolo_4_31.png,3428,4244,image/png
437_SPolo/1_SPolo/SPolo_48_317.png,3428,4244,image/png
437_SPolo/1_SPolo/SPolo_41_274.png,3428,4244,image/png
437_SPolo/1_SPolo/SPolo_36_244.png,3428,4244,image/png
437_SPolo/1_SPolo/SPolo_14_98.png,3428,4244,image/png
437_SPolo/1_SPolo/SPolo_29_200.png,3428,4244,image/png
437_SPolo/1_SPolo/SPolo_31_212.png,3428,4244,image/png
437_SPolo/1_SPolo/SPolo_9_66.png,3428,4244,image/png
437_SPolo/1_SPolo/SPolo_19_131.png,3428,4244,image/png
437_SPolo/1_SPolo/SPolo_40_267.png,3428,4244,image/png
437_SPolo/1_SPolo/SPolo_34_232.png,3428,4244,image/png
437_SPolo/1_SPolo/SPolo_30_206.png,3428,4244,image/png
437_SPolo/1_SPolo/SPolo_18_124.png,3428,4244,image/png
437_SPolo/1_SPolo/SPolo_44_295.png,3428,4244,image/png
437_SPolo/1_SPolo/SPolo_61_397.png,3428,4244,image/png
437_SPolo/1_SPolo/SPolo_60_390.png,3428,4244,image/png
437_SPolo/1_SPolo/SPolo_50_328.png,3428,4244,image/png
437_SPolo/1_SPolo/SPolo_11_78.png,3428,4244,image/png
437_SPolo/1_SPolo/SPolo_37_250.png,3428,4244,image/png
437_SPolo/1_SPolo/SPolo_15_104.png,3428,4244,image/png
437_SPolo/1_SPolo/SPolo_55_357.png,3428,4244,image/png
437_SPolo/1_SPolo/SPolo_58_377.png,3428,4244,image/png
437_SPolo/1_SPolo/SPolo_54_350.png,3428,4244,image/png
437_SPolo/1_SPolo/SPolo_39_262.png,3428,4244,image/png
437_SPolo/1_SPolo/SPolo_5_38.png,3428,4244,image/png
437_SPolo/1_SPolo/SPolo_52_339.png,3428,4244,image/png
437_SPolo/1_SPolo/SPolo_26_180.png,3428,4244,image/png
437_SPolo/1_SPolo/SPolo_10_70.png,3428,4244,image/png
437_SPolo/1_SPolo/SPolo_16_110.png,3428,4244,image/png
437_SPolo/1_SPolo/SPolo_17_117.png,3428,4244,image/png
437_SPolo/1_SPolo/SPolo_27_187.png,3428,4244,image/png
437_SPolo/1_SPolo/SPolo_20_138.png,3428,4244,image/png
437_SPolo/1_SPolo/SPolo_6_46.png,3428,4244,image/png
437_SPolo/1_SPolo/SPolo_0_1.png,3428,4244,image/png
437_SPolo/1_SPolo/SPolo_23_159.png,3428,4244,image/png
437_SPolo/1_SPolo/SPolo_47_312.png,3428,4244,image/png
437_SPolo/1_SPolo/SPolo_42_280.png,3428,4244,image/png
437_SPolo/1_SPolo/SPolo_43_287.png,3428,4244,image/png
437_SPolo/1_SPolo/SPolo_22_152.png,3428,4244,image/png
437_SPolo/1_SPolo/SPolo_59_384.png,3428,4244,image/png
437_SPolo/1_SPolo/SPolo_12_86.png,3428,4244,image/png
437_SPolo/1_SPolo/SPolo_32_219.png,3428,4244,image/png
437_SPolo/1_SPolo/SPolo_38_256.png,3428,4244,image/png
437_SPolo/1_SPolo/SPolo_46_305.png,3428,4244,image/png
437_SPolo/1_SPolo/SPolo_8_60.png,3428,4244,image/png
437_SPolo/1_SPolo/SPolo_33_226.png,3428,4244,image/png
437_SPolo/1_SPolo/SPolo_2_16.png,3428,4244,image/png
437_SPolo/1_SPolo/SPolo_21_146.png,3428,4244,image/png
437_SPolo/1_SPolo/SPolo_35_238.png,3428,4244,image/png
437_SPolo/1_SPolo/SPolo_45_301.png,3428,4244,image/png
437_SPolo/1_SPolo/SPolo_53_344.png,3428,4244,image/png
437_SPolo/1_SPolo/SPolo_57_371.png,3428,4244,image/png
437_SPolo/1_SPolo/SPolo_51_334.png,3428,4244,image/png
437_SPolo/1_SPolo/SPolo_3_23.png,3428,4244,image/png
437_SPolo/1_SPolo/SPolo_25_174.png,3428,4244,image/png
437_SPolo/1_SPolo/SPolo_28_194.png,3428,4244,image/png
437_SPolo/1_SPolo/SPolo_7_53.png,3428,4244,image/png
437_SPolo/1_SPolo/SPolo_1_9.png,3428,4244,image/png
437_SPolo/1_SPolo/SPolo_56_364.png,3428,4244,image/png
437_SPolo/1_SPolo/SPolo_49_322.png,3428,4244,image/png
437_SPolo/1_SPolo/SPolo_24_167.png,3428,4244,image/png
437_SPolo/8_SGiovanniNovo/SGiovanniNovo_53_586.png,3354,4129,image/png
437_SPolo/8_SGiovanniNovo/SGiovanniNovo_17_143.png,3354,4129,image/png
437_SPolo/8_SGiovanniNovo/SGiovanniNovo_1_9.png,3354,4129,image/png
437_SPolo/8_SGiovanniNovo/SGiovanniNovo_48_522.png,3354,4129,image/png
437_SPolo/8_SGiovanniNovo/SGiovanniNovo_8_57.png,3354,4129,image/png
437_SPolo/8_SGiovanniNovo/SGiovanniNovo_71_820.png,3354,4129,image/png
437_SPolo/8_SGiovanniNovo/SGiovanniNovo_49_534.png,3354,4129,image/png
437_SPolo/8_SGiovanniNovo/SGiovanniNovo_21_184.png,3354,4129,image/png
437_SPolo/8_SGiovanniNovo/SGiovanniNovo_65_743.png,3354,4129,image/png
437_SPolo/8_SGiovanniNovo/SGiovanniNovo_63_713.png,3354,4129,image/png
437_SPolo/8_SGiovanniNovo/SGiovanniNovo_70_808.png,3354,4129,image/png
437_SPolo/8_SGiovanniNovo/SGiovanniNovo_62_702.png,3354,4129,image/png
437_SPolo/8_SGiovanniNovo/SGiovanniNovo_32_330.png,3354,4129,image/png
437_SPolo/8_SGiovanniNovo/SGiovanniNovo_27_261.png,3354,4129,image/png
437_SPolo/8_SGiovanniNovo/SGiovanniNovo_35_358.png,3354,4129,image/png
437_SPolo/8_SGiovanniNovo/SGiovanniNovo_58_644.png,3354,4129,image/png
437_SPolo/8_SGiovanniNovo/SGiovanniNovo_44_474.png,3354,4129,image/png
437_SPolo/8_SGiovanniNovo/SGiovanniNovo_6_41.png,3354,4129,image/png
437_SPolo/8_SGiovanniNovo/SGiovanniNovo_68_777.png,3354,4129,image/png
437_SPolo/8_SGiovanniNovo/SGiovanniNovo_15_122.png,3354,4129,image/png
437_SPolo/8_SGiovanniNovo/SGiovanniNovo_12_85.png,3354,4129,image/png
437_SPolo/8_SGiovanniNovo/SGiovanniNovo_19_163.png,3354,4129,image/png
437_SPolo/8_SGiovanniNovo/SGiovanniNovo_16_131.png,3354,4129,image/png
437_SPolo/8_SGiovanniNovo/SGiovanniNovo_31_320.png,3354,4129,image/png
437_SPolo/8_SGiovanniNovo/SGiovanniNovo_46_502.png,3354,4129,image/png
437_SPolo/8_SGiovanniNovo/SGiovanniNovo_9_63.png,3354,4129,image/png
437_SPolo/8_SGiovanniNovo/SGiovanniNovo_13_101.png,3354,4129,image/png
437_SPolo/8_SGiovanniNovo/SGiovanniNovo_66_753.png,3354,4129,image/png
437_SPolo/8_SGiovanniNovo/SGiovanniNovo_73_833.png,3354,4129,image/png
437_SPolo/8_SGiovanniNovo/SGiovanniNovo_60_675.png,3354,4129,image/png
437_SPolo/8_SGiovanniNovo/SGiovanniNovo_41_435.png,3354,4129,image/png
437_SPolo/8_SGiovanniNovo/SGiovanniNovo_29_278.png,3354,4129,image/png
437_SPolo/8_SGiovanniNovo/SGiovanniNovo_4_30.png,3354,4129,image/png
437_SPolo/8_SGiovanniNovo/SGiovanniNovo_22_193.png,3354,4129,image/png
437_SPolo/8_SGiovanniNovo/SGiovanniNovo_7_49.png,3354,4129,image/png
437_SPolo/8_SGiovanniNovo/SGiovanniNovo_64_725.png,3354,4129,image/png
437_SPolo/8_SGiovanniNovo/SGiovanniNovo_40_421.png,3354,4129,image/png
437_SPolo/8_SGiovanniNovo/SGiovanniNovo_42_450.png,3354,4129,image/png
437_SPolo/8_SGiovanniNovo/SGiovanniNovo_43_457.png,3354,4129,image/png
437_SPolo/8_SGiovanniNovo/SGiovanniNovo_36_370.png,3354,4129,image/png
437_SPolo/8_SGiovanniNovo/SGiovanniNovo_61_689.png,3354,4129,image/png
437_SPolo/8_SGiovanniNovo/SGiovanniNovo_72_831.png,3354,4129,image/png
437_SPolo/8_SGiovanniNovo/SGiovanniNovo_33_341.png,3354,4129,image/png
437_SPolo/8_SGiovanniNovo/SGiovanniNovo_11_74.png,3354,4129,image/png
437_SPolo/8_SGiovanniNovo/SGiovanniNovo_18_153.png,3354,4129,image/png
437_SPolo/8_SGiovanniNovo/SGiovanniNovo_55_609.png,3354,4129,image/png
437_SPolo/8_SGiovanniNovo/SGiovanniNovo_3_23.png,3354,4129,image/png
437_SPolo/8_SGiovanniNovo/SGiovanniNovo_51_563.png,3354,4129,image/png
437_SPolo/8_SGiovanniNovo/SGiovanniNovo_0_1.png,3354,4129,image/png
437_SPolo/8_SGiovanniNovo/SGiovanniNovo_37_384.png,3354,4129,image/png
437_SPolo/8_SGiovanniNovo/SGiovanniNovo_23_206.png,3354,4129,image/png
437_SPolo/8_SGiovanniNovo/SGiovanniNovo_47_509.png,3354,4129,image/png
437_SPolo/8_SGiovanniNovo/SGiovanniNovo_50_549.png,3354,4129,image/png
437_SPolo/8_SGiovanniNovo/SGiovanniNovo_30_302.png,3354,4129,image/png
437_SPolo/8_SGiovanniNovo/SGiovanniNovo_67_765.png,3354,4129,image/png
437_SPolo/8_SGiovanniNovo/SGiovanniNovo_28_273.png,3354,4129,image/png
437_SPolo/8_SGiovanniNovo/SGiovanniNovo_54_595.png,3354,4129,image/png
437_SPolo/8_SGiovanniNovo/SGiovanniNovo_74_841.png,3354,4129,image/png
437_SPolo/8_SGiovanniNovo/SGiovanniNovo_59_659.png,3354,4129,image/png
437_SPolo/8_SGiovanniNovo/SGiovanniNovo_5_34.png,3354,4129,image/png
437_SPolo/8_SGiovanniNovo/SGiovanniNovo_2_15.png,3354,4129,image/png
437_SPolo/8_SGiovanniNovo/SGiovanniNovo_52_575.png,3354,4129,image/png
437_SPolo/8_SGiovanniNovo/SGiovanniNovo_56_622.png,3354,4129,image/png
437_SPolo/8_SGiovanniNovo/SGiovanniNovo_10_67.png,3354,4129,image/png
437_SPolo/8_SGiovanniNovo/SGiovanniNovo_57_633.png,3354,4129,image/png
437_SPolo/8_SGiovanniNovo/SGiovanniNovo_69_794.png,3354,4129,image/png
437_SPolo/8_SGiovanniNovo/SGiovanniNovo_34_352.png,3354,4129,image/png
437_SPolo/8_SGiovanniNovo/SGiovanniNovo_25_235.png,3354,4129,image/png
437_SPolo/8_SGiovanniNovo/SGiovanniNovo_38_401.png,3354,4129,image/png
437_SPolo/8_SGiovanniNovo/SGiovanniNovo_14_110.png,3354,4129,image/png
437_SPolo/8_SGiovanniNovo/SGiovanniNovo_24_220.png,3354,4129,image/png
437_SPolo/8_SGiovanniNovo/SGiovanniNovo_26_247.png,3354,4129,image/png
437_SPolo/8_SGiovanniNovo/SGiovanniNovo_20_174.png,3354,4129,image/png
437_SPolo/8_SGiovanniNovo/SGiovanniNovo_45_492.png,3354,4129,image/png
437_SPolo/8_SGiovanniNovo/SGiovanniNovo_39_412.png,3354,4129,image/png
437_SPolo/4_SStin/SStin_11_90.png,3486,4219,image/png
437_SPolo/4_SStin/SStin_19_156.png,3486,4219,image/png
437_SPolo/4_SStin/SStin_8_62.png,3486,4219,image/png
437_SPolo/4_SStin/SStin_2_17.png,3486,4219,image/png
437_SPolo/4_SStin/SStin_13_108.png,3486,4219,image/png
437_SPolo/4_SStin/SStin_6_48.png,3486,4219,image/png
437_SPolo/4_SStin/SStin_14_116.png,3486,4219,image/png
437_SPolo/4_SStin/SStin_5_41.png,3486,4219,image/png
437_SPolo/4_SStin/SStin_21_171.png,3486,4219,image/png
437_SPolo/4_SStin/SStin_3_25.png,3486,4219,image/png
437_SPolo/4_SStin/SStin_7_54.png,3486,4219,image/png
437_SPolo/4_SStin/SStin_20_163.png,3486,4219,image/png
437_SPolo/4_SStin/SStin_12_99.png,3486,4219,image/png
437_SPolo/4_SStin/SStin_17_141.png,3486,4219,image/png
437_SPolo/4_SStin/SStin_15_124.png,3486,4219,image/png
437_SPolo/4_SStin/SStin_1_10.png,3486,4219,image/png
437_SPolo/4_SStin/SStin_10_79.png,3486,4219,image/png
437_SPolo/4_SStin/SStin_4_34.png,3486,4219,image/png
437_SPolo/4_SStin/SStin_9_71.png,3486,4219,image/png
437_SPolo/4_SStin/SStin_0_1.png,3486,4219,image/png
437_SPolo/4_SStin/SStin_16_133.png,3486,4219,image/png
437_SPolo/4_SStin/SStin_22_178.png,3486,4219,image/png
437_SPolo/4_SStin/SStin_18_149.png,3486,4219,image/png
440_Ghetto/2_GhettoNuovo/85_211.jpg,3642,4399,image/jpeg
440_Ghetto/2_GhettoNuovo/72_50.jpg,3642,4399,image/jpeg
440_Ghetto/2_GhettoNuovo/68_1.jpg,3642,4399,image/jpeg
440_Ghetto/2_GhettoNuovo/66_index3.jpg,3642,4399,image/jpeg
440_Ghetto/2_GhettoNuovo/84_198.jpg,3642,4399,image/jpeg
440_Ghetto/2_GhettoNuovo/69_11.jpg,3642,4399,image/jpeg
440_Ghetto/2_GhettoNuovo/70_24.jpg,3642,4399,image/jpeg
440_Ghetto/2_GhettoNuovo/88_245.jpg,3642,4399,image/jpeg
440_Ghetto/2_GhettoNuovo/89_255.jpg,3642,4399,image/jpeg
440_Ghetto/2_GhettoNuovo/73_62.jpg,3642,4399,image/jpeg
440_Ghetto/2_GhettoNuovo/83_185.jpg,3642,4399,image/jpeg
440_Ghetto/2_GhettoNuovo/64_index1.jpg,3642,4399,image/jpeg
440_Ghetto/2_GhettoNuovo/79_136.jpg,3642,4399,image/jpeg
440_Ghetto/2_GhettoNuovo/63_none.jpg,3642,4399,image/jpeg
440_Ghetto/2_GhettoNuovo/62_none.jpg,3642,4399,image/jpeg
440_Ghetto/2_GhettoNuovo/76_99.jpg,3642,4399,image/jpeg
440_Ghetto/2_GhettoNuovo/87_234.jpg,3642,4399,image/jpeg
440_Ghetto/2_GhettoNuovo/74_77.jpg,3642,4399,image/jpeg
440_Ghetto/2_GhettoNuovo/91_none.jpg,3642,4399,image/jpeg
440_Ghetto/2_GhettoNuovo/90_none.jpg,3642,4399,image/jpeg
440_Ghetto/2_GhettoNuovo/67_index4.jpg,3642,4399,image/jpeg
440_Ghetto/2_GhettoNuovo/86_222.jpg,3642,4399,image/jpeg
440_Ghetto/2_GhettoNuovo/82_174.jpg,3642,4399,image/jpeg
440_Ghetto/2_GhettoNuovo/78_123.jpg,3642,4399,image/jpeg
440_Ghetto/2_GhettoNuovo/65_index2.jpg,3642,4399,image/jpeg
440_Ghetto/2_GhettoNuovo/80_148.jpg,3642,4399,image/jpeg
440_Ghetto/2_GhettoNuovo/75_87.jpg,3642,4399,image/jpeg
440_Ghetto/2_GhettoNuovo/81_161.jpg,3642,4399,image/jpeg
440_Ghetto/2_GhettoNuovo/71_36.jpg,3642,4399,image/jpeg
440_Ghetto/2_GhettoNuovo/77_112.jpg,3642,4399,image/jpeg
440_Ghetto/3_GhettoNuovissimo/99_none.jpg,3642,4399,image/jpeg
440_Ghetto/3_GhettoNuovissimo/92_none.jpg,3642,4399,image/jpeg
440_Ghetto/3_GhettoNuovissimo/97_34.jpg,3642,4399,image/jpeg
440_Ghetto/3_GhettoNuovissimo/93_index1.jpg,3642,4399,image/jpeg
440_Ghetto/3_GhettoNuovissimo/94_1.jpg,3642,4399,image/jpeg
440_Ghetto/3_GhettoNuovissimo/100_none.jpg,3642,4399,image/jpeg
440_Ghetto/3_GhettoNuovissimo/96_22.jpg,3642,4399,image/jpeg
440_Ghetto/3_GhettoNuovissimo/98_47.jpg,3642,4399,image/jpeg
440_Ghetto/3_GhettoNuovissimo/95_10.jpg,3642,4399,image/jpeg
440_Ghetto/1_GhettoVecchio/22_119.jpg,3642,4399,image/jpeg
440_Ghetto/1_GhettoVecchio/8_1.jpg,3642,4399,image/jpeg
440_Ghetto/1_GhettoVecchio/44_298.jpg,3642,4399,image/jpeg
440_Ghetto/1_GhettoVecchio/31_192.jpg,3642,4399,image/jpeg
440_Ghetto/1_GhettoVecchio/34_215.jpg,3642,4399,image/jpeg
440_Ghetto/1_GhettoVecchio/5_none.jpg,3642,4399,image/jpeg
440_Ghetto/1_GhettoVecchio/4_none.jpg,3642,4399,image/jpeg
440_Ghetto/1_GhettoVecchio/30_184.jpg,3642,4399,image/jpeg
440_Ghetto/1_GhettoVecchio/23_127.jpg,3642,4399,image/jpeg
440_Ghetto/1_GhettoVecchio/16_64.jpg,3642,4399,image/jpeg
440_Ghetto/1_GhettoVecchio/48_333.jpg,3642,4399,image/jpeg
440_Ghetto/1_GhettoVecchio/12_28.jpg,3642,4399,image/jpeg
440_Ghetto/1_GhettoVecchio/57_407.jpg,3642,4399,image/jpeg
440_Ghetto/1_GhettoVecchio/56_400.jpg,3642,4399,image/jpeg
440_Ghetto/1_GhettoVecchio/45_307.jpg,3642,4399,image/jpeg
440_Ghetto/1_GhettoVecchio/60_none.jpg,3642,4399,image/jpeg
440_Ghetto/1_GhettoVecchio/61_none.jpg,3642,4399,image/jpeg
440_Ghetto/1_GhettoVecchio/10_12.jpg,3642,4399,image/jpeg
440_Ghetto/1_GhettoVecchio/33_208.jpg,3642,4399,image/jpeg
440_Ghetto/1_GhettoVecchio/2_none.jpg,3642,4399,image/jpeg
440_Ghetto/1_GhettoVecchio/3_none.jpg,3642,4399,image/jpeg
440_Ghetto/1_GhettoVecchio/39_257.jpg,3642,4399,image/jpeg
440_Ghetto/1_GhettoVecchio/19_92.jpg,3642,4399,image/jpeg
440_Ghetto/1_GhettoVecchio/11_20.jpg,3642,4399,image/jpeg
440_Ghetto/1_GhettoVecchio/51_357.jpg,3642,4399,image/jpeg
440_Ghetto/1_GhettoVecchio/59_none.jpg,3642,4399,image/jpeg
440_Ghetto/1_GhettoVecchio/58_none.jpg,3642,4399,image/jpeg
440_Ghetto/1_GhettoVecchio/46_316.jpg,3642,4399,image/jpeg
440_Ghetto/1_GhettoVecchio/42_281.jpg,3642,4399,image/jpeg
440_Ghetto/1_GhettoVecchio/49_341.jpg,3642,4399,image/jpeg
440_Ghetto/1_GhettoVecchio/27_159.jpg,3642,4399,image/jpeg
440_Ghetto/1_GhettoVecchio/9_6.jpg,3642,4399,image/jpeg
440_Ghetto/1_GhettoVecchio/6_intro1.jpg,3642,4399,image/jpeg
440_Ghetto/1_GhettoVecchio/15_55.jpg,3642,4399,image/jpeg
440_Ghetto/1_GhettoVecchio/47_324.jpg,3642,4399,image/jpeg
440_Ghetto/1_GhettoVecchio/36_230.jpg,3642,4399,image/jpeg
440_Ghetto/1_GhettoVecchio/13_38.jpg,3642,4399,image/jpeg
440_Ghetto/1_GhettoVecchio/21_111.jpg,3642,4399,image/jpeg
440_Ghetto/1_GhettoVecchio/54_384.jpg,3642,4399,image/jpeg
440_Ghetto/1_GhettoVecchio/24_134.jpg,3642,4399,image/jpeg
440_Ghetto/1_GhettoVecchio/20_101.jpg,3642,4399,image/jpeg
440_Ghetto/1_GhettoVecchio/26_150.jpg,3642,4399,image/jpeg
440_Ghetto/1_GhettoVecchio/17_73.jpg,3642,4399,image/jpeg
440_Ghetto/1_GhettoVecchio/43_289.jpg,3642,4399,image/jpeg
440_Ghetto/1_GhettoVecchio/38_248.jpg,3642,4399,image/jpeg
440_Ghetto/1_GhettoVecchio/50_349.jpg,3642,4399,image/jpeg
440_Ghetto/1_GhettoVecchio/55_392.jpg,3642,4399,image/jpeg
440_Ghetto/1_GhettoVecchio/32_200.jpg,3642,4399,image/jpeg
440_Ghetto/1_GhettoVecchio/14_47.jpg,3642,4399,image/jpeg
440_Ghetto/1_GhettoVecchio/29_176.jpg,3642,4399,image/jpeg
440_Ghetto/1_GhettoVecchio/28_167.jpg,3642,4399,image/jpeg
440_Ghetto/1_GhettoVecchio/7_intro2.jpg,3642,4399,image/jpeg
440_Ghetto/1_GhettoVecchio/40_265.jpg,3642,4399,image/jpeg
440_Ghetto/1_GhettoVecchio/37_240.jpg,3642,4399,image/jpeg
440_Ghetto/1_GhettoVecchio/53_375.jpg,3642,4399,image/jpeg
440_Ghetto/1_GhettoVecchio/25_142.jpg,3642,4399,image/jpeg
440_Ghetto/1_GhettoVecchio/41_273.jpg,3642,4399,image/jpeg
440_Ghetto/1_GhettoVecchio/18_81.jpg,3642,4399,image/jpeg
440_Ghetto/1_GhettoVecchio/52_366.jpg,3642,4399,image/jpeg
440_Ghetto/1_GhettoVecchio/35_223.jpg,3642,4399,image/jpeg
438_SCroce/3_SMariaMaterDomini/SMariaMaterDomini_21_87.png,3346,3966,image/png
438_SCroce/3_SMariaMaterDomini/SMariaMaterDomini_23_97.png,3346,3966,image/png
438_SCroce/3_SMariaMaterDomini/SMariaMaterDomini_34_154.png,3346,3966,image/png
438_SCroce/3_SMariaMaterDomini/SMariaMaterDomini_8_27.png,3346,3966,image/png
438_SCroce/3_SMariaMaterDomini/SMariaMaterDomini_27_118.png,3346,3966,image/png
438_SCroce/3_SMariaMaterDomini/SMariaMaterDomini_19_78.png,3346,3966,image/png
438_SCroce/3_SMariaMaterDomini/SMariaMaterDomini_17_69.png,3346,3966,image/png
438_SCroce/3_SMariaMaterDomini/SMariaMaterDomini_3_10.png,3346,3966,image/png
438_SCroce/3_SMariaMaterDomini/SMariaMaterDomini_6_20.png,3346,3966,image/png
438_SCroce/3_SMariaMaterDomini/SMariaMaterDomini_33_148.png,3346,3966,image/png
438_SCroce/3_SMariaMaterDomini/SMariaMaterDomini_31_138.png,3346,3966,image/png
438_SCroce/3_SMariaMaterDomini/SMariaMaterDomini_5_17.png,3346,3966,image/png
438_SCroce/3_SMariaMaterDomini/SMariaMaterDomini_29_128.png,3346,3966,image/png
438_SCroce/3_SMariaMaterDomini/SMariaMaterDomini_16_64.png,3346,3966,image/png
438_SCroce/3_SMariaMaterDomini/SMariaMaterDomini_11_41.png,3346,3966,image/png
438_SCroce/3_SMariaMaterDomini/SMariaMaterDomini_13_50.png,3346,3966,image/png
438_SCroce/3_SMariaMaterDomini/SMariaMaterDomini_25_108.png,3346,3966,image/png
438_SCroce/3_SMariaMaterDomini/SMariaMaterDomini_18_73.png,3346,3966,image/png
438_SCroce/3_SMariaMaterDomini/SMariaMaterDomini_1_3.png,3346,3966,image/png
438_SCroce/3_SMariaMaterDomini/SMariaMaterDomini_36_165.png,3346,3966,image/png
438_SCroce/3_SMariaMaterDomini/SMariaMaterDomini_24_102.png,3346,3966,image/png
438_SCroce/3_SMariaMaterDomini/SMariaMaterDomini_7_24.png,3346,3966,image/png
438_SCroce/3_SMariaMaterDomini/SMariaMaterDomini_14_54.png,3346,3966,image/png
438_SCroce/3_SMariaMaterDomini/SMariaMaterDomini_30_133.png,3346,3966,image/png
438_SCroce/3_SMariaMaterDomini/SMariaMaterDomini_22_93.png,3346,3966,image/png
438_SCroce/3_SMariaMaterDomini/SMariaMaterDomini_20_82.png,3346,3966,image/png
438_SCroce/3_SMariaMaterDomini/SMariaMaterDomini_32_143.png,3346,3966,image/png
438_SCroce/3_SMariaMaterDomini/SMariaMaterDomini_9_32.png,3346,3966,image/png
438_SCroce/3_SMariaMaterDomini/SMariaMaterDomini_10_36.png,3346,3966,image/png
438_SCroce/3_SMariaMaterDomini/SMariaMaterDomini_28_123.png,3346,3966,image/png
438_SCroce/3_SMariaMaterDomini/SMariaMaterDomini_4_14.png,3346,3966,image/png
438_SCroce/3_SMariaMaterDomini/SMariaMaterDomini_26_113.png,3346,3966,image/png
438_SCroce/3_SMariaMaterDomini/SMariaMaterDomini_0_1.png,3346,3966,image/png
438_SCroce/3_SMariaMaterDomini/SMariaMaterDomini_12_46.png,3346,3966,image/png
438_SCroce/3_SMariaMaterDomini/SMariaMaterDomini_35_160.png,3346,3966,image/png
438_SCroce/3_SMariaMaterDomini/SMariaMaterDomini_2_6.png,3346,3966,image/png
438_SCroce/3_SMariaMaterDomini/SMariaMaterDomini_15_59.png,3346,3966,image/png
438_SCroce/4_SSimonProfeta/SSimonProfeta_29_465.png,3297,3892,image/png
438_SCroce/4_SSimonProfeta/SSimonProfeta_7_115.png,3297,3892,image/png
438_SCroce/4_SSimonProfeta/SSimonProfeta_21_338.png,3297,3892,image/png
438_SCroce/4_SSimonProfeta/SSimonProfeta_16_260.png,3297,3892,image/png
438_SCroce/4_SSimonProfeta/SSimonProfeta_27_430.png,3297,3892,image/png
438_SCroce/4_SSimonProfeta/SSimonProfeta_17_275.png,3297,3892,image/png
438_SCroce/4_SSimonProfeta/SSimonProfeta_9_144.png,3297,3892,image/png
438_SCroce/4_SSimonProfeta/SSimonProfeta_5_83.png,3297,3892,image/png
438_SCroce/4_SSimonProfeta/SSimonProfeta_23_365.png,3297,3892,image/png
438_SCroce/4_SSimonProfeta/SSimonProfeta_6_101.png,3297,3892,image/png
438_SCroce/4_SSimonProfeta/SSimonProfeta_4_64.png,3297,3892,image/png
438_SCroce/4_SSimonProfeta/SSimonProfeta_3_50.png,3297,3892,image/png
438_SCroce/4_SSimonProfeta/SSimonProfeta_24_381.png,3297,3892,image/png
438_SCroce/4_SSimonProfeta/SSimonProfeta_32_503.png,3297,3892,image/png
438_SCroce/4_SSimonProfeta/SSimonProfeta_12_192.png,3297,3892,image/png
438_SCroce/4_SSimonProfeta/SSimonProfeta_25_397.png,3297,3892,image/png
438_SCroce/4_SSimonProfeta/SSimonProfeta_19_309.png,3297,3892,image/png
438_SCroce/4_SSimonProfeta/SSimonProfeta_18_292.png,3297,3892,image/png
438_SCroce/4_SSimonProfeta/SSimonProfeta_13_209.png,3297,3892,image/png
438_SCroce/4_SSimonProfeta/SSimonProfeta_2_30.png,3297,3892,image/png
438_SCroce/4_SSimonProfeta/SSimonProfeta_15_242.png,3297,3892,image/png
438_SCroce/4_SSimonProfeta/SSimonProfeta_8_128.png,3297,3892,image/png
438_SCroce/4_SSimonProfeta/SSimonProfeta_14_226.png,3297,3892,image/png
438_SCroce/4_SSimonProfeta/SSimonProfeta_22_351.png,3297,3892,image/png
438_SCroce/4_SSimonProfeta/SSimonProfeta_1_15.png,3297,3892,image/png
438_SCroce/4_SSimonProfeta/SSimonProfeta_11_176.png,3297,3892,image/png
438_SCroce/4_SSimonProfeta/SSimonProfeta_20_323.png,3297,3892,image/png
438_SCroce/4_SSimonProfeta/SSimonProfeta_28_447.png,3297,3892,image/png
438_SCroce/4_SSimonProfeta/SSimonProfeta_0_1.png,3297,3892,image/png
438_SCroce/4_SSimonProfeta/SSimonProfeta_26_413.png,3297,3892,image/png
438_SCroce/4_SSimonProfeta/SSimonProfeta_30_480.png,3297,3892,image/png
438_SCroce/4_SSimonProfeta/SSimonProfeta_31_491.png,3297,3892,image/png
438_SCroce/4_SSimonProfeta/SSimonProfeta_10_160.png,3297,3892,image/png
438_SCroce/12_SMartinMurano/SMartinMurano_5.png,3306,4116,image/png
438_SCroce/12_SMartinMurano/SMartinMurano_4.png,3306,4116,image/png
438_SCroce/12_SMartinMurano/SMartinMurano_6.png,3306,4116,image/png
438_SCroce/12_SMartinMurano/SMartinMurano_7.png,3306,4116,image/png
438_SCroce/12_SMartinMurano/SMartinMurano_3.png,3306,4116,image/png
438_SCroce/12_SMartinMurano/SMartinMurano_2.png,3306,4116,image/png
438_SCroce/12_SMartinMurano/SMartinMurano_0.png,3306,4116,image/png
438_SCroce/12_SMartinMurano/SMartinMurano_1.png,3306,4116,image/png
438_SCroce/12_SMartinMurano/SMartinMurano_9.png,3306,4116,image/png
438_SCroce/12_SMartinMurano/SMartinMurano_8.png,3306,4116,image/png
438_SCroce/2_SCassiano/SCassiano_22_454.png,3379,3966,image/png
438_SCroce/2_SCassiano/SCassiano_15_309.png,3379,3966,image/png
438_SCroce/2_SCassiano/SCassiano_17_353.png,3379,3966,image/png
438_SCroce/2_SCassiano/SCassiano_6_135.png,3379,3966,image/png
438_SCroce/2_SCassiano/SCassiano_8_177.png,3379,3966,image/png
438_SCroce/2_SCassiano/SCassiano_1_24.png,3379,3966,image/png
438_SCroce/2_SCassiano/SCassiano_21_427.png,3379,3966,image/png
438_SCroce/2_SCassiano/SCassiano_28_593.png,3379,3966,image/png
438_SCroce/2_SCassiano/SCassiano_0_01.png,3379,3966,image/png
438_SCroce/2_SCassiano/SCassiano_24_498.png,3379,3966,image/png
438_SCroce/2_SCassiano/SCassiano_10_210.png,3379,3966,image/png
438_SCroce/2_SCassiano/SCassiano_16_331.png,3379,3966,image/png
438_SCroce/2_SCassiano/SCassiano_27_576.png,3379,3966,image/png
438_SCroce/2_SCassiano/SCassiano_3_65.png,3379,3966,image/png
438_SCroce/2_SCassiano/SCassiano_18_368.png,3379,3966,image/png
438_SCroce/2_SCassiano/SCassiano_7_158.png,3379,3966,image/png
438_SCroce/2_SCassiano/SCassiano_19_387.png,3379,3966,image/png
438_SCroce/2_SCassiano/SCassiano_4_84.png,3379,3966,image/png
438_SCroce/2_SCassiano/SCassiano_13_268.png,3379,3966,image/png
438_SCroce/2_SCassiano/SCassiano_25_524.png,3379,3966,image/png
438_SCroce/2_SCassiano/SCassiano_5_112.png,3379,3966,image/png
438_SCroce/2_SCassiano/SCassiano_26_551.png,3379,3966,image/png
438_SCroce/2_SCassiano/SCassiano_11_230.png,3379,3966,image/png
438_SCroce/2_SCassiano/SCassiano_12_244.png,3379,3966,image/png
438_SCroce/2_SCassiano/SCassiano_9_193.png,3379,3966,image/png
438_SCroce/2_SCassiano/SCassiano_2_45.png,3379,3966,image/png
438_SCroce/2_SCassiano/SCassiano_20_406.png,3379,3966,image/png
438_SCroce/2_SCassiano/SCassiano_14_288.png,3379,3966,image/png
438_SCroce/2_SCassiano/SCassiano_23_476.png,3379,3966,image/png
438_SCroce/6_SLucia/SLucia_19_117.png,3420,3966,image/png
438_SCroce/6_SLucia/SLucia_5_42.png,3420,3966,image/png
438_SCroce/6_SLucia/SLucia_7_52.png,3420,3966,image/png
438_SCroce/6_SLucia/SLucia_18_110.png,3420,3966,image/png
438_SCroce/6_SLucia/SLucia_25_159.png,3420,3966,image/png
438_SCroce/6_SLucia/SLucia_20_125.png,3420,3966,image/png
438_SCroce/6_SLucia/SLucia_21_132.png,3420,3966,image/png
438_SCroce/6_SLucia/SLucia_23_143.png,3420,3966,image/png
438_SCroce/6_SLucia/SLucia_26_168.png,3420,3966,image/png
438_SCroce/6_SLucia/SLucia_6_47.png,3420,3966,image/png
438_SCroce/6_SLucia/SLucia_15_94.png,3420,3966,image/png
438_SCroce/6_SLucia/SLucia_10_65.png,3420,3966,image/png
438_SCroce/6_SLucia/SLucia_8_55.png,3420,3966,image/png
438_SCroce/6_SLucia/SLucia_12_75.png,3420,3966,image/png
438_SCroce/6_SLucia/SLucia_2_19.png,3420,3966,image/png
438_SCroce/6_SLucia/SLucia_17_105.png,3420,3966,image/png
438_SCroce/6_SLucia/SLucia_1_10.png,3420,3966,image/png
438_SCroce/6_SLucia/SLucia_9_61.png,3420,3966,image/png
438_SCroce/6_SLucia/SLucia_3_28.png,3420,3966,image/png
438_SCroce/6_SLucia/SLucia_14_89.png,3420,3966,image/png
438_SCroce/6_SLucia/SLucia_24_151.png,3420,3966,image/png
438_SCroce/6_SLucia/SLucia_0_1.png,3420,3966,image/png
438_SCroce/6_SLucia/SLucia_16_99.png,3420,3966,image/png
438_SCroce/6_SLucia/SLucia_13_81.png,3420,3966,image/png
438_SCroce/6_SLucia/SLucia_4_36.png,3420,3966,image/png
438_SCroce/6_SLucia/SLucia_22_139.png,3420,3966,image/png
438_SCroce/6_SLucia/SLucia_11_69.png,3420,3966,image/png
438_SCroce/8_SStae/SStae_15_102.png,3469,3958,image/png
438_SCroce/8_SStae/SStae_19_125.png,3469,3958,image/png
438_SCroce/8_SStae/SStae_18_120.png,3469,3958,image/png
438_SCroce/8_SStae/SStae_13_97.png,3469,3958,image/png
438_SCroce/8_SStae/SStae_6_51.png,3469,3958,image/png
438_SCroce/8_SStae/SStae_2_21.png,3469,3958,image/png
438_SCroce/8_SStae/SStae_11_83.png,3469,3958,image/png
438_SCroce/8_SStae/SStae_14_100.png,3469,3958,image/png
438_SCroce/8_SStae/SStae_29_172.png,3469,3958,image/png
438_SCroce/8_SStae/SStae_24_150.png,3469,3958,image/png
438_SCroce/8_SStae/SStae_25_155.png,3469,3958,image/png
438_SCroce/8_SStae/SStae_4_36.png,3469,3958,image/png
438_SCroce/8_SStae/SStae_1_10.png,3469,3958,image/png
438_SCroce/8_SStae/SStae_10_74.png,3469,3958,image/png
438_SCroce/8_SStae/SStae_3_28.png,3469,3958,image/png
438_SCroce/8_SStae/SStae_0_1.png,3469,3958,image/png
438_SCroce/8_SStae/SStae_17_114.png,3469,3958,image/png
438_SCroce/8_SStae/SStae_21_133.png,3469,3958,image/png
438_SCroce/8_SStae/SStae_16_109.png,3469,3958,image/png
438_SCroce/8_SStae/SStae_27_163.png,3469,3958,image/png
438_SCroce/8_SStae/SStae_7_56.png,3469,3958,image/png
438_SCroce/8_SStae/SStae_23_144.png,3469,3958,image/png
438_SCroce/8_SStae/SStae_12_90.png,3469,3958,image/png
438_SCroce/8_SStae/SStae_22_140.png,3469,3958,image/png
438_SCroce/8_SStae/SStae_26_160.png,3469,3958,image/png
438_SCroce/8_SStae/SStae_5_43.png,3469,3958,image/png
438_SCroce/8_SStae/SStae_20_131.png,3469,3958,image/png
438_SCroce/8_SStae/SStae_9_68.png,3469,3958,image/png
438_SCroce/8_SStae/SStae_28_169.png,3469,3958,image/png
438_SCroce/8_SStae/SStae_8_60.png,3469,3958,image/png
438_SCroce/8_SStae/SStae_30_178.png,3469,3958,image/png
438_SCroce/9_SGiacomoDallOrio/SGiacomoDallOrio_2_17.png,3208,3958,image/png
438_SCroce/9_SGiacomoDallOrio/SGiacomoDallOrio_14_226.png,3208,3958,image/png
438_SCroce/9_SGiacomoDallOrio/SGiacomoDallOrio_48_578.png,3208,3958,image/png
438_SCroce/9_SGiacomoDallOrio/SGiacomoDallOrio_21_326.png,3208,3958,image/png
438_SCroce/9_SGiacomoDallOrio/SGiacomoDallOrio_38_494.png,3208,3958,image/png
438_SCroce/9_SGiacomoDallOrio/SGiacomoDallOrio_71_700.png,3208,3958,image/png
438_SCroce/9_SGiacomoDallOrio/SGiacomoDallOrio_3_40.png,3208,3958,image/png
438_SCroce/9_SGiacomoDallOrio/SGiacomoDallOrio_4_61.png,3208,3958,image/png
438_SCroce/9_SGiacomoDallOrio/SGiacomoDallOrio_34_464.png,3208,3958,image/png
438_SCroce/9_SGiacomoDallOrio/SGiacomoDallOrio_23_356.png,3208,3958,image/png
438_SCroce/9_SGiacomoDallOrio/SGiacomoDallOrio_68_689.png,3208,3958,image/png
438_SCroce/9_SGiacomoDallOrio/SGiacomoDallOrio_10_167.png,3208,3958,image/png
438_SCroce/9_SGiacomoDallOrio/SGiacomoDallOrio_45_548.png,3208,3958,image/png
438_SCroce/9_SGiacomoDallOrio/SGiacomoDallOrio_60_674.png,3208,3958,image/png
438_SCroce/9_SGiacomoDallOrio/SGiacomoDallOrio_22_342.png,3208,3958,image/png
438_SCroce/9_SGiacomoDallOrio/SGiacomoDallOrio_50_593.png,3208,3958,image/png
438_SCroce/9_SGiacomoDallOrio/SGiacomoDallOrio_43_530.png,3208,3958,image/png
438_SCroce/9_SGiacomoDallOrio/SGiacomoDallOrio_0_1.png,3208,3958,image/png
438_SCroce/9_SGiacomoDallOrio/SGiacomoDallOrio_35_473.png,3208,3958,image/png
438_SCroce/9_SGiacomoDallOrio/SGiacomoDallOrio_49_587.png,3208,3958,image/png
438_SCroce/9_SGiacomoDallOrio/SGiacomoDallOrio_42_522.png,3208,3958,image/png
438_SCroce/9_SGiacomoDallOrio/SGiacomoDallOrio_65_ni.png,3208,3958,image/png
438_SCroce/9_SGiacomoDallOrio/SGiacomoDallOrio_19_298.png,3208,3958,image/png
438_SCroce/9_SGiacomoDallOrio/SGiacomoDallOrio_13_210.png,3208,3958,image/png
438_SCroce/9_SGiacomoDallOrio/SGiacomoDallOrio_66_683.png,3208,3958,image/png
438_SCroce/9_SGiacomoDallOrio/SGiacomoDallOrio_46_559.png,3208,3958,image/png
438_SCroce/9_SGiacomoDallOrio/SGiacomoDallOrio_30_424.png,3208,3958,image/png
438_SCroce/9_SGiacomoDallOrio/SGiacomoDallOrio_1_6.png,3208,3958,image/png
438_SCroce/9_SGiacomoDallOrio/SGiacomoDallOrio_67_685.png,3208,3958,image/png
438_SCroce/9_SGiacomoDallOrio/SGiacomoDallOrio_61_ni.png,3208,3958,image/png
438_SCroce/9_SGiacomoDallOrio/SGiacomoDallOrio_32_443.png,3208,3958,image/png
438_SCroce/9_SGiacomoDallOrio/SGiacomoDallOrio_37_488.png,3208,3958,image/png
438_SCroce/9_SGiacomoDallOrio/SGiacomoDallOrio_63_ni.png,3208,3958,image/png
438_SCroce/9_SGiacomoDallOrio/SGiacomoDallOrio_53_618.png,3208,3958,image/png
438_SCroce/9_SGiacomoDallOrio/SGiacomoDallOrio_31_433.png,3208,3958,image/png
438_SCroce/9_SGiacomoDallOrio/SGiacomoDallOrio_33_455.png,3208,3958,image/png
438_SCroce/9_SGiacomoDallOrio/SGiacomoDallOrio_44_538.png,3208,3958,image/png
438_SCroce/9_SGiacomoDallOrio/SGiacomoDallOrio_5_87.png,3208,3958,image/png
438_SCroce/9_SGiacomoDallOrio/SGiacomoDallOrio_47_569.png,3208,3958,image/png
438_SCroce/9_SGiacomoDallOrio/SGiacomoDallOrio_12_195.png,3208,3958,image/png
438_SCroce/9_SGiacomoDallOrio/SGiacomoDallOrio_18_281.png,3208,3958,image/png
438_SCroce/9_SGiacomoDallOrio/SGiacomoDallOrio_36_481.png,3208,3958,image/png
438_SCroce/9_SGiacomoDallOrio/SGiacomoDallOrio_25_378.png,3208,3958,image/png
438_SCroce/9_SGiacomoDallOrio/SGiacomoDallOrio_52_611.png,3208,3958,image/png
438_SCroce/9_SGiacomoDallOrio/SGiacomoDallOrio_24_368.png,3208,3958,image/png
438_SCroce/9_SGiacomoDallOrio/SGiacomoDallOrio_8_135.png,3208,3958,image/png
438_SCroce/9_SGiacomoDallOrio/SGiacomoDallOrio_64_ni.png,3208,3958,image/png
438_SCroce/9_SGiacomoDallOrio/SGiacomoDallOrio_29_415.png,3208,3958,image/png
438_SCroce/9_SGiacomoDallOrio/SGiacomoDallOrio_59_667.png,3208,3958,image/png
438_SCroce/9_SGiacomoDallOrio/SGiacomoDallOrio_28_407.png,3208,3958,image/png
438_SCroce/9_SGiacomoDallOrio/SGiacomoDallOrio_40_505.png,3208,3958,image/png
438_SCroce/9_SGiacomoDallOrio/SGiacomoDallOrio_58_661.png,3208,3958,image/png
438_SCroce/9_SGiacomoDallOrio/SGiacomoDallOrio_41_514.png,3208,3958,image/png
438_SCroce/9_SGiacomoDallOrio/SGiacomoDallOrio_27_396.png,3208,3958,image/png
438_SCroce/9_SGiacomoDallOrio/SGiacomoDallOrio_26_387.png,3208,3958,image/png
438_SCroce/9_SGiacomoDallOrio/SGiacomoDallOrio_11_182.png,3208,3958,image/png
438_SCroce/9_SGiacomoDallOrio/SGiacomoDallOrio_69_693.png,3208,3958,image/png
438_SCroce/9_SGiacomoDallOrio/SGiacomoDallOrio_6_100.png,3208,3958,image/png
438_SCroce/9_SGiacomoDallOrio/SGiacomoDallOrio_39_499.png,3208,3958,image/png
438_SCroce/9_SGiacomoDallOrio/SGiacomoDallOrio_17_264.png,3208,3958,image/png
438_SCroce/9_SGiacomoDallOrio/SGiacomoDallOrio_16_249.png,3208,3958,image/png
438_SCroce/9_SGiacomoDallOrio/SGiacomoDallOrio_51_603.png,3208,3958,image/png
438_SCroce/9_SGiacomoDallOrio/SGiacomoDallOrio_57_652.png,3208,3958,image/png
438_SCroce/9_SGiacomoDallOrio/SGiacomoDallOrio_20_313.png,3208,3958,image/png
438_SCroce/9_SGiacomoDallOrio/SGiacomoDallOrio_70_696.png,3208,3958,image/png
438_SCroce/9_SGiacomoDallOrio/SGiacomoDallOrio_56_643.png,3208,3958,image/png
438_SCroce/9_SGiacomoDallOrio/SGiacomoDallOrio_54_626.png,3208,3958,image/png
438_SCroce/9_SGiacomoDallOrio/SGiacomoDallOrio_15_238.png,3208,3958,image/png
438_SCroce/9_SGiacomoDallOrio/SGiacomoDallOrio_9_154.png,3208,3958,image/png
438_SCroce/9_SGiacomoDallOrio/SGiacomoDallOrio_7_117.png,3208,3958,image/png
438_SCroce/9_SGiacomoDallOrio/SGiacomoDallOrio_55_635.png,3208,3958,image/png
438_SCroce/9_SGiacomoDallOrio/SGiacomoDallOrio_62_ni.png,3208,3958,image/png
438_SCroce/13_SDonatoMurano/SDonatoMurano_7.png,3248,3851,image/png
438_SCroce/13_SDonatoMurano/SDonatoMurano_6.png,3248,3851,image/png
438_SCroce/13_SDonatoMurano/SDonatoMurano_4.png,3248,3851,image/png
438_SCroce/13_SDonatoMurano/SDonatoMurano_5.png,3248,3851,image/png
438_SCroce/13_SDonatoMurano/SDonatoMurano_1.png,3248,3851,image/png
438_SCroce/13_SDonatoMurano/SDonatoMurano_0.png,3248,3851,image/png
438_SCroce/13_SDonatoMurano/SDonatoMurano_2.png,3248,3851,image/png
438_SCroce/13_SDonatoMurano/SDonatoMurano_11.png,3248,3851,image/png
438_SCroce/13_SDonatoMurano/SDonatoMurano_10.png,3248,3851,image/png
438_SCroce/13_SDonatoMurano/SDonatoMurano_3.png,3248,3851,image/png
438_SCroce/13_SDonatoMurano/SDonatoMurano_8.png,3248,3851,image/png
438_SCroce/13_SDonatoMurano/SDonatoMurano_9.png,3248,3851,image/png
438_SCroce/1_SCroce/SCroce_40_363.png,3215,3949,image/png
438_SCroce/1_SCroce/SCroce_31_289.png,3215,3949,image/png
438_SCroce/1_SCroce/SCroce_53_464.png,3215,3949,image/png
438_SCroce/1_SCroce/SCroce_35_322.png,3215,3949,image/png
438_SCroce/1_SCroce/SCroce_29_270.png,3215,3949,image/png
438_SCroce/1_SCroce/SCroce_41_371.png,3215,3949,image/png
438_SCroce/1_SCroce/SCroce_44_397.png,3215,3949,image/png
438_SCroce/1_SCroce/SCroce_6_61.png,3215,3949,image/png
438_SCroce/1_SCroce/SCroce_48_429.png,3215,3949,image/png
438_SCroce/1_SCroce/SCroce_28_262.png,3215,3949,image/png
438_SCroce/1_SCroce/SCroce_84_657.png,3215,3949,image/png
438_SCroce/1_SCroce/SCroce_57_494.png,3215,3949,image/png
438_SCroce/1_SCroce/SCroce_67_564.png,3215,3949,image/png
438_SCroce/1_SCroce/SCroce_12_120.png,3215,3949,image/png
438_SCroce/1_SCroce/SCroce_19_185.png,3215,3949,image/png
438_SCroce/1_SCroce/SCroce_15_148.png,3215,3949,image/png
438_SCroce/1_SCroce/SCroce_13_130.png,3215,3949,image/png
438_SCroce/1_SCroce/SCroce_76_616.png,3215,3949,image/png
438_SCroce/1_SCroce/SCroce_102_749.png,3215,3949,image/png
438_SCroce/1_SCroce/SCroce_23_217.png,3215,3949,image/png
438_SCroce/1_SCroce/SCroce_72_595.png,3215,3949,image/png
438_SCroce/1_SCroce/SCroce_95_720.png,3215,3949,image/png
438_SCroce/1_SCroce/SCroce_61_523.png,3215,3949,image/png
438_SCroce/1_SCroce/SCroce_25_234.png,3215,3949,image/png
438_SCroce/1_SCroce/SCroce_5_50.png,3215,3949,image/png
438_SCroce/1_SCroce/SCroce_78_625.png,3215,3949,image/png
438_SCroce/1_SCroce/SCroce_21_201.png,3215,3949,image/png
438_SCroce/1_SCroce/SCroce_55_481.png,3215,3949,image/png
438_SCroce/1_SCroce/SCroce_62_531.png,3215,3949,image/png
438_SCroce/1_SCroce/SCroce_59_510.png,3215,3949,image/png
438_SCroce/1_SCroce/SCroce_96_726.png,3215,3949,image/png
438_SCroce/1_SCroce/SCroce_16_158.png,3215,3949,image/png
438_SCroce/1_SCroce/SCroce_3_30.png,3215,3949,image/png
438_SCroce/1_SCroce/SCroce_24_226.png,3215,3949,image/png
438_SCroce/1_SCroce/SCroce_26_243.png,3215,3949,image/png
438_SCroce/1_SCroce/SCroce_33_306.png,3215,3949,image/png
438_SCroce/1_SCroce/SCroce_71_590.png,3215,3949,image/png
438_SCroce/1_SCroce/SCroce_27_252.png,3215,3949,image/png
438_SCroce/1_SCroce/SCroce_43_388.png,3215,3949,image/png
438_SCroce/1_SCroce/SCroce_9_91.png,3215,3949,image/png
438_SCroce/1_SCroce/SCroce_58_502.png,3215,3949,image/png
438_SCroce/1_SCroce/SCroce_69_578.png,3215,3949,image/png
438_SCroce/1_SCroce/SCroce_97_730.png,3215,3949,image/png
438_SCroce/1_SCroce/SCroce_70_584.png,3215,3949,image/png
438_SCroce/1_SCroce/SCroce_86_669.png,3215,3949,image/png
438_SCroce/1_SCroce/SCroce_74_604.png,3215,3949,image/png
438_SCroce/1_SCroce/SCroce_47_421.png,3215,3949,image/png
438_SCroce/1_SCroce/SCroce_14_139.png,3215,3949,image/png
438_SCroce/1_SCroce/SCroce_0_1.png,3215,3949,image/png
438_SCroce/1_SCroce/SCroce_92_703.png,3215,3949,image/png
438_SCroce/1_SCroce/SCroce_36_330.png,3215,3949,image/png
438_SCroce/1_SCroce/SCroce_37_338.png,3215,3949,image/png
438_SCroce/1_SCroce/SCroce_68_572.png,3215,3949,image/png
438_SCroce/1_SCroce/SCroce_11_110.png,3215,3949,image/png
438_SCroce/1_SCroce/SCroce_82_646.png,3215,3949,image/png
438_SCroce/1_SCroce/SCroce_99_740.png,3215,3949,image/png
438_SCroce/1_SCroce/SCroce_79_629.png,3215,3949,image/png
438_SCroce/1_SCroce/SCroce_54_472.png,3215,3949,image/png
438_SCroce/1_SCroce/SCroce_42_379.png,3215,3949,image/png
438_SCroce/1_SCroce/SCroce_17_168.png,3215,3949,image/png
438_SCroce/1_SCroce/SCroce_32_297.png,3215,3949,image/png
438_SCroce/1_SCroce/SCroce_65_550.png,3215,3949,image/png
438_SCroce/1_SCroce/SCroce_10_100.png,3215,3949,image/png
438_SCroce/1_SCroce/SCroce_50_444.png,3215,3949,image/png
438_SCroce/1_SCroce/SCroce_80_634.png,3215,3949,image/png
438_SCroce/1_SCroce/SCroce_93_708.png,3215,3949,image/png
438_SCroce/1_SCroce/SCroce_101_746.png,3215,3949,image/png
438_SCroce/1_SCroce/SCroce_20_193.png,3215,3949,image/png
438_SCroce/1_SCroce/SCroce_75_609.png,3215,3949,image/png
438_SCroce/1_SCroce/SCroce_39_354.png,3215,3949,image/png
438_SCroce/1_SCroce/SCroce_46_413.png,3215,3949,image/png
438_SCroce/1_SCroce/SCroce_83_652.png,3215,3949,image/png
438_SCroce/1_SCroce/SCroce_105_761.png,3215,3949,image/png
438_SCroce/1_SCroce/SCroce_7_71.png,3215,3949,image/png
438_SCroce/1_SCroce/SCroce_104_758.png,3215,3949,image/png
438_SCroce/1_SCroce/SCroce_100_745.png,3215,3949,image/png
438_SCroce/1_SCroce/SCroce_87_673.png,3215,3949,image/png
438_SCroce/1_SCroce/SCroce_38_346.png,3215,3949,image/png
438_SCroce/1_SCroce/SCroce_51_452.png,3215,3949,image/png
438_SCroce/1_SCroce/SCroce_64_544.png,3215,3949,image/png
438_SCroce/1_SCroce/SCroce_63_538.png,3215,3949,image/png
438_SCroce/1_SCroce/SCroce_77_621.png,3215,3949,image/png
438_SCroce/1_SCroce/SCroce_94_714.png,3215,3949,image/png
438_SCroce/1_SCroce/SCroce_60_517.png,3215,3949,image/png
438_SCroce/1_SCroce/SCroce_107_763.png,3215,3949,image/png
438_SCroce/1_SCroce/SCroce_88_679.png,3215,3949,image/png
438_SCroce/1_SCroce/SCroce_56_489.png,3215,3949,image/png
438_SCroce/1_SCroce/SCroce_30_279.png,3215,3949,image/png
438_SCroce/1_SCroce/SCroce_52_457.png,3215,3949,image/png
438_SCroce/1_SCroce/SCroce_103_754.png,3215,3949,image/png
438_SCroce/1_SCroce/SCroce_22_208.png,3215,3949,image/png
438_SCroce/1_SCroce/SCroce_4_40.png,3215,3949,image/png
438_SCroce/1_SCroce/SCroce_85_663.png,3215,3949,image/png
438_SCroce/1_SCroce/SCroce_1_9.png,3215,3949,image/png
438_SCroce/1_SCroce/SCroce_98_734.png,3215,3949,image/png
438_SCroce/1_SCroce/SCroce_18_176.png,3215,3949,image/png
438_SCroce/1_SCroce/SCroce_90_691.png,3215,3949,image/png
438_SCroce/1_SCroce/SCroce_34_315.png,3215,3949,image/png
438_SCroce/1_SCroce/SCroce_2_20.png,3215,3949,image/png
438_SCroce/1_SCroce/SCroce_89_685.png,3215,3949,image/png
438_SCroce/1_SCroce/SCroce_81_640.png,3215,3949,image/png
438_SCroce/1_SCroce/SCroce_91_697.png,3215,3949,image/png
438_SCroce/1_SCroce/SCroce_106_762.png,3215,3949,image/png
438_SCroce/1_SCroce/SCroce_66_557.png,3215,3949,image/png
438_SCroce/1_SCroce/SCroce_45_405.png,3215,3949,image/png
438_SCroce/1_SCroce/SCroce_8_81.png,3215,3949,image/png
438_SCroce/1_SCroce/SCroce_49_437.png,3215,3949,image/png
438_SCroce/1_SCroce/SCroce_73_598.png,3215,3949,image/png
438_SCroce/11_SStefanoMurano/SStefanoMurano_30.png,3273,4116,image/png
438_SCroce/11_SStefanoMurano/SStefanoMurano_24.png,3273,4116,image/png
438_SCroce/11_SStefanoMurano/SStefanoMurano_18.png,3273,4116,image/png
438_SCroce/11_SStefanoMurano/SStefanoMurano_19.png,3273,4116,image/png
438_SCroce/11_SStefanoMurano/SStefanoMurano_25.png,3273,4116,image/png
438_SCroce/11_SStefanoMurano/SStefanoMurano_31.png,3273,4116,image/png
438_SCroce/11_SStefanoMurano/SStefanoMurano_27.png,3273,4116,image/png
438_SCroce/11_SStefanoMurano/SStefanoMurano_33.png,3273,4116,image/png
438_SCroce/11_SStefanoMurano/SStefanoMurano_32.png,3273,4116,image/png
438_SCroce/11_SStefanoMurano/SStefanoMurano_26.png,3273,4116,image/png
438_SCroce/11_SStefanoMurano/SStefanoMurano_22.png,3273,4116,image/png
438_SCroce/11_SStefanoMurano/SStefanoMurano_23.png,3273,4116,image/png
438_SCroce/11_SStefanoMurano/SStefanoMurano_21.png,3273,4116,image/png
438_SCroce/11_SStefanoMurano/SStefanoMurano_20.png,3273,4116,image/png
438_SCroce/11_SStefanoMurano/SStefanoMurano_6.png,3273,4116,image/png
438_SCroce/11_SStefanoMurano/SStefanoMurano_7.png,3273,4116,image/png
438_SCroce/11_SStefanoMurano/SStefanoMurano_5.png,3273,4116,image/png
438_SCroce/11_SStefanoMurano/SStefanoMurano_4.png,3273,4116,image/png
438_SCroce/11_SStefanoMurano/SStefanoMurano_0.png,3273,4116,image/png
438_SCroce/11_SStefanoMurano/SStefanoMurano_1.png,3273,4116,image/png
438_SCroce/11_SStefanoMurano/SStefanoMurano_3.png,3273,4116,image/png
438_SCroce/11_SStefanoMurano/SStefanoMurano_2.png,3273,4116,image/png
438_SCroce/11_SStefanoMurano/SStefanoMurano_9.png,3273,4116,image/png
438_SCroce/11_SStefanoMurano/SStefanoMurano_8.png,3273,4116,image/png
438_SCroce/11_SStefanoMurano/SStefanoMurano_11.png,3273,4116,image/png
438_SCroce/11_SStefanoMurano/SStefanoMurano_10.png,3273,4116,image/png
438_SCroce/11_SStefanoMurano/SStefanoMurano_12.png,3273,4116,image/png
438_SCroce/11_SStefanoMurano/SStefanoMurano_13.png,3273,4116,image/png
438_SCroce/11_SStefanoMurano/SStefanoMurano_17.png,3273,4116,image/png
438_SCroce/11_SStefanoMurano/SStefanoMurano_16.png,3273,4116,image/png
438_SCroce/11_SStefanoMurano/SStefanoMurano_28.png,3273,4116,image/png
438_SCroce/11_SStefanoMurano/SStefanoMurano_14.png,3273,4116,image/png
438_SCroce/11_SStefanoMurano/SStefanoMurano_15.png,3273,4116,image/png
438_SCroce/11_SStefanoMurano/SStefanoMurano_29.png,3273,4116,image/png
438_SCroce/10_SSalvadorMurano/SSalvadorMurano_3.png,3273,4116,image/png
438_SCroce/10_SSalvadorMurano/SSalvadorMurano_2.png,3273,4116,image/png
438_SCroce/10_SSalvadorMurano/SSalvadorMurano_0.png,3273,4116,image/png
438_SCroce/10_SSalvadorMurano/SSalvadorMurano_1.png,3273,4116,image/png
438_SCroce/10_SSalvadorMurano/SSalvadorMurano_5.png,3273,4116,image/png
438_SCroce/10_SSalvadorMurano/SSalvadorMurano_4.png,3273,4116,image/png
438_SCroce/5_SSimonPiccolo/SSimonPiccolo_25_149.png,3322,3909,image/png
438_SCroce/5_SSimonPiccolo/SSimonPiccolo_8_55.png,3322,3909,image/png
438_SCroce/5_SSimonPiccolo/SSimonPiccolo_30_179.png,3322,3909,image/png
438_SCroce/5_SSimonPiccolo/SSimonPiccolo_1_9.png,3322,3909,image/png
438_SCroce/5_SSimonPiccolo/SSimonPiccolo_23_133.png,3322,3909,image/png
438_SCroce/5_SSimonPiccolo/SSimonPiccolo_18_107.png,3322,3909,image/png
438_SCroce/5_SSimonPiccolo/SSimonPiccolo_13_81.png,3322,3909,image/png
438_SCroce/5_SSimonPiccolo/SSimonPiccolo_31_184.png,3322,3909,image/png
438_SCroce/5_SSimonPiccolo/SSimonPiccolo_19_112.png,3322,3909,image/png
438_SCroce/5_SSimonPiccolo/SSimonPiccolo_6_40.png,3322,3909,image/png
438_SCroce/5_SSimonPiccolo/SSimonPiccolo_2_18.png,3322,3909,image/png
438_SCroce/5_SSimonPiccolo/SSimonPiccolo_21_122.png,3322,3909,image/png
438_SCroce/5_SSimonPiccolo/SSimonPiccolo_10_66.png,3322,3909,image/png
438_SCroce/5_SSimonPiccolo/SSimonPiccolo_12_77.png,3322,3909,image/png
438_SCroce/5_SSimonPiccolo/SSimonPiccolo_33.png,3322,3909,image/png
438_SCroce/5_SSimonPiccolo/SSimonPiccolo_9_61.png,3322,3909,image/png
438_SCroce/5_SSimonPiccolo/SSimonPiccolo_27_161.png,3322,3909,image/png
438_SCroce/5_SSimonPiccolo/SSimonPiccolo_15_92.png,3322,3909,image/png
438_SCroce/5_SSimonPiccolo/SSimonPiccolo_32_190.png,3322,3909,image/png
438_SCroce/5_SSimonPiccolo/SSimonPiccolo_4_26.png,3322,3909,image/png
438_SCroce/5_SSimonPiccolo/SSimonPiccolo_0_1.png,3322,3909,image/png
438_SCroce/5_SSimonPiccolo/SSimonPiccolo_7_47.png,3322,3909,image/png
438_SCroce/5_SSimonPiccolo/SSimonPiccolo_3_23.png,3322,3909,image/png
438_SCroce/5_SSimonPiccolo/SSimonPiccolo_17_102.png,3322,3909,image/png
438_SCroce/5_SSimonPiccolo/SSimonPiccolo_26_155.png,3322,3909,image/png
438_SCroce/5_SSimonPiccolo/SSimonPiccolo_20_117.png,3322,3909,image/png
438_SCroce/5_SSimonPiccolo/SSimonPiccolo_29_172.png,3322,3909,image/png
438_SCroce/5_SSimonPiccolo/SSimonPiccolo_22_128.png,3322,3909,image/png
438_SCroce/5_SSimonPiccolo/SSimonPiccolo_11_71.png,3322,3909,image/png
438_SCroce/5_SSimonPiccolo/SSimonPiccolo_5_33.png,3322,3909,image/png
438_SCroce/5_SSimonPiccolo/SSimonPiccolo_28_166.png,3322,3909,image/png
438_SCroce/5_SSimonPiccolo/SSimonPiccolo_16_97.png,3322,3909,image/png
438_SCroce/5_SSimonPiccolo/SSimonPiccolo_24_140.png,3322,3909,image/png
438_SCroce/5_SSimonPiccolo/SSimonPiccolo_14_87.png,3322,3909,image/png
438_SCroce/7_SGiovannidecollato/SGiovannidecollato_12_84.png,3534,3966,image/png
438_SCroce/7_SGiovannidecollato/SGiovannidecollato_9_62.png,3534,3966,image/png
438_SCroce/7_SGiovannidecollato/SGiovannidecollato_4_27.png,3534,3966,image/png
438_SCroce/7_SGiovannidecollato/SGiovannidecollato_1_9.png,3534,3966,image/png
438_SCroce/7_SGiovannidecollato/SGiovannidecollato_2_18.png,3534,3966,image/png
438_SCroce/7_SGiovannidecollato/SGiovannidecollato_6_40.png,3534,3966,image/png
438_SCroce/7_SGiovannidecollato/SGiovannidecollato_8_53.png,3534,3966,image/png
438_SCroce/7_SGiovannidecollato/SGiovannidecollato_13_92.png,3534,3966,image/png
438_SCroce/7_SGiovannidecollato/SGiovannidecollato_11_80.png,3534,3966,image/png
438_SCroce/7_SGiovannidecollato/SGiovannidecollato_5_35.png,3534,3966,image/png
438_SCroce/7_SGiovannidecollato/SGiovannidecollato_14_100.png,3534,3966,image/png
438_SCroce/7_SGiovannidecollato/SGiovannidecollato_0_1.png,3534,3966,image/png
438_SCroce/7_SGiovannidecollato/SGiovannidecollato_7_46.png,3534,3966,image/png
438_SCroce/7_SGiovannidecollato/SGiovannidecollato_10_72.png,3534,3966,image/png
438_SCroce/7_SGiovannidecollato/SGiovannidecollato_3_24.png,3534,3966,image/png
434_SMarco/8_SLuca/SLuca_3_40.png,3248,4284,image/png
434_SMarco/8_SLuca/SLuca_29_374.png,3248,4284,image/png
434_SMarco/8_SLuca/SLuca_40_461.png,3248,4284,image/png
434_SMarco/8_SLuca/SLuca_23_306.png,3248,4284,image/png
434_SMarco/8_SLuca/SLuca_28_361.png,3248,4284,image/png
434_SMarco/8_SLuca/SLuca_18_246.png,3248,4284,image/png
434_SMarco/8_SLuca/SLuca_35_427.png,3248,4284,image/png
434_SMarco/8_SLuca/SLuca_10_135.png,3248,4284,image/png
434_SMarco/8_SLuca/SLuca_41_462.png,3248,4284,image/png
434_SMarco/8_SLuca/SLuca_36_437.png,3248,4284,image/png
434_SMarco/8_SLuca/SLuca_25_330.png,3248,4284,image/png
434_SMarco/8_SLuca/SLuca_7_95.png,3248,4284,image/png
434_SMarco/8_SLuca/SLuca_32_406.png,3248,4284,image/png
434_SMarco/8_SLuca/SLuca_39_460.png,3248,4284,image/png
434_SMarco/8_SLuca/SLuca_42_463.png,3248,4284,image/png
434_SMarco/8_SLuca/SLuca_33_417.png,3248,4284,image/png
434_SMarco/8_SLuca/SLuca_20_272.png,3248,4284,image/png
434_SMarco/8_SLuca/SLuca_27_347.png,3248,4284,image/png
434_SMarco/8_SLuca/SLuca_15_205.png,3248,4284,image/png
434_SMarco/8_SLuca/SLuca_14_190.png,3248,4284,image/png
434_SMarco/8_SLuca/SLuca_38_457.png,3248,4284,image/png
434_SMarco/8_SLuca/SLuca_24_317.png,3248,4284,image/png
434_SMarco/8_SLuca/SLuca_11_149.png,3248,4284,image/png
434_SMarco/8_SLuca/SLuca_21_286.png,3248,4284,image/png
434_SMarco/8_SLuca/SLuca_5_67.png,3248,4284,image/png
434_SMarco/8_SLuca/SLuca_1_14.png,3248,4284,image/png
434_SMarco/8_SLuca/SLuca_26_338.png,3248,4284,image/png
434_SMarco/8_SLuca/SLuca_17_233.png,3248,4284,image/png
434_SMarco/8_SLuca/SLuca_9_122.png,3248,4284,image/png
434_SMarco/8_SLuca/SLuca_4_54.png,3248,4284,image/png
434_SMarco/8_SLuca/SLuca_12_162.png,3248,4284,image/png
434_SMarco/8_SLuca/SLuca_16_220.png,3248,4284,image/png
434_SMarco/8_SLuca/SLuca_22_295.png,3248,4284,image/png
434_SMarco/8_SLuca/SLuca_13_176.png,3248,4284,image/png
434_SMarco/8_SLuca/SLuca_0_1.png,3248,4284,image/png
434_SMarco/8_SLuca/SLuca_8_109.png,3248,4284,image/png
434_SMarco/8_SLuca/SLuca_37_448.png,3248,4284,image/png
434_SMarco/8_SLuca/SLuca_19_260.png,3248,4284,image/png
434_SMarco/8_SLuca/SLuca_6_81.png,3248,4284,image/png
434_SMarco/8_SLuca/SLuca_34_417.png,3248,4284,image/png
434_SMarco/8_SLuca/SLuca_2_26.png,3248,4284,image/png
434_SMarco/8_SLuca/SLuca_31_397.png,3248,4284,image/png
434_SMarco/8_SLuca/SLuca_30_386.png,3248,4284,image/png
434_SMarco/14_SAngelo/SAngelo_5_55.png,3403,3990,image/png
434_SMarco/14_SAngelo/SAngelo_39_448.png,3403,3990,image/png
434_SMarco/14_SAngelo/SAngelo_15_171.png,3403,3990,image/png
434_SMarco/14_SAngelo/SAngelo_14_160.png,3403,3990,image/png
434_SMarco/14_SAngelo/SAngelo_19_221.png,3403,3990,image/png
434_SMarco/14_SAngelo/SAngelo_3_31.png,3403,3990,image/png
434_SMarco/14_SAngelo/SAngelo_18_209.png,3403,3990,image/png
434_SMarco/14_SAngelo/SAngelo_12_136.png,3403,3990,image/png
434_SMarco/14_SAngelo/SAngelo_7_80.png,3403,3990,image/png
434_SMarco/14_SAngelo/SAngelo_11_124.png,3403,3990,image/png
434_SMarco/14_SAngelo/SAngelo_34_393.png,3403,3990,image/png
434_SMarco/14_SAngelo/SAngelo_9_103.png,3403,3990,image/png
434_SMarco/14_SAngelo/SAngelo_23_263.png,3403,3990,image/png
434_SMarco/14_SAngelo/SAngelo_30_348.png,3403,3990,image/png
434_SMarco/14_SAngelo/SAngelo_31_359.png,3403,3990,image/png
434_SMarco/14_SAngelo/SAngelo_10_114.png,3403,3990,image/png
434_SMarco/14_SAngelo/SAngelo_13_148.png,3403,3990,image/png
434_SMarco/14_SAngelo/SAngelo_2_20.png,3403,3990,image/png
434_SMarco/14_SAngelo/SAngelo_26_301.png,3403,3990,image/png
434_SMarco/14_SAngelo/SAngelo_4_43.png,3403,3990,image/png
434_SMarco/14_SAngelo/SAngelo_20_232.png,3403,3990,image/png
434_SMarco/14_SAngelo/SAngelo_35_404.png,3403,3990,image/png
434_SMarco/14_SAngelo/SAngelo_17_195.png,3403,3990,image/png
434_SMarco/14_SAngelo/SAngelo_8_91.png,3403,3990,image/png
434_SMarco/14_SAngelo/SAngelo_22_253.png,3403,3990,image/png
434_SMarco/14_SAngelo/SAngelo_16_183.png,3403,3990,image/png
434_SMarco/14_SAngelo/SAngelo_27_314.png,3403,3990,image/png
434_SMarco/14_SAngelo/SAngelo_40_457.png,3403,3990,image/png
434_SMarco/14_SAngelo/SAngelo_6_68.png,3403,3990,image/png
434_SMarco/14_SAngelo/SAngelo_25_289.png,3403,3990,image/png
434_SMarco/14_SAngelo/SAngelo_37_429.png,3403,3990,image/png
434_SMarco/14_SAngelo/SAngelo_1_10.png,3403,3990,image/png
434_SMarco/14_SAngelo/SAngelo_32_369.png,3403,3990,image/png
434_SMarco/14_SAngelo/SAngelo_28_322.png,3403,3990,image/png
434_SMarco/14_SAngelo/SAngelo_38_440.png,3403,3990,image/png
434_SMarco/14_SAngelo/SAngelo_21_244.png,3403,3990,image/png
434_SMarco/14_SAngelo/SAngelo_29_336.png,3403,3990,image/png
434_SMarco/14_SAngelo/SAngelo_0_1.png,3403,3990,image/png
434_SMarco/14_SAngelo/SAngelo_33_380.png,3403,3990,image/png
434_SMarco/14_SAngelo/SAngelo_36_415.png,3403,3990,image/png
434_SMarco/14_SAngelo/SAngelo_24_276.png,3403,3990,image/png
434_SMarco/6_SSalvador/SSalvador_27_306.png,3297,4116,image/png
434_SMarco/6_SSalvador/SSalvador_40_451.png,3297,4116,image/png
434_SMarco/6_SSalvador/SSalvador_31_356.png,3297,4116,image/png
434_SMarco/6_SSalvador/SSalvador_10_102.png,3297,4116,image/png
434_SMarco/6_SSalvador/SSalvador_21_236.png,3297,4116,image/png
434_SMarco/6_SSalvador/SSalvador_44_499.png,3297,4116,image/png
434_SMarco/6_SSalvador/SSalvador_11_111.png,3297,4116,image/png
434_SMarco/6_SSalvador/SSalvador_30_345.png,3297,4116,image/png
434_SMarco/6_SSalvador/SSalvador_17_182.png,3297,4116,image/png
434_SMarco/6_SSalvador/SSalvador_38_430.png,3297,4116,image/png
434_SMarco/6_SSalvador/SSalvador_9_90.png,3297,4116,image/png
434_SMarco/6_SSalvador/SSalvador_16_169.png,3297,4116,image/png
434_SMarco/6_SSalvador/SSalvador_35_402.png,3297,4116,image/png
434_SMarco/6_SSalvador/SSalvador_7_69.png,3297,4116,image/png
434_SMarco/6_SSalvador/SSalvador_4_38.png,3297,4116,image/png
434_SMarco/6_SSalvador/SSalvador_45_510.png,3297,4116,image/png
434_SMarco/6_SSalvador/SSalvador_20_222.png,3297,4116,image/png
434_SMarco/6_SSalvador/SSalvador_39_440.png,3297,4116,image/png
434_SMarco/6_SSalvador/SSalvador_1_8.png,3297,4116,image/png
434_SMarco/6_SSalvador/SSalvador_2_17.png,3297,4116,image/png
434_SMarco/6_SSalvador/SSalvador_24_271.png,3297,4116,image/png
434_SMarco/6_SSalvador/SSalvador_29_333.png,3297,4116,image/png
434_SMarco/6_SSalvador/SSalvador_36_411.png,3297,4116,image/png
434_SMarco/6_SSalvador/SSalvador_6_59.png,3297,4116,image/png
434_SMarco/6_SSalvador/SSalvador_43_487.png,3297,4116,image/png
434_SMarco/6_SSalvador/SSalvador_15_157.png,3297,4116,image/png
434_SMarco/6_SSalvador/SSalvador_33_380.png,3297,4116,image/png
434_SMarco/6_SSalvador/SSalvador_28_319.png,3297,4116,image/png
434_SMarco/6_SSalvador/SSalvador_19_207.png,3297,4116,image/png
434_SMarco/6_SSalvador/SSalvador_14_145.png,3297,4116,image/png
434_SMarco/6_SSalvador/SSalvador_25_283.png,3297,4116,image/png
434_SMarco/6_SSalvador/SSalvador_47_532.png,3297,4116,image/png
434_SMarco/6_SSalvador/SSalvador_13_134.png,3297,4116,image/png
434_SMarco/6_SSalvador/SSalvador_46_521.png,3297,4116,image/png
434_SMarco/6_SSalvador/SSalvador_42_475.png,3297,4116,image/png
434_SMarco/6_SSalvador/SSalvador_37_421.png,3297,4116,image/png
434_SMarco/6_SSalvador/SSalvador_32_367.png,3297,4116,image/png
434_SMarco/6_SSalvador/SSalvador_12_122.png,3297,4116,image/png
434_SMarco/6_SSalvador/SSalvador_8_79.png,3297,4116,image/png
434_SMarco/6_SSalvador/SSalvador_18_194.png,3297,4116,image/png
434_SMarco/6_SSalvador/SSalvador_26_295.png,3297,4116,image/png
434_SMarco/6_SSalvador/SSalvador_5_49.png,3297,4116,image/png
434_SMarco/6_SSalvador/SSalvador_3_28.png,3297,4116,image/png
434_SMarco/6_SSalvador/SSalvador_34_391.png,3297,4116,image/png
434_SMarco/6_SSalvador/SSalvador_0_1.png,3297,4116,image/png
434_SMarco/6_SSalvador/SSalvador_41_462.png,3297,4116,image/png
434_SMarco/6_SSalvador/SSalvador_22_248.png,3297,4116,image/png
434_SMarco/6_SSalvador/SSalvador_23_259.png,3297,4116,image/png
434_SMarco/11_SFantin/SFantin_3_32.png,3297,4007,image/png
434_SMarco/11_SFantin/SFantin_5_52.png,3297,4007,image/png
434_SMarco/11_SFantin/SFantin_0_1.png,3297,4007,image/png
434_SMarco/11_SFantin/SFantin_4_43.png,3297,4007,image/png
434_SMarco/11_SFantin/SFantin_2_22.png,3297,4007,image/png
434_SMarco/11_SFantin/SFantin_5_63.png,3297,4007,image/png
434_SMarco/11_SFantin/SFantin_1_11.png,3297,4007,image/png
434_SMarco/2_SBasso/SBasso_1_17.png,3437,4260,image/png
434_SMarco/2_SBasso/SBasso_5_66.png,3437,4260,image/png
434_SMarco/2_SBasso/SBasso_11_130.png,3437,4260,image/png
434_SMarco/2_SBasso/SBasso_10_121.png,3437,4260,image/png
434_SMarco/2_SBasso/SBasso_6_79.png,3437,4260,image/png
434_SMarco/2_SBasso/SBasso_2_30.png,3437,4260,image/png
434_SMarco/2_SBasso/SBasso_4_52.png,3437,4260,image/png
434_SMarco/2_SBasso/SBasso_8_102.png,3437,4260,image/png
434_SMarco/2_SBasso/SBasso_3_43.png,3437,4260,image/png
434_SMarco/2_SBasso/SBasso_9_111.png,3437,4260,image/png
434_SMarco/2_SBasso/SBasso_0_01.png,3437,4260,image/png
434_SMarco/2_SBasso/SBasso_7_91.png,3437,4260,image/png
434_SMarco/10_SPaternian/SPaternian_15_109.png,3354,4007,image/png
434_SMarco/10_SPaternian/SPaternian_32_63.png,3354,4007,image/png
434_SMarco/10_SPaternian/SPaternian_0_2.png,3354,4007,image/png
434_SMarco/10_SPaternian/SPaternian_6_42.png,3354,4007,image/png
434_SMarco/10_SPaternian/SPaternian_41_135.png,3354,4007,image/png
434_SMarco/10_SPaternian/SPaternian_40_130.png,3354,4007,image/png
434_SMarco/10_SPaternian/SPaternian_43_150.png,3354,4007,image/png
434_SMarco/10_SPaternian/SPaternian_23.png,3354,4007,image/png
434_SMarco/10_SPaternian/SPaternian_22.png,3354,4007,image/png
434_SMarco/10_SPaternian/SPaternian_18_129.png,3354,4007,image/png
434_SMarco/10_SPaternian/SPaternian_21_145.png,3354,4007,image/png
434_SMarco/10_SPaternian/SPaternian_30_48.png,3354,4007,image/png
434_SMarco/10_SPaternian/SPaternian_8_55.png,3354,4007,image/png
434_SMarco/10_SPaternian/SPaternian_13_95.png,3354,4007,image/png
434_SMarco/10_SPaternian/SPaternian_35_90.png,3354,4007,image/png
434_SMarco/10_SPaternian/SPaternian_37_106.png,3354,4007,image/png
434_SMarco/10_SPaternian/SPaternian_39_122.png,3354,4007,image/png
434_SMarco/10_SPaternian/SPaternian_4_27.png,3354,4007,image/png
434_SMarco/10_SPaternian/SPaternian_17_124.png,3354,4007,image/png
434_SMarco/10_SPaternian/SPaternian_1_6.png,3354,4007,image/png
434_SMarco/10_SPaternian/SPaternian_10_67.png,3354,4007,image/png
434_SMarco/10_SPaternian/SPaternian_9_62.png,3354,4007,image/png
434_SMarco/10_SPaternian/SPaternian_31_55.png,3354,4007,image/png
434_SMarco/10_SPaternian/SPaternian_27_24.png,3354,4007,image/png
434_SMarco/10_SPaternian/SPaternian_16_116.png,3354,4007,image/png
434_SMarco/10_SPaternian/SPaternian_3_19.png,3354,4007,image/png
434_SMarco/10_SPaternian/SPaternian_25_11.png,3354,4007,image/png
434_SMarco/10_SPaternian/SPaternian_12_87.png,3354,4007,image/png
434_SMarco/10_SPaternian/SPaternian_29_39.png,3354,4007,image/png
434_SMarco/10_SPaternian/SPaternian_24_1.png,3354,4007,image/png
434_SMarco/10_SPaternian/SPaternian_34_80.png,3354,4007,image/png
434_SMarco/10_SPaternian/SPaternian_38_114.png,3354,4007,image/png
434_SMarco/10_SPaternian/SPaternian_33_71.png,3354,4007,image/png
434_SMarco/10_SPaternian/SPaternian_7_50.png,3354,4007,image/png
434_SMarco/10_SPaternian/SPaternian_42_138.png,3354,4007,image/png
434_SMarco/10_SPaternian/SPaternian_36_97.png,3354,4007,image/png
434_SMarco/10_SPaternian/SPaternian_20_138.png,3354,4007,image/png
434_SMarco/10_SPaternian/SPaternian_11_77.png,3354,4007,image/png
434_SMarco/10_SPaternian/SPaternian_2_13.png,3354,4007,image/png
434_SMarco/10_SPaternian/SPaternian_5_35.png,3354,4007,image/png
434_SMarco/10_SPaternian/SPaternian_19_135.png,3354,4007,image/png
434_SMarco/10_SPaternian/SPaternian_28_35.png,3354,4007,image/png
434_SMarco/10_SPaternian/SPaternian_26_18.png,3354,4007,image/png
434_SMarco/10_SPaternian/SPaternian_14_103.png,3354,4007,image/png
434_SMarco/3_SZiminian/SZiminian_8_79.png,3396,4116,image/png
434_SMarco/3_SZiminian/SZiminian_34_323.png,3396,4116,image/png
434_SMarco/3_SZiminian/SZiminian_2_18.png,3396,4116,image/png
434_SMarco/3_SZiminian/SZiminian_11_79.png,3396,4116,image/png
434_SMarco/3_SZiminian/SZiminian_28_262.png,3396,4116,image/png
434_SMarco/3_SZiminian/SZiminian_35_334.png,3396,4116,image/png
434_SMarco/3_SZiminian/SZiminian_18_152.png,3396,4116,image/png
434_SMarco/3_SZiminian/SZiminian_29_272.png,3396,4116,image/png
434_SMarco/3_SZiminian/SZiminian_37_353.png,3396,4116,image/png
434_SMarco/3_SZiminian/SZiminian_36_343.png,3396,4116,image/png
434_SMarco/3_SZiminian/SZiminian_32_304.png,3396,4116,image/png
434_SMarco/3_SZiminian/SZiminian_24_220.png,3396,4116,image/png
434_SMarco/3_SZiminian/SZiminian_25_231.png,3396,4116,image/png
434_SMarco/3_SZiminian/SZiminian_39_375.png,3396,4116,image/png
434_SMarco/3_SZiminian/SZiminian_10_70.png,3396,4116,image/png
434_SMarco/3_SZiminian/SZiminian_38_364.png,3396,4116,image/png
434_SMarco/3_SZiminian/SZiminian_20_175.png,3396,4116,image/png
434_SMarco/3_SZiminian/SZiminian_26_242.png,3396,4116,image/png
434_SMarco/3_SZiminian/SZiminian_33_313.png,3396,4116,image/png
434_SMarco/3_SZiminian/SZiminian_3_29.png,3396,4116,image/png
434_SMarco/3_SZiminian/SZiminian_14_115.png,3396,4116,image/png
434_SMarco/3_SZiminian/SZiminian_27_251.png,3396,4116,image/png
434_SMarco/3_SZiminian/SZiminian_4_39.png,3396,4116,image/png
434_SMarco/3_SZiminian/SZiminian_21_187.png,3396,4116,image/png
434_SMarco/3_SZiminian/SZiminian_7_68.png,3396,4116,image/png
434_SMarco/3_SZiminian/SZiminian_1_09.png,3396,4116,image/png
434_SMarco/3_SZiminian/SZiminian_5_50.png,3396,4116,image/png
434_SMarco/3_SZiminian/SZiminian_9_87.png,3396,4116,image/png
434_SMarco/3_SZiminian/SZiminian_12_92.png,3396,4116,image/png
434_SMarco/3_SZiminian/SZiminian_15_124.png,3396,4116,image/png
434_SMarco/3_SZiminian/SZiminian_17_141.png,3396,4116,image/png
434_SMarco/3_SZiminian/SZiminian_0_01.png,3396,4116,image/png
434_SMarco/3_SZiminian/SZiminian_16_136.png,3396,4116,image/png
434_SMarco/3_SZiminian/SZiminian_13_105.png,3396,4116,image/png
434_SMarco/3_SZiminian/SZiminian_30_283.png,3396,4116,image/png
434_SMarco/3_SZiminian/SZiminian_31_293.png,3396,4116,image/png
434_SMarco/3_SZiminian/SZiminian_23_209.png,3396,4116,image/png
434_SMarco/3_SZiminian/SZiminian_19_163.png,3396,4116,image/png
434_SMarco/3_SZiminian/SZiminian_6_59.png,3396,4116,image/png
434_SMarco/3_SZiminian/SZiminian_22_197.png,3396,4116,image/png
434_SMarco/1_SMarco/SMarco_5_41.png,3396,3909,image/png
434_SMarco/1_SMarco/SMarco_3_24.png,3396,3909,image/png
434_SMarco/1_SMarco/SMarco_7_55.png,3396,3909,image/png
434_SMarco/1_SMarco/SMarco_0_1.png,3396,3909,image/png
434_SMarco/1_SMarco/SMarco_2_17.png,3396,3909,image/png
434_SMarco/1_SMarco/SMarco_6_47.png,3396,3909,image/png
434_SMarco/1_SMarco/SMarco_1_10.png,3396,3909,image/png
434_SMarco/1_SMarco/SMarco_4_33.png,3396,3909,image/png
434_SMarco/9_SBenetto/SBenetto_3_31.png,3428,4284,image/png
434_SMarco/9_SBenetto/SBenetto_5_46.png,3428,4284,image/png
434_SMarco/9_SBenetto/SBenetto_0_1.png,3428,4284,image/png
434_SMarco/9_SBenetto/SBenetto_10_82.png,3428,4284,image/png
434_SMarco/9_SBenetto/SBenetto_6_54.png,3428,4284,image/png
434_SMarco/9_SBenetto/SBenetto_2_25.png,3428,4284,image/png
434_SMarco/9_SBenetto/SBenetto_8_68.png,3428,4284,image/png
434_SMarco/9_SBenetto/SBenetto_7_61.png,3428,4284,image/png
434_SMarco/9_SBenetto/SBenetto_1_17.png,3428,4284,image/png
434_SMarco/9_SBenetto/SBenetto_4_37.png,3428,4284,image/png
434_SMarco/9_SBenetto/SBenetto_9_74.png,3428,4284,image/png
434_SMarco/13_SMaurizio/SMaurizio_4_37.png,3289,3900,image/png
434_SMarco/13_SMaurizio/SMaurizio_7_64.png,3289,3900,image/png
434_SMarco/13_SMaurizio/SMaurizio_3_28.png,3289,3900,image/png
434_SMarco/13_SMaurizio/SMaurizio_1_10.png,3289,3900,image/png
434_SMarco/13_SMaurizio/SMaurizio_6_56.png,3289,3900,image/png
434_SMarco/13_SMaurizio/SMaurizio_2_19.png,3289,3900,image/png
434_SMarco/13_SMaurizio/SMaurizio_13_119.png,3289,3900,image/png
434_SMarco/13_SMaurizio/SMaurizio_12_110.png,3289,3900,image/png
434_SMarco/13_SMaurizio/SMaurizio_8_74.png,3289,3900,image/png
434_SMarco/13_SMaurizio/SMaurizio_0_1.png,3289,3900,image/png
434_SMarco/13_SMaurizio/SMaurizio_5_46.png,3289,3900,image/png
434_SMarco/13_SMaurizio/SMaurizio_9_84.png,3289,3900,image/png
434_SMarco/13_SMaurizio/SMaurizio_11_102.png,3289,3900,image/png
434_SMarco/13_SMaurizio/SMaurizio_15_136.png,3289,3900,image/png
434_SMarco/13_SMaurizio/SMaurizio_14_127.png,3289,3900,image/png
434_SMarco/13_SMaurizio/SMaurizio_10_93.png,3289,3900,image/png
434_SMarco/12_SMariaZobenigo/SMariaZobenigo_2_16.png,3379,4007,image/png
434_SMarco/12_SMariaZobenigo/SMariaZobenigo_15_167.png,3379,4007,image/png
434_SMarco/12_SMariaZobenigo/SMariaZobenigo_8_89.png,3379,4007,image/png
434_SMarco/12_SMariaZobenigo/SMariaZobenigo_6_65.png,3379,4007,image/png
434_SMarco/12_SMariaZobenigo/SMariaZobenigo_12_130.png,3379,4007,image/png
434_SMarco/12_SMariaZobenigo/SMariaZobenigo_11_122.png,3379,4007,image/png
434_SMarco/12_SMariaZobenigo/SMariaZobenigo_13_144.png,3379,4007,image/png
434_SMarco/12_SMariaZobenigo/SMariaZobenigo_16_175.png,3379,4007,image/png
434_SMarco/12_SMariaZobenigo/SMariaZobenigo_9_102.png,3379,4007,image/png
434_SMarco/12_SMariaZobenigo/SMariaZobenigo_10_112.png,3379,4007,image/png
434_SMarco/12_SMariaZobenigo/SMariaZobenigo_7_77.png,3379,4007,image/png
434_SMarco/12_SMariaZobenigo/SMariaZobenigo_20_222.png,3379,4007,image/png
434_SMarco/12_SMariaZobenigo/SMariaZobenigo_5_58.png,3379,4007,image/png
434_SMarco/12_SMariaZobenigo/SMariaZobenigo_17_186.png,3379,4007,image/png
434_SMarco/12_SMariaZobenigo/SMariaZobenigo_3_29.png,3379,4007,image/png
434_SMarco/12_SMariaZobenigo/SMariaZobenigo_0_1.png,3379,4007,image/png
434_SMarco/12_SMariaZobenigo/SMariaZobenigo_4_44.png,3379,4007,image/png
434_SMarco/12_SMariaZobenigo/SMariaZobenigo_19_211.png,3379,4007,image/png
434_SMarco/12_SMariaZobenigo/SMariaZobenigo_1_6.png,3379,4007,image/png
434_SMarco/12_SMariaZobenigo/SMariaZobenigo_14_153.png,3379,4007,image/png
434_SMarco/12_SMariaZobenigo/SMariaZobenigo_18_199.png,3379,4007,image/png
434_SMarco/16_SSamuel/SSamuel_7_69.png,3306,4260,image/png
434_SMarco/16_SSamuel/SSamuel_33_374.png,3306,4260,image/png
434_SMarco/16_SSamuel/SSamuel_24_256.png,3306,4260,image/png
434_SMarco/16_SSamuel/SSamuel_9_91.png,3306,4260,image/png
434_SMarco/16_SSamuel/SSamuel_29_328.png,3306,4260,image/png
434_SMarco/16_SSamuel/SSamuel_37_425.png,3306,4260,image/png
434_SMarco/16_SSamuel/SSamuel_28_315.png,3306,4260,image/png
434_SMarco/16_SSamuel/SSamuel_18_193.png,3306,4260,image/png
434_SMarco/16_SSamuel/SSamuel_32_362.png,3306,4260,image/png
434_SMarco/16_SSamuel/SSamuel_1_9.png,3306,4260,image/png
434_SMarco/16_SSamuel/SSamuel_25_269.png,3306,4260,image/png
434_SMarco/16_SSamuel/SSamuel_15_158.png,3306,4260,image/png
434_SMarco/16_SSamuel/SSamuel_14_148.png,3306,4260,image/png
434_SMarco/16_SSamuel/SSamuel_26_285.png,3306,4260,image/png
434_SMarco/16_SSamuel/SSamuel_20_214.png,3306,4260,image/png
434_SMarco/16_SSamuel/SSamuel_13_140.png,3306,4260,image/png
434_SMarco/16_SSamuel/SSamuel_6_59.png,3306,4260,image/png
434_SMarco/16_SSamuel/SSamuel_35_400.png,3306,4260,image/png
434_SMarco/16_SSamuel/SSamuel_34_388.png,3306,4260,image/png
434_SMarco/16_SSamuel/SSamuel_16_168.png,3306,4260,image/png
434_SMarco/16_SSamuel/SSamuel_11_114.png,3306,4260,image/png
434_SMarco/16_SSamuel/SSamuel_30_341.png,3306,4260,image/png
434_SMarco/16_SSamuel/SSamuel_27_301.png,3306,4260,image/png
434_SMarco/16_SSamuel/SSamuel_31_354.png,3306,4260,image/png
434_SMarco/16_SSamuel/SSamuel_23_245.png,3306,4260,image/png
434_SMarco/16_SSamuel/SSamuel_2_20.png,3306,4260,image/png
434_SMarco/16_SSamuel/SSamuel_8_80.png,3306,4260,image/png
434_SMarco/16_SSamuel/SSamuel_17_180.png,3306,4260,image/png
434_SMarco/16_SSamuel/SSamuel_0_1.png,3306,4260,image/png
434_SMarco/16_SSamuel/SSamuel_21_223.png,3306,4260,image/png
434_SMarco/16_SSamuel/SSamuel_10_102.png,3306,4260,image/png
434_SMarco/16_SSamuel/SSamuel_12_128.png,3306,4260,image/png
434_SMarco/16_SSamuel/SSamuel_36_414.png,3306,4260,image/png
434_SMarco/16_SSamuel/SSamuel_19_202.png,3306,4260,image/png
434_SMarco/16_SSamuel/SSamuel_4_37.png,3306,4260,image/png
434_SMarco/16_SSamuel/SSamuel_5_48.png,3306,4260,image/png
434_SMarco/16_SSamuel/SSamuel_3_28.png,3306,4260,image/png
434_SMarco/16_SSamuel/SSamuel_22_235.png,3306,4260,image/png
434_SMarco/5_SZulian/SZulian_16_363.png,3461,4116,image/png
434_SMarco/5_SZulian/SZulian_1_15.png,3461,4116,image/png
434_SMarco/5_SZulian/SZulian_17_389.png,3461,4116,image/png
434_SMarco/5_SZulian/SZulian_19_445.png,3461,4116,image/png
434_SMarco/5_SZulian/SZulian_14_315.png,3461,4116,image/png
434_SMarco/5_SZulian/SZulian_18_418.png,3461,4116,image/png
434_SMarco/5_SZulian/SZulian_2_33.png,3461,4116,image/png
434_SMarco/5_SZulian/SZulian_9_187.png,3461,4116,image/png
434_SMarco/5_SZulian/SZulian_0_1.png,3461,4116,image/png
434_SMarco/5_SZulian/SZulian_8_165.png,3461,4116,image/png
434_SMarco/5_SZulian/SZulian_10_213.png,3461,4116,image/png
434_SMarco/5_SZulian/SZulian_4_76.png,3461,4116,image/png
434_SMarco/5_SZulian/SZulian_15_340.png,3461,4116,image/png
434_SMarco/5_SZulian/SZulian_21_492.png,3461,4116,image/png
434_SMarco/5_SZulian/SZulian_12_264.png,3461,4116,image/png
434_SMarco/5_SZulian/SZulian_6_120.png,3461,4116,image/png
434_SMarco/5_SZulian/SZulian_3_52.png,3461,4116,image/png
434_SMarco/5_SZulian/SZulian_11_238.png,3461,4116,image/png
434_SMarco/5_SZulian/SZulian_20_469.png,3461,4116,image/png
434_SMarco/5_SZulian/SZulian_13_289.png,3461,4116,image/png
434_SMarco/5_SZulian/SZulian_7_142.png,3461,4116,image/png
434_SMarco/5_SZulian/SZulian_5_97.png,3461,4116,image/png
434_SMarco/7_SBortolomio/SBortolomio_5_61.png,3428,3966,image/png
434_SMarco/7_SBortolomio/SBortolomio_1_13.png,3428,3966,image/png
434_SMarco/7_SBortolomio/SBortolomio_20_191.png,3428,3966,image/png
434_SMarco/7_SBortolomio/SBortolomio_10_114.png,3428,3966,image/png
434_SMarco/7_SBortolomio/SBortolomio_17_168.png,3428,3966,image/png
434_SMarco/7_SBortolomio/SBortolomio_9_105.png,3428,3966,image/png
434_SMarco/7_SBortolomio/SBortolomio_3_39.png,3428,3966,image/png
434_SMarco/7_SBortolomio/SBortolomio_14_154.png,3428,3966,image/png
434_SMarco/7_SBortolomio/SBortolomio_26_228.png,3428,3966,image/png
434_SMarco/7_SBortolomio/SBortolomio_19_188.png,3428,3966,image/png
434_SMarco/7_SBortolomio/SBortolomio_27_239.png,3428,3966,image/png
434_SMarco/7_SBortolomio/SBortolomio_34_312.png,3428,3966,image/png
434_SMarco/7_SBortolomio/SBortolomio_15_156.png,3428,3966,image/png
434_SMarco/7_SBortolomio/SBortolomio_8_93.png,3428,3966,image/png
434_SMarco/7_SBortolomio/SBortolomio_2_27.png,3428,3966,image/png
434_SMarco/7_SBortolomio/SBortolomio_31_278.png,3428,3966,image/png
434_SMarco/7_SBortolomio/SBortolomio_30_268.png,3428,3966,image/png
434_SMarco/7_SBortolomio/SBortolomio_37_345.png,3428,3966,image/png
434_SMarco/7_SBortolomio/SBortolomio_28_248.png,3428,3966,image/png
434_SMarco/7_SBortolomio/SBortolomio_23_212.png,3428,3966,image/png
434_SMarco/7_SBortolomio/SBortolomio_22_203.png,3428,3966,image/png
434_SMarco/7_SBortolomio/SBortolomio_18_179.png,3428,3966,image/png
434_SMarco/7_SBortolomio/SBortolomio_35_322.png,3428,3966,image/png
434_SMarco/7_SBortolomio/SBortolomio_4_48.png,3428,3966,image/png
434_SMarco/7_SBortolomio/SBortolomio_6_71.png,3428,3966,image/png
434_SMarco/7_SBortolomio/SBortolomio_29_260.png,3428,3966,image/png
434_SMarco/7_SBortolomio/SBortolomio_0_01.png,3428,3966,image/png
434_SMarco/7_SBortolomio/SBortolomio_39_ni.png,3428,3966,image/png
434_SMarco/7_SBortolomio/SBortolomio_12_135.png,3428,3966,image/png
434_SMarco/7_SBortolomio/SBortolomio_38_349.png,3428,3966,image/png
434_SMarco/7_SBortolomio/SBortolomio_32_289.png,3428,3966,image/png
434_SMarco/7_SBortolomio/SBortolomio_11_125.png,3428,3966,image/png
434_SMarco/7_SBortolomio/SBortolomio_24_219.png,3428,3966,image/png
434_SMarco/7_SBortolomio/SBortolomio_21_200.png,3428,3966,image/png
434_SMarco/7_SBortolomio/SBortolomio_25_221.png,3428,3966,image/png
434_SMarco/7_SBortolomio/SBortolomio_33_300.png,3428,3966,image/png
434_SMarco/7_SBortolomio/SBortolomio_7_83.png,3428,3966,image/png
434_SMarco/7_SBortolomio/SBortolomio_13_147.png,3428,3966,image/png
434_SMarco/7_SBortolomio/SBortolomio_16_162.png,3428,3966,image/png
434_SMarco/7_SBortolomio/SBortolomio_36_333.png,3428,3966,image/png
434_SMarco/15_SVidal/SVidal_16_155.png,3396,4153,image/png
434_SMarco/15_SVidal/SVidal_8_71.png,3396,4153,image/png
434_SMarco/15_SVidal/SVidal_6_59.png,3396,4153,image/png
434_SMarco/15_SVidal/SVidal_1_9.png,3396,4153,image/png
434_SMarco/15_SVidal/SVidal_2_15.png,3396,4153,image/png
434_SMarco/15_SVidal/SVidal_11_104.png,3396,4153,image/png
434_SMarco/15_SVidal/SVidal_14_135.png,3396,4153,image/png
434_SMarco/15_SVidal/SVidal_12_115.png,3396,4153,image/png
434_SMarco/15_SVidal/SVidal_3_26.png,3396,4153,image/png
434_SMarco/15_SVidal/SVidal_5_47.png,3396,4153,image/png
434_SMarco/15_SVidal/SVidal_15_144.png,3396,4153,image/png
434_SMarco/15_SVidal/SVidal_18_172.png,3396,4153,image/png
434_SMarco/15_SVidal/SVidal_9_83.png,3396,4153,image/png
434_SMarco/15_SVidal/SVidal_13_126.png,3396,4153,image/png
434_SMarco/15_SVidal/SVidal_7_64.png,3396,4153,image/png
434_SMarco/15_SVidal/SVidal_4_35.png,3396,4153,image/png
434_SMarco/15_SVidal/SVidal_0_1.png,3396,4153,image/png
434_SMarco/15_SVidal/SVidal_17_165.png,3396,4153,image/png
434_SMarco/15_SVidal/SVidal_10_94.png,3396,4153,image/png
434_SMarco/4_SMoise/SMoise_15_155.png,3314,4116,image/png
434_SMarco/4_SMoise/SMoise_18_188.png,3314,4116,image/png
434_SMarco/4_SMoise/SMoise_37_376.png,3314,4116,image/png
434_SMarco/4_SMoise/SMoise_5_53.png,3314,4116,image/png
434_SMarco/4_SMoise/SMoise_36_366.png,3314,4116,image/png
434_SMarco/4_SMoise/SMoise_3_32.png,3314,4116,image/png
434_SMarco/4_SMoise/SMoise_22_232.png,3314,4116,image/png
434_SMarco/4_SMoise/SMoise_58_620.png,3314,4116,image/png
434_SMarco/4_SMoise/SMoise_14_143.png,3314,4116,image/png
434_SMarco/4_SMoise/SMoise_9_95.png,3314,4116,image/png
434_SMarco/4_SMoise/SMoise_19_200.png,3314,4116,image/png
434_SMarco/4_SMoise/SMoise_54_567.png,3314,4116,image/png
434_SMarco/4_SMoise/SMoise_59_632.png,3314,4116,image/png
434_SMarco/4_SMoise/SMoise_64_695.png,3314,4116,image/png
434_SMarco/4_SMoise/SMoise_1_8.png,3314,4116,image/png
434_SMarco/4_SMoise/SMoise_51_530.png,3314,4116,image/png
434_SMarco/4_SMoise/SMoise_6_63.png,3314,4116,image/png
434_SMarco/4_SMoise/SMoise_45_459.png,3314,4116,image/png
434_SMarco/4_SMoise/SMoise_10_104.png,3314,4116,image/png
434_SMarco/4_SMoise/SMoise_38_384.png,3314,4116,image/png
434_SMarco/4_SMoise/SMoise_42_427.png,3314,4116,image/png
434_SMarco/4_SMoise/SMoise_67_733.png,3314,4116,image/png
434_SMarco/4_SMoise/SMoise_39_395.png,3314,4116,image/png
434_SMarco/4_SMoise/SMoise_48_493.png,3314,4116,image/png
434_SMarco/4_SMoise/SMoise_43_436.png,3314,4116,image/png
434_SMarco/4_SMoise/SMoise_71_788.png,3314,4116,image/png
434_SMarco/4_SMoise/SMoise_53_553.png,3314,4116,image/png
434_SMarco/4_SMoise/SMoise_11_110.png,3314,4116,image/png
434_SMarco/4_SMoise/SMoise_23_244.png,3314,4116,image/png
434_SMarco/4_SMoise/SMoise_69_762.png,3314,4116,image/png
434_SMarco/4_SMoise/SMoise_52_541.png,3314,4116,image/png
434_SMarco/4_SMoise/SMoise_21_222.png,3314,4116,image/png
434_SMarco/4_SMoise/SMoise_70_774.png,3314,4116,image/png
434_SMarco/4_SMoise/SMoise_66_719.png,3314,4116,image/png
434_SMarco/4_SMoise/SMoise_57_607.png,3314,4116,image/png
434_SMarco/4_SMoise/SMoise_27_294.png,3314,4116,image/png
434_SMarco/4_SMoise/SMoise_62_668.png,3314,4116,image/png
434_SMarco/4_SMoise/SMoise_8_85.png,3314,4116,image/png
434_SMarco/4_SMoise/SMoise_50_517.png,3314,4116,image/png
434_SMarco/4_SMoise/SMoise_76_845.png,3314,4116,image/png
434_SMarco/4_SMoise/SMoise_75_835.png,3314,4116,image/png
434_SMarco/4_SMoise/SMoise_33_339.png,3314,4116,image/png
434_SMarco/4_SMoise/SMoise_2_20.png,3314,4116,image/png
434_SMarco/4_SMoise/SMoise_56_595.png,3314,4116,image/png
434_SMarco/4_SMoise/SMoise_20_210.png,3314,4116,image/png
434_SMarco/4_SMoise/SMoise_26_282.png,3314,4116,image/png
434_SMarco/4_SMoise/SMoise_44_447.png,3314,4116,image/png
434_SMarco/4_SMoise/SMoise_32_ni.png,3314,4116,image/png
434_SMarco/4_SMoise/SMoise_0_1.png,3314,4116,image/png
434_SMarco/4_SMoise/SMoise_16_166.png,3314,4116,image/png
434_SMarco/4_SMoise/SMoise_17_177.png,3314,4116,image/png
434_SMarco/4_SMoise/SMoise_49_506.png,3314,4116,image/png
434_SMarco/4_SMoise/SMoise_34_346.png,3314,4116,image/png
434_SMarco/4_SMoise/SMoise_74_826.png,3314,4116,image/png
434_SMarco/4_SMoise/SMoise_63_682.png,3314,4116,image/png
434_SMarco/4_SMoise/SMoise_35_356.png,3314,4116,image/png
434_SMarco/4_SMoise/SMoise_68_747.png,3314,4116,image/png
434_SMarco/4_SMoise/SMoise_4_43.png,3314,4116,image/png
434_SMarco/4_SMoise/SMoise_29_316.png,3314,4116,image/png
434_SMarco/4_SMoise/SMoise_12_121.png,3314,4116,image/png
434_SMarco/4_SMoise/SMoise_7_74.png,3314,4116,image/png
434_SMarco/4_SMoise/SMoise_30_329.png,3314,4116,image/png
434_SMarco/4_SMoise/SMoise_47_481.png,3314,4116,image/png
434_SMarco/4_SMoise/SMoise_61_656.png,3314,4116,image/png
434_SMarco/4_SMoise/SMoise_31_338.png,3314,4116,image/png
434_SMarco/4_SMoise/SMoise_24_257.png,3314,4116,image/png
434_SMarco/4_SMoise/SMoise_28_305.png,3314,4116,image/png
434_SMarco/4_SMoise/SMoise_13_132.png,3314,4116,image/png
434_SMarco/4_SMoise/SMoise_60_693.png,3314,4116,image/png
434_SMarco/4_SMoise/SMoise_40_405.png,3314,4116,image/png
434_SMarco/4_SMoise/SMoise_73_812.png,3314,4116,image/png
434_SMarco/4_SMoise/SMoise_46_469.png,3314,4116,image/png
434_SMarco/4_SMoise/SMoise_55_580.png,3314,4116,image/png
434_SMarco/4_SMoise/SMoise_65_706.png,3314,4116,image/png
434_SMarco/4_SMoise/SMoise_72_801.png,3314,4116,image/png
434_SMarco/4_SMoise/SMoise_41_416.png,3314,4116,image/png
434_SMarco/4_SMoise/SMoise_25_269.png,3314,4116,image/png
436_Cannaregio/5_SLunardo/SLunardo_8_61.png,3183,4116,image/png
436_Cannaregio/5_SLunardo/SLunardo_15_109.png,3183,4116,image/png
436_Cannaregio/5_SLunardo/SLunardo_9_69.png,3183,4116,image/png
436_Cannaregio/5_SLunardo/SLunardo_5_40.png,3183,4116,image/png
436_Cannaregio/5_SLunardo/SLunardo_17_120.png,3183,4116,image/png
436_Cannaregio/5_SLunardo/SLunardo_7_54.png,3183,4116,image/png
436_Cannaregio/5_SLunardo/SLunardo_3_27.png,3183,4116,image/png
436_Cannaregio/5_SLunardo/SLunardo_13_96.png,3183,4116,image/png
436_Cannaregio/5_SLunardo/SLunardo_1_12.png,3183,4116,image/png
436_Cannaregio/5_SLunardo/SLunardo_0_1.png,3183,4116,image/png
436_Cannaregio/5_SLunardo/SLunardo_16_114.png,3183,4116,image/png
436_Cannaregio/5_SLunardo/SLunardo_4_33.png,3183,4116,image/png
436_Cannaregio/5_SLunardo/SLunardo_11_82.png,3183,4116,image/png
436_Cannaregio/5_SLunardo/SLunardo_12_89.png,3183,4116,image/png
436_Cannaregio/5_SLunardo/SLunardo_14_103.png,3183,4116,image/png
436_Cannaregio/5_SLunardo/SLunardo_6_46.png,3183,4116,image/png
436_Cannaregio/5_SLunardo/SLunardo_18_124.png,3183,4116,image/png
436_Cannaregio/5_SLunardo/SLunardo_2_19.png,3183,4116,image/png
436_Cannaregio/5_SLunardo/SLunardo_10_76.png,3183,4116,image/png
436_Cannaregio/1_SGeremia/SGeremia_33_744.png,3371,4227,image/png
436_Cannaregio/1_SGeremia/SGeremia_20_446.png,3371,4227,image/png
436_Cannaregio/1_SGeremia/SGeremia_2_54.png,3371,4227,image/png
436_Cannaregio/1_SGeremia/SGeremia_46_1058.png,3371,4227,image/png
436_Cannaregio/1_SGeremia/SGeremia_49_1124.png,3371,4227,image/png
436_Cannaregio/1_SGeremia/SGeremia_12_270.png,3371,4227,image/png
436_Cannaregio/1_SGeremia/SGeremia_45_1032.png,3371,4227,image/png
436_Cannaregio/1_SGeremia/SGeremia_11_239.png,3371,4227,image/png
436_Cannaregio/1_SGeremia/SGeremia_38_862.png,3371,4227,image/png
436_Cannaregio/1_SGeremia/SGeremia_10_214.png,3371,4227,image/png
436_Cannaregio/1_SGeremia/SGeremia_30_682.png,3371,4227,image/png
436_Cannaregio/1_SGeremia/SGeremia_34_767.png,3371,4227,image/png
436_Cannaregio/1_SGeremia/SGeremia_32_723.png,3371,4227,image/png
436_Cannaregio/1_SGeremia/SGeremia_28_636.png,3371,4227,image/png
436_Cannaregio/1_SGeremia/SGeremia_5_115.png,3371,4227,image/png
436_Cannaregio/1_SGeremia/SGeremia_37_842.png,3371,4227,image/png
436_Cannaregio/1_SGeremia/SGeremia_25_567.png,3371,4227,image/png
436_Cannaregio/1_SGeremia/SGeremia_22_492.png,3371,4227,image/png
436_Cannaregio/1_SGeremia/SGeremia_52_ni.png,3371,4227,image/png
436_Cannaregio/1_SGeremia/SGeremia_15_325.png,3371,4227,image/png
436_Cannaregio/1_SGeremia/SGeremia_24_544.png,3371,4227,image/png
436_Cannaregio/1_SGeremia/SGeremia_17_371.png,3371,4227,image/png
436_Cannaregio/1_SGeremia/SGeremia_50_1143.png,3371,4227,image/png
436_Cannaregio/1_SGeremia/SGeremia_16_349.png,3371,4227,image/png
436_Cannaregio/1_SGeremia/SGeremia_14_306.png,3371,4227,image/png
436_Cannaregio/1_SGeremia/SGeremia_42_957.png,3371,4227,image/png
436_Cannaregio/1_SGeremia/SGeremia_7_154.png,3371,4227,image/png
436_Cannaregio/1_SGeremia/SGeremia_35_792.png,3371,4227,image/png
436_Cannaregio/1_SGeremia/SGeremia_3_79.png,3371,4227,image/png
436_Cannaregio/1_SGeremia/SGeremia_23_516.png,3371,4227,image/png
436_Cannaregio/1_SGeremia/SGeremia_4_98.png,3371,4227,image/png
436_Cannaregio/1_SGeremia/SGeremia_43_983.png,3371,4227,image/png
436_Cannaregio/1_SGeremia/SGeremia_41_931.png,3371,4227,image/png
436_Cannaregio/1_SGeremia/SGeremia_40_908.png,3371,4227,image/png
436_Cannaregio/1_SGeremia/SGeremia_1_31.png,3371,4227,image/png
436_Cannaregio/1_SGeremia/SGeremia_6_137.png,3371,4227,image/png
436_Cannaregio/1_SGeremia/SGeremia_19_420.png,3371,4227,image/png
436_Cannaregio/1_SGeremia/SGeremia_13_287.png,3371,4227,image/png
436_Cannaregio/1_SGeremia/SGeremia_48_1105.png,3371,4227,image/png
436_Cannaregio/1_SGeremia/SGeremia_51_ni.png,3371,4227,image/png
436_Cannaregio/1_SGeremia/SGeremia_18_395.png,3371,4227,image/png
436_Cannaregio/1_SGeremia/SGeremia_31_702.png,3371,4227,image/png
436_Cannaregio/1_SGeremia/SGeremia_21_470.png,3371,4227,image/png
436_Cannaregio/1_SGeremia/SGeremia_0_1.png,3371,4227,image/png
436_Cannaregio/1_SGeremia/SGeremia_47_1082.png,3371,4227,image/png
436_Cannaregio/1_SGeremia/SGeremia_44_1006.png,3371,4227,image/png
436_Cannaregio/1_SGeremia/SGeremia_8_170.png,3371,4227,image/png
436_Cannaregio/1_SGeremia/SGeremia_29_661.png,3371,4227,image/png
436_Cannaregio/1_SGeremia/SGeremia_9_188.png,3371,4227,image/png
436_Cannaregio/1_SGeremia/SGeremia_27_609.png,3371,4227,image/png
436_Cannaregio/1_SGeremia/SGeremia_36_817.png,3371,4227,image/png
436_Cannaregio/1_SGeremia/SGeremia_26_585.png,3371,4227,image/png
436_Cannaregio/1_SGeremia/SGeremia_39_886.png,3371,4227,image/png
436_Cannaregio/3_SMariaNova/SMariaNova_12_132.png,3346,4367,image/png
436_Cannaregio/3_SMariaNova/SMariaNova_6_60.png,3346,4367,image/png
436_Cannaregio/3_SMariaNova/SMariaNova_15_164.png,3346,4367,image/png
436_Cannaregio/3_SMariaNova/SMariaNova_10_108.png,3346,4367,image/png
436_Cannaregio/3_SMariaNova/SMariaNova_3_32.png,3346,4367,image/png
436_Cannaregio/3_SMariaNova/SMariaNova_13_141.png,3346,4367,image/png
436_Cannaregio/3_SMariaNova/SMariaNova_16_177.png,3346,4367,image/png
436_Cannaregio/3_SMariaNova/SMariaNova_9_97.png,3346,4367,image/png
436_Cannaregio/3_SMariaNova/SMariaNova_11_120.png,3346,4367,image/png
436_Cannaregio/3_SMariaNova/SMariaNova_0_1.png,3346,4367,image/png
436_Cannaregio/3_SMariaNova/SMariaNova_17_190.png,3346,4367,image/png
436_Cannaregio/3_SMariaNova/SMariaNova_7_71.png,3346,4367,image/png
436_Cannaregio/3_SMariaNova/SMariaNova_5_49.png,3346,4367,image/png
436_Cannaregio/3_SMariaNova/SMariaNova_1_12.png,3346,4367,image/png
436_Cannaregio/3_SMariaNova/SMariaNova_8_84.png,3346,4367,image/png
436_Cannaregio/3_SMariaNova/SMariaNova_2_22.png,3346,4367,image/png
436_Cannaregio/3_SMariaNova/SMariaNova_14_153.png,3346,4367,image/png
436_Cannaregio/3_SMariaNova/SMariaNova_4_41.png,3346,4367,image/png
436_Cannaregio/9_SSofia/SSofia_64_365.png,3354,4195,image/png
436_Cannaregio/9_SSofia/SSofia_123_ni.png,3354,4195,image/png
436_Cannaregio/9_SSofia/SSofia_30_159.png,3354,4195,image/png
436_Cannaregio/9_SSofia/SSofia_107_ni.png,3354,4195,image/png
436_Cannaregio/9_SSofia/SSofia_10_49.png,3354,4195,image/png
436_Cannaregio/9_SSofia/SSofia_42_238.png,3354,4195,image/png
436_Cannaregio/9_SSofia/SSofia_77_448.png,3354,4195,image/png
436_Cannaregio/9_SSofia/SSofia_19_91.png,3354,4195,image/png
436_Cannaregio/9_SSofia/SSofia_120_1.png,3354,4195,image/png
436_Cannaregio/9_SSofia/SSofia_9_45.png,3354,4195,image/png
436_Cannaregio/9_SSofia/SSofia_3_18.png,3354,4195,image/png
436_Cannaregio/9_SSofia/SSofia_26_132.png,3354,4195,image/png
436_Cannaregio/9_SSofia/SSofia_39_217.png,3354,4195,image/png
436_Cannaregio/9_SSofia/SSofia_60_342.png,3354,4195,image/png
436_Cannaregio/9_SSofia/SSofia_34_181.png,3354,4195,image/png
436_Cannaregio/9_SSofia/SSofia_65_371.png,3354,4195,image/png
436_Cannaregio/9_SSofia/SSofia_58_329.png,3354,4195,image/png
436_Cannaregio/9_SSofia/SSofia_68_391.png,3354,4195,image/png
436_Cannaregio/9_SSofia/SSofia_15_69.png,3354,4195,image/png
436_Cannaregio/9_SSofia/SSofia_31_165.png,3354,4195,image/png
436_Cannaregio/9_SSofia/SSofia_45_257.png,3354,4195,image/png
436_Cannaregio/9_SSofia/SSofia_48_274.png,3354,4195,image/png
436_Cannaregio/9_SSofia/SSofia_109_ni.png,3354,4195,image/png
436_Cannaregio/9_SSofia/SSofia_17_79.png,3354,4195,image/png
436_Cannaregio/9_SSofia/SSofia_61_350.png,3354,4195,image/png
436_Cannaregio/9_SSofia/SSofia_105_ni.png,3354,4195,image/png
436_Cannaregio/9_SSofia/SSofia_122_1.png,3354,4195,image/png
436_Cannaregio/9_SSofia/SSofia_23_115.png,3354,4195,image/png
436_Cannaregio/9_SSofia/SSofia_21_103.png,3354,4195,image/png
436_Cannaregio/9_SSofia/SSofia_85_493.png,3354,4195,image/png
436_Cannaregio/9_SSofia/SSofia_66_377.png,3354,4195,image/png
436_Cannaregio/9_SSofia/SSofia_36_195.png,3354,4195,image/png
436_Cannaregio/9_SSofia/SSofia_118_1.png,3354,4195,image/png
436_Cannaregio/9_SSofia/SSofia_47_268.png,3354,4195,image/png
436_Cannaregio/9_SSofia/SSofia_16_75.png,3354,4195,image/png
436_Cannaregio/9_SSofia/SSofia_89_515.png,3354,4195,image/png
436_Cannaregio/9_SSofia/SSofia_11_54.png,3354,4195,image/png
436_Cannaregio/9_SSofia/SSofia_73_423.png,3354,4195,image/png
436_Cannaregio/9_SSofia/SSofia_101_ni.png,3354,4195,image/png
436_Cannaregio/9_SSofia/SSofia_24_119.png,3354,4195,image/png
436_Cannaregio/9_SSofia/SSofia_14_64.png,3354,4195,image/png
436_Cannaregio/9_SSofia/SSofia_98_ni.png,3354,4195,image/png
436_Cannaregio/9_SSofia/SSofia_57_323.png,3354,4195,image/png
436_Cannaregio/9_SSofia/SSofia_94_ni.png,3354,4195,image/png
436_Cannaregio/9_SSofia/SSofia_112_9.png,3354,4195,image/png
436_Cannaregio/9_SSofia/SSofia_25_125.png,3354,4195,image/png
436_Cannaregio/9_SSofia/SSofia_32_171.png,3354,4195,image/png
436_Cannaregio/9_SSofia/SSofia_103_ni.png,3354,4195,image/png
436_Cannaregio/9_SSofia/SSofia_53_299.png,3354,4195,image/png
436_Cannaregio/9_SSofia/SSofia_84_491.png,3354,4195,image/png
436_Cannaregio/9_SSofia/SSofia_96_ni.png,3354,4195,image/png
436_Cannaregio/9_SSofia/SSofia_7_36.png,3354,4195,image/png
436_Cannaregio/9_SSofia/SSofia_62_352.png,3354,4195,image/png
436_Cannaregio/9_SSofia/SSofia_121_1.png,3354,4195,image/png
436_Cannaregio/9_SSofia/SSofia_5_25.png,3354,4195,image/png
436_Cannaregio/9_SSofia/SSofia_63_356.png,3354,4195,image/png
436_Cannaregio/9_SSofia/SSofia_78_456.png,3354,4195,image/png
436_Cannaregio/9_SSofia/SSofia_81_474.png,3354,4195,image/png
436_Cannaregio/9_SSofia/SSofia_79_462.png,3354,4195,image/png
436_Cannaregio/9_SSofia/SSofia_67_384.png,3354,4195,image/png
436_Cannaregio/9_SSofia/SSofia_8_40.png,3354,4195,image/png
436_Cannaregio/9_SSofia/SSofia_80_469.png,3354,4195,image/png
436_Cannaregio/9_SSofia/SSofia_18_84.png,3354,4195,image/png
436_Cannaregio/9_SSofia/SSofia_33_178.png,3354,4195,image/png
436_Cannaregio/9_SSofia/SSofia_106_ni.png,3354,4195,image/png
436_Cannaregio/9_SSofia/SSofia_20_96.png,3354,4195,image/png
436_Cannaregio/9_SSofia/SSofia_41_232.png,3354,4195,image/png
436_Cannaregio/9_SSofia/SSofia_91_526.png,3354,4195,image/png
436_Cannaregio/9_SSofia/SSofia_93_ni.png,3354,4195,image/png
436_Cannaregio/9_SSofia/SSofia_37_203.png,3354,4195,image/png
436_Cannaregio/9_SSofia/SSofia_108_ni.png,3354,4195,image/png
436_Cannaregio/9_SSofia/SSofia_88_508.png,3354,4195,image/png
436_Cannaregio/9_SSofia/SSofia_72_416.png,3354,4195,image/png
436_Cannaregio/9_SSofia/SSofia_0_1.png,3354,4195,image/png
436_Cannaregio/9_SSofia/SSofia_56_317.png,3354,4195,image/png
436_Cannaregio/9_SSofia/SSofia_2_3.png,3354,4195,image/png
436_Cannaregio/9_SSofia/SSofia_104_ni.png,3354,4195,image/png
436_Cannaregio/9_SSofia/SSofia_13_60.png,3354,4195,image/png
436_Cannaregio/9_SSofia/SSofia_116_1.png,3354,4195,image/png
436_Cannaregio/9_SSofia/SSofia_46_262.png,3354,4195,image/png
436_Cannaregio/9_SSofia/SSofia_40_225.png,3354,4195,image/png
436_Cannaregio/9_SSofia/SSofia_90_519.png,3354,4195,image/png
436_Cannaregio/9_SSofia/SSofia_52_297.png,3354,4195,image/png
436_Cannaregio/9_SSofia/SSofia_43_245.png,3354,4195,image/png
436_Cannaregio/9_SSofia/SSofia_114_1.png,3354,4195,image/png
436_Cannaregio/9_SSofia/SSofia_22_109.png,3354,4195,image/png
436_Cannaregio/9_SSofia/SSofia_51_291.png,3354,4195,image/png
436_Cannaregio/9_SSofia/SSofia_99_ni.png,3354,4195,image/png
436_Cannaregio/9_SSofia/SSofia_27_138.png,3354,4195,image/png
436_Cannaregio/9_SSofia/SSofia_95_ni.png,3354,4195,image/png
436_Cannaregio/9_SSofia/SSofia_113_1.png,3354,4195,image/png
436_Cannaregio/9_SSofia/SSofia_87_502.png,3354,4195,image/png
436_Cannaregio/9_SSofia/SSofia_38_209.png,3354,4195,image/png
436_Cannaregio/9_SSofia/SSofia_100_ni.png,3354,4195,image/png
436_Cannaregio/9_SSofia/SSofia_59_335.png,3354,4195,image/png
436_Cannaregio/9_SSofia/SSofia_69_399.png,3354,4195,image/png
436_Cannaregio/9_SSofia/SSofia_29_152.png,3354,4195,image/png
436_Cannaregio/9_SSofia/SSofia_86_498.png,3354,4195,image/png
436_Cannaregio/9_SSofia/SSofia_55_311.png,3354,4195,image/png
436_Cannaregio/9_SSofia/SSofia_49_280.png,3354,4195,image/png
436_Cannaregio/9_SSofia/SSofia_6_30.png,3354,4195,image/png
436_Cannaregio/9_SSofia/SSofia_82_479.png,3354,4195,image/png
436_Cannaregio/9_SSofia/SSofia_119.png,3354,4195,image/png
436_Cannaregio/9_SSofia/SSofia_44_249.png,3354,4195,image/png
436_Cannaregio/9_SSofia/SSofia_71_411.png,3354,4195,image/png
436_Cannaregio/9_SSofia/SSofia_111_1.png,3354,4195,image/png
436_Cannaregio/9_SSofia/SSofia_92_530.png,3354,4195,image/png
436_Cannaregio/9_SSofia/SSofia_35_188.png,3354,4195,image/png
436_Cannaregio/9_SSofia/SSofia_115_1.png,3354,4195,image/png
436_Cannaregio/9_SSofia/SSofia_4_24.png,3354,4195,image/png
436_Cannaregio/9_SSofia/SSofia_76_441.png,3354,4195,image/png
436_Cannaregio/9_SSofia/SSofia_83_487.png,3354,4195,image/png
436_Cannaregio/9_SSofia/SSofia_54_304.png,3354,4195,image/png
436_Cannaregio/9_SSofia/SSofia_12_57.png,3354,4195,image/png
436_Cannaregio/9_SSofia/SSofia_74_431.png,3354,4195,image/png
436_Cannaregio/9_SSofia/SSofia_28_145.png,3354,4195,image/png
436_Cannaregio/9_SSofia/SSofia_50_285.png,3354,4195,image/png
436_Cannaregio/9_SSofia/SSofia_75_436.png,3354,4195,image/png
436_Cannaregio/9_SSofia/SSofia_97_ni.png,3354,4195,image/png
436_Cannaregio/9_SSofia/SSofia_1.png,3354,4195,image/png
436_Cannaregio/9_SSofia/SSofia_110_ni.png,3354,4195,image/png
436_Cannaregio/9_SSofia/SSofia_70_406.png,3354,4195,image/png
436_Cannaregio/9_SSofia/SSofia_117_1_1.png,3354,4195,image/png
436_Cannaregio/9_SSofia/SSofia_102_ni.png,3354,4195,image/png
436_Cannaregio/12_SGiovanniGrisostomo/SGiovanniGrisostomo_11_ni.png,3633,4116,image/png
436_Cannaregio/12_SGiovanniGrisostomo/SGiovanniGrisostomo_3_ni.png,3633,4116,image/png
436_Cannaregio/12_SGiovanniGrisostomo/SGiovanniGrisostomo_31_111.png,3633,4116,image/png
436_Cannaregio/12_SGiovanniGrisostomo/SGiovanniGrisostomo_24_35.png,3633,4116,image/png
436_Cannaregio/12_SGiovanniGrisostomo/SGiovanniGrisostomo_27_64.png,3633,4116,image/png
436_Cannaregio/12_SGiovanniGrisostomo/SGiovanniGrisostomo_21_10.png,3633,4116,image/png
436_Cannaregio/12_SGiovanniGrisostomo/SGiovanniGrisostomo_37_179.png,3633,4116,image/png
436_Cannaregio/12_SGiovanniGrisostomo/SGiovanniGrisostomo_13_ni.png,3633,4116,image/png
436_Cannaregio/12_SGiovanniGrisostomo/SGiovanniGrisostomo_29_88.png,3633,4116,image/png
436_Cannaregio/12_SGiovanniGrisostomo/SGiovanniGrisostomo_1_ni.png,3633,4116,image/png
436_Cannaregio/12_SGiovanniGrisostomo/SGiovanniGrisostomo_22_18.png,3633,4116,image/png
436_Cannaregio/12_SGiovanniGrisostomo/SGiovanniGrisostomo_5_ni.png,3633,4116,image/png
436_Cannaregio/12_SGiovanniGrisostomo/SGiovanniGrisostomo_9_ni.png,3633,4116,image/png
436_Cannaregio/12_SGiovanniGrisostomo/SGiovanniGrisostomo_17_ni.png,3633,4116,image/png
436_Cannaregio/12_SGiovanniGrisostomo/SGiovanniGrisostomo_35_156.png,3633,4116,image/png
436_Cannaregio/12_SGiovanniGrisostomo/SGiovanniGrisostomo_7_ni.png,3633,4116,image/png
436_Cannaregio/12_SGiovanniGrisostomo/SGiovanniGrisostomo_26_53.png,3633,4116,image/png
436_Cannaregio/12_SGiovanniGrisostomo/SGiovanniGrisostomo_19_ni.png,3633,4116,image/png
436_Cannaregio/12_SGiovanniGrisostomo/SGiovanniGrisostomo_15_ni.png,3633,4116,image/png
436_Cannaregio/12_SGiovanniGrisostomo/SGiovanniGrisostomo_34_145.png,3633,4116,image/png
436_Cannaregio/12_SGiovanniGrisostomo/SGiovanniGrisostomo_38_191.png,3633,4116,image/png
436_Cannaregio/12_SGiovanniGrisostomo/SGiovanniGrisostomo_2_ni.png,3633,4116,image/png
436_Cannaregio/12_SGiovanniGrisostomo/SGiovanniGrisostomo_20_1.png,3633,4116,image/png
436_Cannaregio/12_SGiovanniGrisostomo/SGiovanniGrisostomo_10_ni.png,3633,4116,image/png
436_Cannaregio/12_SGiovanniGrisostomo/SGiovanniGrisostomo_0_ni.png,3633,4116,image/png
436_Cannaregio/12_SGiovanniGrisostomo/SGiovanniGrisostomo_32_122.png,3633,4116,image/png
436_Cannaregio/12_SGiovanniGrisostomo/SGiovanniGrisostomo_28_76.png,3633,4116,image/png
436_Cannaregio/12_SGiovanniGrisostomo/SGiovanniGrisostomo_33_133.png,3633,4116,image/png
436_Cannaregio/12_SGiovanniGrisostomo/SGiovanniGrisostomo_12_ni.png,3633,4116,image/png
436_Cannaregio/12_SGiovanniGrisostomo/SGiovanniGrisostomo_16_ni.png,3633,4116,image/png
436_Cannaregio/12_SGiovanniGrisostomo/SGiovanniGrisostomo_23_27.png,3633,4116,image/png
436_Cannaregio/12_SGiovanniGrisostomo/SGiovanniGrisostomo_4_ni.png,3633,4116,image/png
436_Cannaregio/12_SGiovanniGrisostomo/SGiovanniGrisostomo_8_ni.png,3633,4116,image/png
436_Cannaregio/12_SGiovanniGrisostomo/SGiovanniGrisostomo_36_167.png,3633,4116,image/png
436_Cannaregio/12_SGiovanniGrisostomo/SGiovanniGrisostomo_30_99.png,3633,4116,image/png
436_Cannaregio/12_SGiovanniGrisostomo/SGiovanniGrisostomo_25_44.png,3633,4116,image/png
436_Cannaregio/12_SGiovanniGrisostomo/SGiovanniGrisostomo_18_ni.png,3633,4116,image/png
436_Cannaregio/12_SGiovanniGrisostomo/SGiovanniGrisostomo_14_ni.png,3633,4116,image/png
436_Cannaregio/12_SGiovanniGrisostomo/SGiovanniGrisostomo_6_ni.png,3633,4116,image/png
436_Cannaregio/4_SMariaMaddalena/SMariaMaddalena_8_117.png,3469,4367,image/png
436_Cannaregio/4_SMariaMaddalena/SMariaMaddalena_1_14.png,3469,4367,image/png
436_Cannaregio/4_SMariaMaddalena/SMariaMaddalena_5_75.png,3469,4367,image/png
436_Cannaregio/4_SMariaMaddalena/SMariaMaddalena_0_1.png,3469,4367,image/png
436_Cannaregio/4_SMariaMaddalena/SMariaMaddalena_7_104.png,3469,4367,image/png
436_Cannaregio/4_SMariaMaddalena/SMariaMaddalena_6_89.png,3469,4367,image/png
436_Cannaregio/4_SMariaMaddalena/SMariaMaddalena_4_59.png,3469,4367,image/png
436_Cannaregio/4_SMariaMaddalena/SMariaMaddalena_2_29.png,3469,4367,image/png
436_Cannaregio/4_SMariaMaddalena/SMariaMaddalena_3_42.png,3469,4367,image/png
436_Cannaregio/10_SFelice/SFelice_27_264.png,3477,4116,image/png
436_Cannaregio/10_SFelice/SFelice_32_297.png,3477,4116,image/png
436_Cannaregio/10_SFelice/SFelice_4_53.png,3477,4116,image/png
436_Cannaregio/10_SFelice/SFelice_8_92.png,3477,4116,image/png
436_Cannaregio/10_SFelice/SFelice_2_25.png,3477,4116,image/png
436_Cannaregio/10_SFelice/SFelice_0_1.png,3477,4116,image/png
436_Cannaregio/10_SFelice/SFelice_28_269.png,3477,4116,image/png
436_Cannaregio/10_SFelice/SFelice_1_12.png,3477,4116,image/png
436_Cannaregio/10_SFelice/SFelice_19_188.png,3477,4116,image/png
436_Cannaregio/10_SFelice/SFelice_3_38.png,3477,4116,image/png
436_Cannaregio/10_SFelice/SFelice_5_64.png,3477,4116,image/png
436_Cannaregio/10_SFelice/SFelice_30_283.png,3477,4116,image/png
436_Cannaregio/10_SFelice/SFelice_31_290.png,3477,4116,image/png
436_Cannaregio/10_SFelice/SFelice_23_223.png,3477,4116,image/png
436_Cannaregio/10_SFelice/SFelice_9_98.png,3477,4116,image/png
436_Cannaregio/10_SFelice/SFelice_15_157.png,3477,4116,image/png
436_Cannaregio/10_SFelice/SFelice_12_127.png,3477,4116,image/png
436_Cannaregio/10_SFelice/SFelice_13_136.png,3477,4116,image/png
436_Cannaregio/10_SFelice/SFelice_14_148.png,3477,4116,image/png
436_Cannaregio/10_SFelice/SFelice_7_82.png,3477,4116,image/png
436_Cannaregio/10_SFelice/SFelice_29_277.png,3477,4116,image/png
436_Cannaregio/10_SFelice/SFelice_25_244.png,3477,4116,image/png
436_Cannaregio/10_SFelice/SFelice_18_183.png,3477,4116,image/png
436_Cannaregio/10_SFelice/SFelice_22_213.png,3477,4116,image/png
436_Cannaregio/10_SFelice/SFelice_33_305.png,3477,4116,image/png
436_Cannaregio/10_SFelice/SFelice_10_109.png,3477,4116,image/png
436_Cannaregio/10_SFelice/SFelice_20_199.png,3477,4116,image/png
436_Cannaregio/10_SFelice/SFelice_16_166.png,3477,4116,image/png
436_Cannaregio/10_SFelice/SFelice_17_176.png,3477,4116,image/png
436_Cannaregio/10_SFelice/SFelice_21_206.png,3477,4116,image/png
436_Cannaregio/10_SFelice/SFelice_26_253.png,3477,4116,image/png
436_Cannaregio/10_SFelice/SFelice_11_120.png,3477,4116,image/png
436_Cannaregio/10_SFelice/SFelice_6_75.png,3477,4116,image/png
436_Cannaregio/10_SFelice/SFelice_24_235.png,3477,4116,image/png
436_Cannaregio/11_SCancian/SCancian_33_500.png,3600,4047,image/png
436_Cannaregio/11_SCancian/SCancian_8_103.png,3600,4047,image/png
436_Cannaregio/11_SCancian/SCancian_25_369.png,3600,4047,image/png
436_Cannaregio/11_SCancian/SCancian_24_350.png,3600,4047,image/png
436_Cannaregio/11_SCancian/SCancian_22_315.png,3600,4047,image/png
436_Cannaregio/11_SCancian/SCancian_4_47.png,3600,4047,image/png
436_Cannaregio/11_SCancian/SCancian_9_117.png,3600,4047,image/png
436_Cannaregio/11_SCancian/SCancian_2_23.png,3600,4047,image/png
436_Cannaregio/11_SCancian/SCancian_16_214.png,3600,4047,image/png
436_Cannaregio/11_SCancian/SCancian_6_78.png,3600,4047,image/png
436_Cannaregio/11_SCancian/SCancian_40_599.png,3600,4047,image/png
436_Cannaregio/11_SCancian/SCancian_11_144.png,3600,4047,image/png
436_Cannaregio/11_SCancian/SCancian_15_199.png,3600,4047,image/png
436_Cannaregio/11_SCancian/SCancian_5_65.png,3600,4047,image/png
436_Cannaregio/11_SCancian/SCancian_31_464.png,3600,4047,image/png
436_Cannaregio/11_SCancian/SCancian_21_299.png,3600,4047,image/png
436_Cannaregio/11_SCancian/SCancian_35_535.png,3600,4047,image/png
436_Cannaregio/11_SCancian/SCancian_1_12.png,3600,4047,image/png
436_Cannaregio/11_SCancian/SCancian_41_609.png,3600,4047,image/png
436_Cannaregio/11_SCancian/SCancian_34_517.png,3600,4047,image/png
436_Cannaregio/11_SCancian/SCancian_26_389.png,3600,4047,image/png
436_Cannaregio/11_SCancian/SCancian_39_ni.png,3600,4047,image/png
436_Cannaregio/11_SCancian/SCancian_36_549.png,3600,4047,image/png
436_Cannaregio/11_SCancian/SCancian_14_185.png,3600,4047,image/png
436_Cannaregio/11_SCancian/SCancian_30_451.png,3600,4047,image/png
436_Cannaregio/11_SCancian/SCancian_20_282.png,3600,4047,image/png
436_Cannaregio/11_SCancian/SCancian_37_566.png,3600,4047,image/png
436_Cannaregio/11_SCancian/SCancian_27_406.png,3600,4047,image/png
436_Cannaregio/11_SCancian/SCancian_3_36.png,3600,4047,image/png
436_Cannaregio/11_SCancian/SCancian_7_91.png,3600,4047,image/png
436_Cannaregio/11_SCancian/SCancian_29_436.png,3600,4047,image/png
436_Cannaregio/11_SCancian/SCancian_23_332.png,3600,4047,image/png
436_Cannaregio/11_SCancian/SCancian_0_01.png,3600,4047,image/png
436_Cannaregio/11_SCancian/SCancian_10_129.png,3600,4047,image/png
436_Cannaregio/11_SCancian/SCancian_12_158.png,3600,4047,image/png
436_Cannaregio/11_SCancian/SCancian_18_248.png,3600,4047,image/png
436_Cannaregio/11_SCancian/SCancian_19_265.png,3600,4047,image/png
436_Cannaregio/11_SCancian/SCancian_32_481.png,3600,4047,image/png
436_Cannaregio/11_SCancian/SCancian_28_421.png,3600,4047,image/png
436_Cannaregio/11_SCancian/SCancian_38_583.png,3600,4047,image/png
436_Cannaregio/11_SCancian/SCancian_17_231.png,3600,4047,image/png
436_Cannaregio/11_SCancian/SCancian_13_172.png,3600,4047,image/png
436_Cannaregio/7_SMarcilian/SMarcilian_5_76.png,3403,3876,image/png
436_Cannaregio/7_SMarcilian/SMarcilian_0_1.png,3403,3876,image/png
436_Cannaregio/7_SMarcilian/SMarcilian_1_13.png,3403,3876,image/png
436_Cannaregio/7_SMarcilian/SMarcilian_8_122.png,3403,3876,image/png
436_Cannaregio/7_SMarcilian/SMarcilian_15_234.png,3403,3876,image/png
436_Cannaregio/7_SMarcilian/SMarcilian_21_327.png,3403,3876,image/png
436_Cannaregio/7_SMarcilian/SMarcilian_29_447.png,3403,3876,image/png
436_Cannaregio/7_SMarcilian/SMarcilian_23_356.png,3403,3876,image/png
436_Cannaregio/7_SMarcilian/SMarcilian_16_250.png,3403,3876,image/png
436_Cannaregio/7_SMarcilian/SMarcilian_37_560.png,3403,3876,image/png
436_Cannaregio/7_SMarcilian/SMarcilian_22_343.png,3403,3876,image/png
436_Cannaregio/7_SMarcilian/SMarcilian_9_136.png,3403,3876,image/png
436_Cannaregio/7_SMarcilian/SMarcilian_31_479.png,3403,3876,image/png
436_Cannaregio/7_SMarcilian/SMarcilian_26_405.png,3403,3876,image/png
436_Cannaregio/7_SMarcilian/SMarcilian_34_517.png,3403,3876,image/png
436_Cannaregio/7_SMarcilian/SMarcilian_13_199.png,3403,3876,image/png
436_Cannaregio/7_SMarcilian/SMarcilian_19_298.png,3403,3876,image/png
436_Cannaregio/7_SMarcilian/SMarcilian_39_590.png,3403,3876,image/png
436_Cannaregio/7_SMarcilian/SMarcilian_41.png,3403,3876,image/png
436_Cannaregio/7_SMarcilian/SMarcilian_7_107.png,3403,3876,image/png
436_Cannaregio/7_SMarcilian/SMarcilian_6_91.png,3403,3876,image/png
436_Cannaregio/7_SMarcilian/SMarcilian_28_432.png,3403,3876,image/png
436_Cannaregio/7_SMarcilian/SMarcilian_24_372.png,3403,3876,image/png
436_Cannaregio/7_SMarcilian/SMarcilian_32_492.png,3403,3876,image/png
436_Cannaregio/7_SMarcilian/SMarcilian_2_30.png,3403,3876,image/png
436_Cannaregio/7_SMarcilian/SMarcilian_25_389.png,3403,3876,image/png
436_Cannaregio/7_SMarcilian/SMarcilian_38_576.png,3403,3876,image/png
436_Cannaregio/7_SMarcilian/SMarcilian_33_505.png,3403,3876,image/png
436_Cannaregio/7_SMarcilian/SMarcilian_18_283.png,3403,3876,image/png
436_Cannaregio/7_SMarcilian/SMarcilian_3_47.png,3403,3876,image/png
436_Cannaregio/7_SMarcilian/SMarcilian_12_184.png,3403,3876,image/png
436_Cannaregio/7_SMarcilian/SMarcilian_4_64.png,3403,3876,image/png
436_Cannaregio/7_SMarcilian/SMarcilian_11_169.png,3403,3876,image/png
436_Cannaregio/7_SMarcilian/SMarcilian_17_267.png,3403,3876,image/png
436_Cannaregio/7_SMarcilian/SMarcilian_27_418.png,3403,3876,image/png
436_Cannaregio/7_SMarcilian/SMarcilian_20_313.png,3403,3876,image/png
436_Cannaregio/7_SMarcilian/SMarcilian_35_531.png,3403,3876,image/png
436_Cannaregio/7_SMarcilian/SMarcilian_40_605.png,3403,3876,image/png
436_Cannaregio/7_SMarcilian/SMarcilian_30_463.png,3403,3876,image/png
436_Cannaregio/7_SMarcilian/SMarcilian_10_154.png,3403,3876,image/png
436_Cannaregio/7_SMarcilian/SMarcilian_14_216.png,3403,3876,image/png
436_Cannaregio/7_SMarcilian/SMarcilian_36_546.png,3403,3876,image/png
436_Cannaregio/6_SFosca/SFosca_10_76.png,3199,3966,image/png
436_Cannaregio/6_SFosca/SFosca_4_33.png,3199,3966,image/png
436_Cannaregio/6_SFosca/SFosca_20_156.png,3199,3966,image/png
436_Cannaregio/6_SFosca/SFosca_9_70.png,3199,3966,image/png
436_Cannaregio/6_SFosca/SFosca_11_83.png,3199,3966,image/png
436_Cannaregio/6_SFosca/SFosca_1_9.png,3199,3966,image/png
436_Cannaregio/6_SFosca/SFosca_17_134.png,3199,3966,image/png
436_Cannaregio/6_SFosca/SFosca_16_122.png,3199,3966,image/png
436_Cannaregio/6_SFosca/SFosca_2_16.png,3199,3966,image/png
436_Cannaregio/6_SFosca/SFosca_8_62.png,3199,3966,image/png
436_Cannaregio/6_SFosca/SFosca_13_98.png,3199,3966,image/png
436_Cannaregio/6_SFosca/SFosca_18_144.png,3199,3966,image/png
436_Cannaregio/6_SFosca/SFosca_6_49.png,3199,3966,image/png
436_Cannaregio/6_SFosca/SFosca_19_153.png,3199,3966,image/png
436_Cannaregio/6_SFosca/SFosca_5_40.png,3199,3966,image/png
436_Cannaregio/6_SFosca/SFosca_12_91.png,3199,3966,image/png
436_Cannaregio/6_SFosca/SFosca_0_1.png,3199,3966,image/png
436_Cannaregio/6_SFosca/SFosca_14_105.png,3199,3966,image/png
436_Cannaregio/6_SFosca/SFosca_15_114.png,3199,3966,image/png
436_Cannaregio/6_SFosca/SFosca_7_56.png,3199,3966,image/png
436_Cannaregio/6_SFosca/SFosca_3_24.png,3199,3966,image/png
436_Cannaregio/2_SMarcuola/SMarcuola_65_1130.png,3346,4367,image/png
436_Cannaregio/2_SMarcuola/SMarcuola_17_276.png,3346,4367,image/png
436_Cannaregio/2_SMarcuola/SMarcuola_77_1314.png,3346,4367,image/png
436_Cannaregio/2_SMarcuola/SMarcuola_70_1198.png,3346,4367,image/png
436_Cannaregio/2_SMarcuola/SMarcuola_61_1070.png,3346,4367,image/png
436_Cannaregio/2_SMarcuola/SMarcuola_68_1168.png,3346,4367,image/png
436_Cannaregio/2_SMarcuola/SMarcuola_48.png,3346,4367,image/png
436_Cannaregio/2_SMarcuola/SMarcuola_67_1149.png,3346,4367,image/png
436_Cannaregio/2_SMarcuola/SMarcuola_10_143.png,3346,4367,image/png
436_Cannaregio/2_SMarcuola/SMarcuola_49.png,3346,4367,image/png
436_Cannaregio/2_SMarcuola/SMarcuola_69_1182.png,3346,4367,image/png
436_Cannaregio/2_SMarcuola/SMarcuola_23_400.png,3346,4367,image/png
436_Cannaregio/2_SMarcuola/SMarcuola_78_1330.png,3346,4367,image/png
436_Cannaregio/2_SMarcuola/SMarcuola_54_964.png,3346,4367,image/png
436_Cannaregio/2_SMarcuola/SMarcuola_39_738.png,3346,4367,image/png
436_Cannaregio/2_SMarcuola/SMarcuola_25_440.png,3346,4367,image/png
436_Cannaregio/2_SMarcuola/SMarcuola_1_12.png,3346,4367,image/png
436_Cannaregio/2_SMarcuola/SMarcuola_40_760.png,3346,4367,image/png
436_Cannaregio/2_SMarcuola/SMarcuola_28_501.png,3346,4367,image/png
436_Cannaregio/2_SMarcuola/SMarcuola_52_922.png,3346,4367,image/png
436_Cannaregio/2_SMarcuola/SMarcuola_38_716.png,3346,4367,image/png
436_Cannaregio/2_SMarcuola/SMarcuola_71_1216.png,3346,4367,image/png
436_Cannaregio/2_SMarcuola/SMarcuola_35_655.png,3346,4367,image/png
436_Cannaregio/2_SMarcuola/SMarcuola_24_421.png,3346,4367,image/png
436_Cannaregio/2_SMarcuola/SMarcuola_0_1.png,3346,4367,image/png
436_Cannaregio/2_SMarcuola/SMarcuola_2_26.png,3346,4367,image/png
436_Cannaregio/2_SMarcuola/SMarcuola_45_871.png,3346,4367,image/png
436_Cannaregio/2_SMarcuola/SMarcuola_19_322.png,3346,4367,image/png
436_Cannaregio/2_SMarcuola/SMarcuola_75_1279.png,3346,4367,image/png
436_Cannaregio/2_SMarcuola/SMarcuola_53_943.png,3346,4367,image/png
436_Cannaregio/2_SMarcuola/SMarcuola_79_1343.png,3346,4367,image/png
436_Cannaregio/2_SMarcuola/SMarcuola_12_179.png,3346,4367,image/png
436_Cannaregio/2_SMarcuola/SMarcuola_13_197.png,3346,4367,image/png
436_Cannaregio/2_SMarcuola/SMarcuola_21_358.png,3346,4367,image/png
436_Cannaregio/2_SMarcuola/SMarcuola_4_55.png,3346,4367,image/png
436_Cannaregio/2_SMarcuola/SMarcuola_36_682.png,3346,4367,image/png
436_Cannaregio/2_SMarcuola/SMarcuola_34_630.png,3346,4367,image/png
436_Cannaregio/2_SMarcuola/SMarcuola_6_78.png,3346,4367,image/png
436_Cannaregio/2_SMarcuola/SMarcuola_62_1085.png,3346,4367,image/png
436_Cannaregio/2_SMarcuola/SMarcuola_72_1233.png,3346,4367,image/png
436_Cannaregio/2_SMarcuola/SMarcuola_27_478.png,3346,4367,image/png
436_Cannaregio/2_SMarcuola/SMarcuola_8_112.png,3346,4367,image/png
436_Cannaregio/2_SMarcuola/SMarcuola_50_892.png,3346,4367,image/png
436_Cannaregio/2_SMarcuola/SMarcuola_42_805.png,3346,4367,image/png
436_Cannaregio/2_SMarcuola/SMarcuola_26_459.png,3346,4367,image/png
436_Cannaregio/2_SMarcuola/SMarcuola_43_829.png,3346,4367,image/png
436_Cannaregio/2_SMarcuola/SMarcuola_66_1136.png,3346,4367,image/png
436_Cannaregio/2_SMarcuola/SMarcuola_9_125.png,3346,4367,image/png
436_Cannaregio/2_SMarcuola/SMarcuola_51_903.png,3346,4367,image/png
436_Cannaregio/2_SMarcuola/SMarcuola_30_546.png,3346,4367,image/png
436_Cannaregio/2_SMarcuola/SMarcuola_3_40.png,3346,4367,image/png
436_Cannaregio/2_SMarcuola/SMarcuola_20_341.png,3346,4367,image/png
436_Cannaregio/2_SMarcuola/SMarcuola_37_705.png,3346,4367,image/png
436_Cannaregio/2_SMarcuola/SMarcuola_18_300.png,3346,4367,image/png
436_Cannaregio/2_SMarcuola/SMarcuola_44_853.png,3346,4367,image/png
436_Cannaregio/2_SMarcuola/SMarcuola_31_568.png,3346,4367,image/png
436_Cannaregio/2_SMarcuola/SMarcuola_74_1263.png,3346,4367,image/png
436_Cannaregio/2_SMarcuola/SMarcuola_59_1051.png,3346,4367,image/png
436_Cannaregio/2_SMarcuola/SMarcuola_63_1099.png,3346,4367,image/png
436_Cannaregio/2_SMarcuola/SMarcuola_33_609.png,3346,4367,image/png
436_Cannaregio/2_SMarcuola/SMarcuola_57_1017.png,3346,4367,image/png
436_Cannaregio/2_SMarcuola/SMarcuola_32_585.png,3346,4367,image/png
436_Cannaregio/2_SMarcuola/SMarcuola_29_521.png,3346,4367,image/png
436_Cannaregio/2_SMarcuola/SMarcuola_73_1249.png,3346,4367,image/png
436_Cannaregio/2_SMarcuola/SMarcuola_60_1053.png,3346,4367,image/png
436_Cannaregio/2_SMarcuola/SMarcuola_41_783.png,3346,4367,image/png
436_Cannaregio/2_SMarcuola/SMarcuola_22_380.png,3346,4367,image/png
436_Cannaregio/2_SMarcuola/SMarcuola_64_1113.png,3346,4367,image/png
436_Cannaregio/2_SMarcuola/SMarcuola_76_1297.png,3346,4367,image/png
436_Cannaregio/2_SMarcuola/SMarcuola_58_1034.png,3346,4367,image/png
436_Cannaregio/2_SMarcuola/SMarcuola_56_1001.png,3346,4367,image/png
436_Cannaregio/2_SMarcuola/SMarcuola_14_218.png,3346,4367,image/png
436_Cannaregio/2_SMarcuola/SMarcuola_15_236.png,3346,4367,image/png
436_Cannaregio/2_SMarcuola/SMarcuola_7_93.png,3346,4367,image/png
436_Cannaregio/2_SMarcuola/SMarcuola_47.png,3346,4367,image/png
436_Cannaregio/2_SMarcuola/SMarcuola_55_980.png,3346,4367,image/png
436_Cannaregio/2_SMarcuola/SMarcuola_46.png,3346,4367,image/png
436_Cannaregio/2_SMarcuola/SMarcuola_11_161.png,3346,4367,image/png
436_Cannaregio/2_SMarcuola/SMarcuola_5_68.png,3346,4367,image/png
436_Cannaregio/2_SMarcuola/SMarcuola_16_257.png,3346,4367,image/png
436_Cannaregio/8_SSApostoli/SSApostoli_65_529.png,3077,3876,image/png
436_Cannaregio/8_SSApostoli/SSApostoli_12_94.png,3077,3876,image/png
436_Cannaregio/8_SSApostoli/SSApostoli_1_14.png,3077,3876,image/png
436_Cannaregio/8_SSApostoli/SSApostoli_35_287.png,3077,3876,image/png
436_Cannaregio/8_SSApostoli/SSApostoli_27_221.png,3077,3876,image/png
436_Cannaregio/8_SSApostoli/SSApostoli_34_280.png,3077,3876,image/png
436_Cannaregio/8_SSApostoli/SSApostoli_57_469.png,3077,3876,image/png
436_Cannaregio/8_SSApostoli/SSApostoli_83_639.png,3077,3876,image/png
436_Cannaregio/8_SSApostoli/SSApostoli_38_314.png,3077,3876,image/png
436_Cannaregio/8_SSApostoli/SSApostoli_0_1.png,3077,3876,image/png
436_Cannaregio/8_SSApostoli/SSApostoli_73_580.png,3077,3876,image/png
436_Cannaregio/8_SSApostoli/SSApostoli_18_150.png,3077,3876,image/png
436_Cannaregio/8_SSApostoli/SSApostoli_31_248.png,3077,3876,image/png
436_Cannaregio/8_SSApostoli/SSApostoli_72_578.png,3077,3876,image/png
436_Cannaregio/8_SSApostoli/SSApostoli_61_492.png,3077,3876,image/png
436_Cannaregio/8_SSApostoli/SSApostoli_84_643.png,3077,3876,image/png
436_Cannaregio/8_SSApostoli/SSApostoli_48_401.png,3077,3876,image/png
436_Cannaregio/8_SSApostoli/SSApostoli_55_451.png,3077,3876,image/png
436_Cannaregio/8_SSApostoli/SSApostoli_43_365.png,3077,3876,image/png
436_Cannaregio/8_SSApostoli/SSApostoli_68_556.png,3077,3876,image/png
436_Cannaregio/8_SSApostoli/SSApostoli_21_172.png,3077,3876,image/png
436_Cannaregio/8_SSApostoli/SSApostoli_47_393.png,3077,3876,image/png
436_Cannaregio/8_SSApostoli/SSApostoli_32_258.png,3077,3876,image/png
436_Cannaregio/8_SSApostoli/SSApostoli_4_41.png,3077,3876,image/png
436_Cannaregio/8_SSApostoli/SSApostoli_58_474.png,3077,3876,image/png
436_Cannaregio/8_SSApostoli/SSApostoli_46_386.png,3077,3876,image/png
436_Cannaregio/8_SSApostoli/SSApostoli_20_166.png,3077,3876,image/png
436_Cannaregio/8_SSApostoli/SSApostoli_14_115.png,3077,3876,image/png
436_Cannaregio/8_SSApostoli/SSApostoli_54_445.png,3077,3876,image/png
436_Cannaregio/8_SSApostoli/SSApostoli_33_272.png,3077,3876,image/png
436_Cannaregio/8_SSApostoli/SSApostoli_6_52.png,3077,3876,image/png
436_Cannaregio/8_SSApostoli/SSApostoli_2_22.png,3077,3876,image/png
436_Cannaregio/8_SSApostoli/SSApostoli_36_295.png,3077,3876,image/png
436_Cannaregio/8_SSApostoli/SSApostoli_52_429.png,3077,3876,image/png
436_Cannaregio/8_SSApostoli/SSApostoli_42_356.png,3077,3876,image/png
436_Cannaregio/8_SSApostoli/SSApostoli_59_481.png,3077,3876,image/png
436_Cannaregio/8_SSApostoli/SSApostoli_70_566.png,3077,3876,image/png
436_Cannaregio/8_SSApostoli/SSApostoli_66_537.png,3077,3876,image/png
436_Cannaregio/8_SSApostoli/SSApostoli_62_502.png,3077,3876,image/png
436_Cannaregio/8_SSApostoli/SSApostoli_69_564.png,3077,3876,image/png
436_Cannaregio/8_SSApostoli/SSApostoli_80_618.png,3077,3876,image/png
436_Cannaregio/8_SSApostoli/SSApostoli_78_603.png,3077,3876,image/png
436_Cannaregio/8_SSApostoli/SSApostoli_63_511.png,3077,3876,image/png
436_Cannaregio/8_SSApostoli/SSApostoli_25_205.png,3077,3876,image/png
436_Cannaregio/8_SSApostoli/SSApostoli_11_85.png,3077,3876,image/png
436_Cannaregio/8_SSApostoli/SSApostoli_28_226.png,3077,3876,image/png
436_Cannaregio/8_SSApostoli/SSApostoli_79_611.png,3077,3876,image/png
436_Cannaregio/8_SSApostoli/SSApostoli_53_437.png,3077,3876,image/png
436_Cannaregio/8_SSApostoli/SSApostoli_81_626.png,3077,3876,image/png
436_Cannaregio/8_SSApostoli/SSApostoli_24_199.png,3077,3876,image/png
436_Cannaregio/8_SSApostoli/SSApostoli_29_233.png,3077,3876,image/png
436_Cannaregio/8_SSApostoli/SSApostoli_8_60.png,3077,3876,image/png
436_Cannaregio/8_SSApostoli/SSApostoli_74_583.png,3077,3876,image/png
436_Cannaregio/8_SSApostoli/SSApostoli_37_305.png,3077,3876,image/png
436_Cannaregio/8_SSApostoli/SSApostoli_71_572.png,3077,3876,image/png
436_Cannaregio/8_SSApostoli/SSApostoli_17_142.png,3077,3876,image/png
436_Cannaregio/8_SSApostoli/SSApostoli_75_584.png,3077,3876,image/png
436_Cannaregio/8_SSApostoli/SSApostoli_15_126.png,3077,3876,image/png
436_Cannaregio/8_SSApostoli/SSApostoli_49_409.png,3077,3876,image/png
436_Cannaregio/8_SSApostoli/SSApostoli_23_194.png,3077,3876,image/png
436_Cannaregio/8_SSApostoli/SSApostoli_16_135.png,3077,3876,image/png
436_Cannaregio/8_SSApostoli/SSApostoli_30_240.png,3077,3876,image/png
436_Cannaregio/8_SSApostoli/SSApostoli_22_184.png,3077,3876,image/png
436_Cannaregio/8_SSApostoli/SSApostoli_44_371.png,3077,3876,image/png
436_Cannaregio/8_SSApostoli/SSApostoli_51_425.png,3077,3876,image/png
436_Cannaregio/8_SSApostoli/SSApostoli_45_377.png,3077,3876,image/png
436_Cannaregio/8_SSApostoli/SSApostoli_67_547.png,3077,3876,image/png
436_Cannaregio/8_SSApostoli/SSApostoli_3_32.png,3077,3876,image/png
436_Cannaregio/8_SSApostoli/SSApostoli_19_159.png,3077,3876,image/png
436_Cannaregio/8_SSApostoli/SSApostoli_39_324.png,3077,3876,image/png
436_Cannaregio/8_SSApostoli/SSApostoli_13_102.png,3077,3876,image/png
436_Cannaregio/8_SSApostoli/SSApostoli_5_43.png,3077,3876,image/png
436_Cannaregio/8_SSApostoli/SSApostoli_50_418.png,3077,3876,image/png
436_Cannaregio/8_SSApostoli/SSApostoli_60_488.png,3077,3876,image/png
436_Cannaregio/8_SSApostoli/SSApostoli_56_460.png,3077,3876,image/png
436_Cannaregio/8_SSApostoli/SSApostoli_7_53.png,3077,3876,image/png
436_Cannaregio/8_SSApostoli/SSApostoli_77_597.png,3077,3876,image/png
436_Cannaregio/8_SSApostoli/SSApostoli_76_592.png,3077,3876,image/png
436_Cannaregio/8_SSApostoli/SSApostoli_40_341.png,3077,3876,image/png
436_Cannaregio/8_SSApostoli/SSApostoli_41_350.png,3077,3876,image/png
436_Cannaregio/8_SSApostoli/SSApostoli_82_633.png,3077,3876,image/png
436_Cannaregio/8_SSApostoli/SSApostoli_64_521.png,3077,3876,image/png
436_Cannaregio/8_SSApostoli/SSApostoli_10_77.png,3077,3876,image/png
436_Cannaregio/8_SSApostoli/SSApostoli_9_69.png,3077,3876,image/png
436_Cannaregio/8_SSApostoli/SSApostoli_26_214.png,3077,3876,image/png
435_Castello/13_SLio/SLio_26_141.png,3403,3958,image/png
435_Castello/13_SLio/SLio_24_130.png,3403,3958,image/png
435_Castello/13_SLio/SLio_32_175.png,3403,3958,image/png
435_Castello/13_SLio/SLio_25_135.png,3403,3958,image/png
435_Castello/13_SLio/SLio_14_78.png,3403,3958,image/png
435_Castello/13_SLio/SLio_27_147.png,3403,3958,image/png
435_Castello/13_SLio/SLio_11_62.png,3403,3958,image/png
435_Castello/13_SLio/SLio_13_72.png,3403,3958,image/png
435_Castello/13_SLio/SLio_21_113.png,3403,3958,image/png
435_Castello/13_SLio/SLio_9_50.png,3403,3958,image/png
435_Castello/13_SLio/SLio_41_228.png,3403,3958,image/png
435_Castello/13_SLio/SLio_1_6.png,3403,3958,image/png
435_Castello/13_SLio/SLio_46_256.png,3403,3958,image/png
435_Castello/13_SLio/SLio_45_251.png,3403,3958,image/png
435_Castello/13_SLio/SLio_10_56.png,3403,3958,image/png
435_Castello/13_SLio/SLio_29_159.png,3403,3958,image/png
435_Castello/13_SLio/SLio_48_267.png,3403,3958,image/png
435_Castello/13_SLio/SLio_30_164.png,3403,3958,image/png
435_Castello/13_SLio/SLio_0_1.png,3403,3958,image/png
435_Castello/13_SLio/SLio_50_277.png,3403,3958,image/png
435_Castello/13_SLio/SLio_34_186.png,3403,3958,image/png
435_Castello/13_SLio/SLio_2_12.png,3403,3958,image/png
435_Castello/13_SLio/SLio_35_192.png,3403,3958,image/png
435_Castello/13_SLio/SLio_38_210.png,3403,3958,image/png
435_Castello/13_SLio/SLio_43_239.png,3403,3958,image/png
435_Castello/13_SLio/SLio_44_245.png,3403,3958,image/png
435_Castello/13_SLio/SLio_49_273.png,3403,3958,image/png
435_Castello/13_SLio/SLio_39_216.png,3403,3958,image/png
435_Castello/13_SLio/SLio_7_39.png,3403,3958,image/png
435_Castello/13_SLio/SLio_5_28.png,3403,3958,image/png
435_Castello/13_SLio/SLio_12_67.png,3403,3958,image/png
435_Castello/13_SLio/SLio_19_103.png,3403,3958,image/png
435_Castello/13_SLio/SLio_42_233.png,3403,3958,image/png
435_Castello/13_SLio/SLio_23_124.png,3403,3958,image/png
435_Castello/13_SLio/SLio_31_169.png,3403,3958,image/png
435_Castello/13_SLio/SLio_17_93.png,3403,3958,image/png
435_Castello/13_SLio/SLio_28_153.png,3403,3958,image/png
435_Castello/13_SLio/SLio_22_118.png,3403,3958,image/png
435_Castello/13_SLio/SLio_15_83.png,3403,3958,image/png
435_Castello/13_SLio/SLio_8_44.png,3403,3958,image/png
435_Castello/13_SLio/SLio_4_23.png,3403,3958,image/png
435_Castello/13_SLio/SLio_47_262.png,3403,3958,image/png
435_Castello/13_SLio/SLio_40_222.png,3403,3958,image/png
435_Castello/13_SLio/SLio_6_33.png,3403,3958,image/png
435_Castello/13_SLio/SLio_3_17.png,3403,3958,image/png
435_Castello/13_SLio/SLio_18_98.png,3403,3958,image/png
435_Castello/13_SLio/SLio_37_204.png,3403,3958,image/png
435_Castello/13_SLio/SLio_16_88.png,3403,3958,image/png
435_Castello/13_SLio/SLio_33_181.png,3403,3958,image/png
435_Castello/13_SLio/SLio_36_198.png,3403,3958,image/png
435_Castello/13_SLio/SLio_20_108.png,3403,3958,image/png
435_Castello/8_SSevero/SSevero_2_4.png,3559,4129,image/png
435_Castello/8_SSevero/SSevero_9_12.png,3559,4129,image/png
435_Castello/8_SSevero/SSevero_0_1.png,3559,4129,image/png
435_Castello/8_SSevero/SSevero_4_6.png,3559,4129,image/png
435_Castello/8_SSevero/SSevero_3_5.png,3559,4129,image/png
435_Castello/8_SSevero/SSevero_13_16.png,3559,4129,image/png
435_Castello/8_SSevero/SSevero_5_7.png,3559,4129,image/png
435_Castello/8_SSevero/SSevero_1_3.png,3559,4129,image/png
435_Castello/8_SSevero/SSevero_11_14.png,3559,4129,image/png
435_Castello/8_SSevero/SSevero_8_11.png,3559,4129,image/png
435_Castello/8_SSevero/SSevero_14_17.png,3559,4129,image/png
435_Castello/8_SSevero/SSevero_7_9.png,3559,4129,image/png
435_Castello/8_SSevero/SSevero_6_8.png,3559,4129,image/png
435_Castello/8_SSevero/SSevero_10_13.png,3559,4129,image/png
435_Castello/8_SSevero/SSevero_12_15.png,3559,4129,image/png
435_Castello/8_SSevero/SSevero_15_18.png,3559,4129,image/png
435_Castello/5_SAntonino/SAntonino_21_227.png,3625,4104,image/png
435_Castello/5_SAntonino/SAntonino_3_29.png,3625,4104,image/png
435_Castello/5_SAntonino/SAntonino_5_48.png,3625,4104,image/png
435_Castello/5_SAntonino/SAntonino_20_218.png,3625,4104,image/png
435_Castello/5_SAntonino/SAntonino_11_107.png,3625,4104,image/png
435_Castello/5_SAntonino/SAntonino_17_181.png,3625,4104,image/png
435_Castello/5_SAntonino/SAntonino_1_8.png,3625,4104,image/png
435_Castello/5_SAntonino/SAntonino_8_81.png,3625,4104,image/png
435_Castello/5_SAntonino/SAntonino_15_156.png,3625,4104,image/png
435_Castello/5_SAntonino/SAntonino_4_40.png,3625,4104,image/png
435_Castello/5_SAntonino/SAntonino_19_207.png,3625,4104,image/png
435_Castello/5_SAntonino/SAntonino_14_142.png,3625,4104,image/png
435_Castello/5_SAntonino/SAntonino_2_19.png,3625,4104,image/png
435_Castello/5_SAntonino/SAntonino_13_131.png,3625,4104,image/png
435_Castello/5_SAntonino/SAntonino_6_58.png,3625,4104,image/png
435_Castello/5_SAntonino/SAntonino_18_196.png,3625,4104,image/png
435_Castello/5_SAntonino/SAntonino_0_1.png,3625,4104,image/png
435_Castello/5_SAntonino/SAntonino_12_119.png,3625,4104,image/png
435_Castello/5_SAntonino/SAntonino_10_97.png,3625,4104,image/png
435_Castello/5_SAntonino/SAntonino_9_91.png,3625,4104,image/png
435_Castello/5_SAntonino/SAntonino_16_170.png,3625,4104,image/png
435_Castello/5_SAntonino/SAntonino_7_69.png,3625,4104,image/png
435_Castello/11_SMariaFormosa/SMariaFormosa_17_194.png,3371,3941,image/png
435_Castello/11_SMariaFormosa/SMariaFormosa_53_626.png,3371,3941,image/png
435_Castello/11_SMariaFormosa/SMariaFormosa_0_1.png,3371,3941,image/png
435_Castello/11_SMariaFormosa/SMariaFormosa_37_475.png,3371,3941,image/png
435_Castello/11_SMariaFormosa/SMariaFormosa_68_798.png,3371,3941,image/png
435_Castello/11_SMariaFormosa/SMariaFormosa_2_21.png,3371,3941,image/png
435_Castello/11_SMariaFormosa/SMariaFormosa_55_649.png,3371,3941,image/png
435_Castello/11_SMariaFormosa/SMariaFormosa_34_416.png,3371,3941,image/png
435_Castello/11_SMariaFormosa/SMariaFormosa_8_96.png,3371,3941,image/png
435_Castello/11_SMariaFormosa/SMariaFormosa_31_382.png,3371,3941,image/png
435_Castello/11_SMariaFormosa/SMariaFormosa_26_315.png,3371,3941,image/png
435_Castello/11_SMariaFormosa/SMariaFormosa_41_491.png,3371,3941,image/png
435_Castello/11_SMariaFormosa/SMariaFormosa_16_183.png,3371,3941,image/png
435_Castello/11_SMariaFormosa/SMariaFormosa_27_328.png,3371,3941,image/png
435_Castello/11_SMariaFormosa/SMariaFormosa_6_68.png,3371,3941,image/png
435_Castello/11_SMariaFormosa/SMariaFormosa_71_824.png,3371,3941,image/png
435_Castello/11_SMariaFormosa/SMariaFormosa_58_684.png,3371,3941,image/png
435_Castello/11_SMariaFormosa/SMariaFormosa_75_839.png,3371,3941,image/png
435_Castello/11_SMariaFormosa/SMariaFormosa_4_50.png,3371,3941,image/png
435_Castello/11_SMariaFormosa/SMariaFormosa_63_739.png,3371,3941,image/png
435_Castello/11_SMariaFormosa/SMariaFormosa_62_728.png,3371,3941,image/png
435_Castello/11_SMariaFormosa/SMariaFormosa_20_237.png,3371,3941,image/png
435_Castello/11_SMariaFormosa/SMariaFormosa_28_344.png,3371,3941,image/png
435_Castello/11_SMariaFormosa/SMariaFormosa_69_808.png,3371,3941,image/png
435_Castello/11_SMariaFormosa/SMariaFormosa_40_482.png,3371,3941,image/png
435_Castello/11_SMariaFormosa/SMariaFormosa_64_750.png,3371,3941,image/png
435_Castello/11_SMariaFormosa/SMariaFormosa_5_60.png,3371,3941,image/png
435_Castello/11_SMariaFormosa/SMariaFormosa_9_106.png,3371,3941,image/png
435_Castello/11_SMariaFormosa/SMariaFormosa_21_254.png,3371,3941,image/png
435_Castello/11_SMariaFormosa/SMariaFormosa_54_639.png,3371,3941,image/png
435_Castello/11_SMariaFormosa/SMariaFormosa_49_578.png,3371,3941,image/png
435_Castello/11_SMariaFormosa/SMariaFormosa_56_660.png,3371,3941,image/png
435_Castello/11_SMariaFormosa/SMariaFormosa_32_394.png,3371,3941,image/png
435_Castello/11_SMariaFormosa/SMariaFormosa_25_302.png,3371,3941,image/png
435_Castello/11_SMariaFormosa/SMariaFormosa_42_496.png,3371,3941,image/png
435_Castello/11_SMariaFormosa/SMariaFormosa_73_ni.png,3371,3941,image/png
435_Castello/11_SMariaFormosa/SMariaFormosa_1_12.png,3371,3941,image/png
435_Castello/11_SMariaFormosa/SMariaFormosa_57_675.png,3371,3941,image/png
435_Castello/11_SMariaFormosa/SMariaFormosa_67_785.png,3371,3941,image/png
435_Castello/11_SMariaFormosa/SMariaFormosa_51_600.png,3371,3941,image/png
435_Castello/11_SMariaFormosa/SMariaFormosa_15_170.png,3371,3941,image/png
435_Castello/11_SMariaFormosa/SMariaFormosa_3_34.png,3371,3941,image/png
435_Castello/11_SMariaFormosa/SMariaFormosa_66_772.png,3371,3941,image/png
435_Castello/11_SMariaFormosa/SMariaFormosa_39_474.png,3371,3941,image/png
435_Castello/11_SMariaFormosa/SMariaFormosa_60_709.png,3371,3941,image/png
435_Castello/11_SMariaFormosa/SMariaFormosa_14_162.png,3371,3941,image/png
435_Castello/11_SMariaFormosa/SMariaFormosa_38_467.png,3371,3941,image/png
435_Castello/11_SMariaFormosa/SMariaFormosa_61_719.png,3371,3941,image/png
435_Castello/11_SMariaFormosa/SMariaFormosa_24_291.png,3371,3941,image/png
435_Castello/11_SMariaFormosa/SMariaFormosa_43_505.png,3371,3941,image/png
435_Castello/11_SMariaFormosa/SMariaFormosa_19_226.png,3371,3941,image/png
435_Castello/11_SMariaFormosa/SMariaFormosa_48_567.png,3371,3941,image/png
435_Castello/11_SMariaFormosa/SMariaFormosa_7_81.png,3371,3941,image/png
435_Castello/11_SMariaFormosa/SMariaFormosa_50_589.png,3371,3941,image/png
435_Castello/11_SMariaFormosa/SMariaFormosa_33_406.png,3371,3941,image/png
435_Castello/11_SMariaFormosa/SMariaFormosa_36_444.png,3371,3941,image/png
435_Castello/11_SMariaFormosa/SMariaFormosa_44_518.png,3371,3941,image/png
435_Castello/11_SMariaFormosa/SMariaFormosa_10_122.png,3371,3941,image/png
435_Castello/11_SMariaFormosa/SMariaFormosa_29_358.png,3371,3941,image/png
435_Castello/11_SMariaFormosa/SMariaFormosa_72_ni.png,3371,3941,image/png
435_Castello/11_SMariaFormosa/SMariaFormosa_35_430.png,3371,3941,image/png
435_Castello/11_SMariaFormosa/SMariaFormosa_74_833.png,3371,3941,image/png
435_Castello/11_SMariaFormosa/SMariaFormosa_76_842.png,3371,3941,image/png
435_Castello/11_SMariaFormosa/SMariaFormosa_46_542.png,3371,3941,image/png
435_Castello/11_SMariaFormosa/SMariaFormosa_18.png,3371,3941,image/png
435_Castello/11_SMariaFormosa/SMariaFormosa_59_698.png,3371,3941,image/png
435_Castello/11_SMariaFormosa/SMariaFormosa_30_371.png,3371,3941,image/png
435_Castello/11_SMariaFormosa/SMariaFormosa_11_131.png,3371,3941,image/png
435_Castello/11_SMariaFormosa/SMariaFormosa_45_532.png,3371,3941,image/png
435_Castello/11_SMariaFormosa/SMariaFormosa_23_289.png,3371,3941,image/png
435_Castello/11_SMariaFormosa/SMariaFormosa_70_817.png,3371,3941,image/png
435_Castello/11_SMariaFormosa/SMariaFormosa_22_267.png,3371,3941,image/png
435_Castello/11_SMariaFormosa/SMariaFormosa_52_612.png,3371,3941,image/png
435_Castello/11_SMariaFormosa/SMariaFormosa_12_142.png,3371,3941,image/png
435_Castello/11_SMariaFormosa/SMariaFormosa_47_554.png,3371,3941,image/png
435_Castello/11_SMariaFormosa/SMariaFormosa_13_152.png,3371,3941,image/png
435_Castello/11_SMariaFormosa/SMariaFormosa_65_760.png,3371,3941,image/png
435_Castello/9_SProvolo/SProvolo_4_13.png,3371,4162,image/png
435_Castello/9_SProvolo/SProvolo_5_17.png,3371,4162,image/png
435_Castello/9_SProvolo/SProvolo_2_6.png,3371,4162,image/png
435_Castello/9_SProvolo/SProvolo_0_1.png,3371,4162,image/png
435_Castello/9_SProvolo/SProvolo_6_18.png,3371,4162,image/png
435_Castello/9_SProvolo/SProvolo_1_3.png,3371,4162,image/png
435_Castello/9_SProvolo/SProvolo_3_10.png,3371,4162,image/png
435_Castello/6_SGiovanniBragora/SGiovanniBragora_26_212.png,3748,4116,image/png
435_Castello/6_SGiovanniBragora/SGiovanniBragora_17_127.png,3748,4116,image/png
435_Castello/6_SGiovanniBragora/SGiovanniBragora_5_40.png,3748,4116,image/png
435_Castello/6_SGiovanniBragora/SGiovanniBragora_23_181.png,3748,4116,image/png
435_Castello/6_SGiovanniBragora/SGiovanniBragora_30_240.png,3748,4116,image/png
435_Castello/6_SGiovanniBragora/SGiovanniBragora_34_275.png,3748,4116,image/png
435_Castello/6_SGiovanniBragora/SGiovanniBragora_3_22.png,3748,4116,image/png
435_Castello/6_SGiovanniBragora/SGiovanniBragora_11_79.png,3748,4116,image/png
435_Castello/6_SGiovanniBragora/SGiovanniBragora_31_243.png,3748,4116,image/png
435_Castello/6_SGiovanniBragora/SGiovanniBragora_13_95.png,3748,4116,image/png
435_Castello/6_SGiovanniBragora/SGiovanniBragora_2_17.png,3748,4116,image/png
435_Castello/6_SGiovanniBragora/SGiovanniBragora_28_226.png,3748,4116,image/png
435_Castello/6_SGiovanniBragora/SGiovanniBragora_41_337.png,3748,4116,image/png
435_Castello/6_SGiovanniBragora/SGiovanniBragora_29_234.png,3748,4116,image/png
435_Castello/6_SGiovanniBragora/SGiovanniBragora_40_327.png,3748,4116,image/png
435_Castello/6_SGiovanniBragora/SGiovanniBragora_20_150.png,3748,4116,image/png
435_Castello/6_SGiovanniBragora/SGiovanniBragora_37_298.png,3748,4116,image/png
435_Castello/6_SGiovanniBragora/SGiovanniBragora_10_71.png,3748,4116,image/png
435_Castello/6_SGiovanniBragora/SGiovanniBragora_32_255.png,3748,4116,image/png
435_Castello/6_SGiovanniBragora/SGiovanniBragora_25_201.png,3748,4116,image/png
435_Castello/6_SGiovanniBragora/SGiovanniBragora_12_86.png,3748,4116,image/png
435_Castello/6_SGiovanniBragora/SGiovanniBragora_14_104.png,3748,4116,image/png
435_Castello/6_SGiovanniBragora/SGiovanniBragora_36_293.png,3748,4116,image/png
435_Castello/6_SGiovanniBragora/SGiovanniBragora_47_386.png,3748,4116,image/png
435_Castello/6_SGiovanniBragora/SGiovanniBragora_6_47.png,3748,4116,image/png
435_Castello/6_SGiovanniBragora/SGiovanniBragora_42_348.png,3748,4116,image/png
435_Castello/6_SGiovanniBragora/SGiovanniBragora_43_359.png,3748,4116,image/png
435_Castello/6_SGiovanniBragora/SGiovanniBragora_15_114.png,3748,4116,image/png
435_Castello/6_SGiovanniBragora/SGiovanniBragora_8_55.png,3748,4116,image/png
435_Castello/6_SGiovanniBragora/SGiovanniBragora_24_192.png,3748,4116,image/png
435_Castello/6_SGiovanniBragora/SGiovanniBragora_46_384.png,3748,4116,image/png
435_Castello/6_SGiovanniBragora/SGiovanniBragora_21_161.png,3748,4116,image/png
435_Castello/6_SGiovanniBragora/SGiovanniBragora_33_265.png,3748,4116,image/png
435_Castello/6_SGiovanniBragora/SGiovanniBragora_18_132.png,3748,4116,image/png
435_Castello/6_SGiovanniBragora/SGiovanniBragora_16_117.png,3748,4116,image/png
435_Castello/6_SGiovanniBragora/SGiovanniBragora_35_285.png,3748,4116,image/png
435_Castello/6_SGiovanniBragora/SGiovanniBragora_22_170.png,3748,4116,image/png
435_Castello/6_SGiovanniBragora/SGiovanniBragora_1_11.png,3748,4116,image/png
435_Castello/6_SGiovanniBragora/SGiovanniBragora_38_307.png,3748,4116,image/png
435_Castello/6_SGiovanniBragora/SGiovanniBragora_0_1.png,3748,4116,image/png
435_Castello/6_SGiovanniBragora/SGiovanniBragora_9_63.png,3748,4116,image/png
435_Castello/6_SGiovanniBragora/SGiovanniBragora_39_317.png,3748,4116,image/png
435_Castello/6_SGiovanniBragora/SGiovanniBragora_45_378.png,3748,4116,image/png
435_Castello/6_SGiovanniBragora/SGiovanniBragora_44_368.png,3748,4116,image/png
435_Castello/6_SGiovanniBragora/SGiovanniBragora_27_219.png,3748,4116,image/png
435_Castello/6_SGiovanniBragora/SGiovanniBragora_4_31.png,3748,4116,image/png
435_Castello/6_SGiovanniBragora/SGiovanniBragora_7_48.png,3748,4116,image/png
435_Castello/6_SGiovanniBragora/SGiovanniBragora_19_140.png,3748,4116,image/png
435_Castello/3_SBiasio/SBiasio_0_1.png,3592,4187,image/png
435_Castello/3_SBiasio/SBiasio_8_86.png,3592,4187,image/png
435_Castello/3_SBiasio/SBiasio_4_42.png,3592,4187,image/png
435_Castello/3_SBiasio/SBiasio_2_20.png,3592,4187,image/png
435_Castello/3_SBiasio/SBiasio_7_75.png,3592,4187,image/png
435_Castello/3_SBiasio/SBiasio_5_53.png,3592,4187,image/png
435_Castello/3_SBiasio/SBiasio_3_31.png,3592,4187,image/png
435_Castello/3_SBiasio/SBiasio_1_9.png,3592,4187,image/png
435_Castello/3_SBiasio/SBiasio_9_97.png,3592,4187,image/png
435_Castello/3_SBiasio/SBiasio_6_64.png,3592,4187,image/png
435_Castello/2_STernita/STernita_30_226.png,3526,4187,image/png
435_Castello/2_STernita/STernita_6_45.png,3526,4187,image/png
435_Castello/2_STernita/STernita_29_219.png,3526,4187,image/png
435_Castello/2_STernita/STernita_21_169.png,3526,4187,image/png
435_Castello/2_STernita/STernita_33_246.png,3526,4187,image/png
435_Castello/2_STernita/STernita_17_141.png,3526,4187,image/png
435_Castello/2_STernita/STernita_32_241.png,3526,4187,image/png
435_Castello/2_STernita/STernita_40_296.png,3526,4187,image/png
435_Castello/2_STernita/STernita_58_441.png,3526,4187,image/png
435_Castello/2_STernita/STernita_62_471.png,3526,4187,image/png
435_Castello/2_STernita/STernita_37_274.png,3526,4187,image/png
435_Castello/2_STernita/STernita_12_93.png,3526,4187,image/png
435_Castello/2_STernita/STernita_31_233.png,3526,4187,image/png
435_Castello/2_STernita/STernita_36_267.png,3526,4187,image/png
435_Castello/2_STernita/STernita_52_395.png,3526,4187,image/png
435_Castello/2_STernita/STernita_15_123.png,3526,4187,image/png
435_Castello/2_STernita/STernita_5_39.png,3526,4187,image/png
435_Castello/2_STernita/STernita_51_387.png,3526,4187,image/png
435_Castello/2_STernita/STernita_27_204.png,3526,4187,image/png
435_Castello/2_STernita/STernita_54_412.png,3526,4187,image/png
435_Castello/2_STernita/STernita_35_260.png,3526,4187,image/png
435_Castello/2_STernita/STernita_38_282.png,3526,4187,image/png
435_Castello/2_STernita/STernita_49_369.png,3526,4187,image/png
435_Castello/2_STernita/STernita_1_8.png,3526,4187,image/png
435_Castello/2_STernita/STernita_16_132.png,3526,4187,image/png
435_Castello/2_STernita/STernita_61_463.png,3526,4187,image/png
435_Castello/2_STernita/STernita_4_30.png,3526,4187,image/png
435_Castello/2_STernita/STernita_64_484.png,3526,4187,image/png
435_Castello/2_STernita/STernita_23_182.png,3526,4187,image/png
435_Castello/2_STernita/STernita_9_67.png,3526,4187,image/png
435_Castello/2_STernita/STernita_50_378.png,3526,4187,image/png
435_Castello/2_STernita/STernita_13_104.png,3526,4187,image/png
435_Castello/2_STernita/STernita_3_22.png,3526,4187,image/png
435_Castello/2_STernita/STernita_22_176.png,3526,4187,image/png
435_Castello/2_STernita/STernita_18_147.png,3526,4187,image/png
435_Castello/2_STernita/STernita_11_84.png,3526,4187,image/png
435_Castello/2_STernita/STernita_7_51.png,3526,4187,image/png
435_Castello/2_STernita/STernita_60_456.png,3526,4187,image/png
435_Castello/2_STernita/STernita_34_252.png,3526,4187,image/png
435_Castello/2_STernita/STernita_19_154.png,3526,4187,image/png
435_Castello/2_STernita/STernita_42_307.png,3526,4187,image/png
435_Castello/2_STernita/STernita_43_316.png,3526,4187,image/png
435_Castello/2_STernita/STernita_26_197.png,3526,4187,image/png
435_Castello/2_STernita/STernita_55_419.png,3526,4187,image/png
435_Castello/2_STernita/STernita_48_361.png,3526,4187,image/png
435_Castello/2_STernita/STernita_39_289.png,3526,4187,image/png
435_Castello/2_STernita/STernita_53_405.png,3526,4187,image/png
435_Castello/2_STernita/STernita_24_187.png,3526,4187,image/png
435_Castello/2_STernita/STernita_0_1.png,3526,4187,image/png
435_Castello/2_STernita/STernita_14_114.png,3526,4187,image/png
435_Castello/2_STernita/STernita_46_344.png,3526,4187,image/png
435_Castello/2_STernita/STernita_57_433.png,3526,4187,image/png
435_Castello/2_STernita/STernita_41_300.png,3526,4187,image/png
435_Castello/2_STernita/STernita_56_426.png,3526,4187,image/png
435_Castello/2_STernita/STernita_20_162.png,3526,4187,image/png
435_Castello/2_STernita/STernita_2_13.png,3526,4187,image/png
435_Castello/2_STernita/STernita_59_448.png,3526,4187,image/png
435_Castello/2_STernita/STernita_10_76.png,3526,4187,image/png
435_Castello/2_STernita/STernita_63_479.png,3526,4187,image/png
435_Castello/2_STernita/STernita_47_352.png,3526,4187,image/png
435_Castello/2_STernita/STernita_28_211.png,3526,4187,image/png
435_Castello/2_STernita/STernita_8_59.png,3526,4187,image/png
435_Castello/2_STernita/STernita_44_326.png,3526,4187,image/png
435_Castello/2_STernita/STernita_45_336.png,3526,4187,image/png
435_Castello/2_STernita/STernita_25_192.png,3526,4187,image/png
435_Castello/7_SGiustina/SGiustina_21_283.png,3666,4325,image/png
435_Castello/7_SGiustina/SGiustina_3_43.png,3666,4325,image/png
435_Castello/7_SGiustina/SGiustina_14_196.png,3666,4325,image/png
435_Castello/7_SGiustina/SGiustina_2_29.png,3666,4325,image/png
435_Castello/7_SGiustina/SGiustina_25.png,3666,4325,image/png
435_Castello/7_SGiustina/SGiustina_24_317.png,3666,4325,image/png
435_Castello/7_SGiustina/SGiustina_15_209.png,3666,4325,image/png
435_Castello/7_SGiustina/SGiustina_9_130.png,3666,4325,image/png
435_Castello/7_SGiustina/SGiustina_22_294.png,3666,4325,image/png
435_Castello/7_SGiustina/SGiustina_12_170.png,3666,4325,image/png
435_Castello/7_SGiustina/SGiustina_17_233.png,3666,4325,image/png
435_Castello/7_SGiustina/SGiustina_19_259.png,3666,4325,image/png
435_Castello/7_SGiustina/SGiustina_7_104.png,3666,4325,image/png
435_Castello/7_SGiustina/SGiustina_16_221.png,3666,4325,image/png
435_Castello/7_SGiustina/SGiustina_18_246.png,3666,4325,image/png
435_Castello/7_SGiustina/SGiustina_23_306.png,3666,4325,image/png
435_Castello/7_SGiustina/SGiustina_5_72.png,3666,4325,image/png
435_Castello/7_SGiustina/SGiustina_13_184.png,3666,4325,image/png
435_Castello/7_SGiustina/SGiustina_1_14.png,3666,4325,image/png
435_Castello/7_SGiustina/SGiustina_26_327.png,3666,4325,image/png
435_Castello/7_SGiustina/SGiustina_4_57.png,3666,4325,image/png
435_Castello/7_SGiustina/SGiustina_20_271.png,3666,4325,image/png
435_Castello/7_SGiustina/SGiustina_6_87.png,3666,4325,image/png
435_Castello/7_SGiustina/SGiustina_10_143.png,3666,4325,image/png
435_Castello/7_SGiustina/SGiustina_11_157.png,3666,4325,image/png
435_Castello/7_SGiustina/SGiustina_8_116.png,3666,4325,image/png
435_Castello/7_SGiustina/SGiustina_0_1.png,3666,4325,image/png
435_Castello/1_SPieroCastello/SPieroCastello_79_947.png,3314,4113,image/png
435_Castello/1_SPieroCastello/SPieroCastello_71_821.png,3314,4113,image/png
435_Castello/1_SPieroCastello/SPieroCastello_62_712.png,3314,4113,image/png
435_Castello/1_SPieroCastello/SPieroCastello_101_1188.png,3314,4113,image/png
435_Castello/1_SPieroCastello/SPieroCastello_86_1027.png,3314,4113,image/png
435_Castello/1_SPieroCastello/SPieroCastello_93_1107.png,3314,4113,image/png
435_Castello/1_SPieroCastello/SPieroCastello_80_958.png,3314,4113,image/png
435_Castello/1_SPieroCastello/SPieroCastello_22_257.png,3314,4113,image/png
435_Castello/1_SPieroCastello/SPieroCastello_122_1414.png,3314,4113,image/png
435_Castello/1_SPieroCastello/SPieroCastello_52_597.png,3314,4113,image/png
435_Castello/1_SPieroCastello/SPieroCastello_41_468.png,3314,4113,image/png
435_Castello/1_SPieroCastello/SPieroCastello_35_405.png,3314,4113,image/png
435_Castello/1_SPieroCastello/SPieroCastello_141_1642.png,3314,4113,image/png
435_Castello/1_SPieroCastello/SPieroCastello_150_1754.png,3314,4113,image/png
435_Castello/1_SPieroCastello/SPieroCastello_73_846.png,3314,4113,image/png
435_Castello/1_SPieroCastello/SPieroCastello_30_347.png,3314,4113,image/png
435_Castello/1_SPieroCastello/SPieroCastello_31_356.png,3314,4113,image/png
435_Castello/1_SPieroCastello/SPieroCastello_26_299.png,3314,4113,image/png
435_Castello/1_SPieroCastello/SPieroCastello_2_29.png,3314,4113,image/png
435_Castello/1_SPieroCastello/SPieroCastello_109_1281.png,3314,4113,image/png
435_Castello/1_SPieroCastello/SPieroCastello_20_236.png,3314,4113,image/png
435_Castello/1_SPieroCastello/SPieroCastello_104_1218.png,3314,4113,image/png
435_Castello/1_SPieroCastello/SPieroCastello_134_1562.png,3314,4113,image/png
435_Castello/1_SPieroCastello/SPieroCastello_70_809.png,3314,4113,image/png
435_Castello/1_SPieroCastello/SPieroCastello_87_1037.png,3314,4113,image/png
435_Castello/1_SPieroCastello/SPieroCastello_108_1269.png,3314,4113,image/png
435_Castello/1_SPieroCastello/SPieroCastello_111_1299.png,3314,4113,image/png
435_Castello/1_SPieroCastello/SPieroCastello_3_43.png,3314,4113,image/png
435_Castello/1_SPieroCastello/SPieroCastello_11_129.png,3314,4113,image/png
435_Castello/1_SPieroCastello/SPieroCastello_135_1575.png,3314,4113,image/png
435_Castello/1_SPieroCastello/SPieroCastello_64_734.png,3314,4113,image/png
435_Castello/1_SPieroCastello/SPieroCastello_89_1065.png,3314,4113,image/png
435_Castello/1_SPieroCastello/SPieroCastello_51_583.png,3314,4113,image/png
435_Castello/1_SPieroCastello/SPieroCastello_67_769.png,3314,4113,image/png
435_Castello/1_SPieroCastello/SPieroCastello_113_1327.png,3314,4113,image/png
435_Castello/1_SPieroCastello/SPieroCastello_124_1438.png,3314,4113,image/png
435_Castello/1_SPieroCastello/SPieroCastello_117_921.png,3314,4113,image/png
435_Castello/1_SPieroCastello/SPieroCastello_25_289.png,3314,4113,image/png
435_Castello/1_SPieroCastello/SPieroCastello_37_429.png,3314,4113,image/png
435_Castello/1_SPieroCastello/SPieroCastello_133_1548.png,3314,4113,image/png
435_Castello/1_SPieroCastello/SPieroCastello_94_1117.png,3314,4113,image/png
435_Castello/1_SPieroCastello/SPieroCastello_97_1150.png,3314,4113,image/png
435_Castello/1_SPieroCastello/SPieroCastello_28_323.png,3314,4113,image/png
435_Castello/1_SPieroCastello/SPieroCastello_84_1000.png,3314,4113,image/png
435_Castello/1_SPieroCastello/SPieroCastello_85_1014.png,3314,4113,image/png
435_Castello/1_SPieroCastello/SPieroCastello_29_333.png,3314,4113,image/png
435_Castello/1_SPieroCastello/SPieroCastello_43_484.png,3314,4113,image/png
435_Castello/1_SPieroCastello/SPieroCastello_98_1158.png,3314,4113,image/png
435_Castello/1_SPieroCastello/SPieroCastello_48_541.png,3314,4113,image/png
435_Castello/1_SPieroCastello/SPieroCastello_57_659.png,3314,4113,image/png
435_Castello/1_SPieroCastello/SPieroCastello_19_228.png,3314,4113,image/png
435_Castello/1_SPieroCastello/SPieroCastello_115_1351.png,3314,4113,image/png
435_Castello/1_SPieroCastello/SPieroCastello_102_1196.png,3314,4113,image/png
435_Castello/1_SPieroCastello/SPieroCastello_74_860.png,3314,4113,image/png
435_Castello/1_SPieroCastello/SPieroCastello_148_1729.png,3314,4113,image/png
435_Castello/1_SPieroCastello/SPieroCastello_142_1662.png,3314,4113,image/png
435_Castello/1_SPieroCastello/SPieroCastello_143_1676.png,3314,4113,image/png
435_Castello/1_SPieroCastello/SPieroCastello_96_1140.png,3314,4113,image/png
435_Castello/1_SPieroCastello/SPieroCastello_66_756.png,3314,4113,image/png
435_Castello/1_SPieroCastello/SPieroCastello_120_1385.png,3314,4113,image/png
435_Castello/1_SPieroCastello/SPieroCastello_136_1585.png,3314,4113,image/png
435_Castello/1_SPieroCastello/SPieroCastello_7_92.png,3314,4113,image/png
435_Castello/1_SPieroCastello/SPieroCastello_33_380.png,3314,4113,image/png
435_Castello/1_SPieroCastello/SPieroCastello_5_68.png,3314,4113,image/png
435_Castello/1_SPieroCastello/SPieroCastello_129_1499.png,3314,4113,image/png
435_Castello/1_SPieroCastello/SPieroCastello_140_1633.png,3314,4113,image/png
435_Castello/1_SPieroCastello/SPieroCastello_15_181.png,3314,4113,image/png
435_Castello/1_SPieroCastello/SPieroCastello_21_247.png,3314,4113,image/png
435_Castello/1_SPieroCastello/SPieroCastello_72_832.png,3314,4113,image/png
435_Castello/1_SPieroCastello/SPieroCastello_47_529.png,3314,4113,image/png
435_Castello/1_SPieroCastello/SPieroCastello_42_478.png,3314,4113,image/png
435_Castello/1_SPieroCastello/SPieroCastello_131_1520.png,3314,4113,image/png
435_Castello/1_SPieroCastello/SPieroCastello_18_217.png,3314,4113,image/png
435_Castello/1_SPieroCastello/SPieroCastello_138_1612.png,3314,4113,image/png
435_Castello/1_SPieroCastello/SPieroCastello_91_1085.png,3314,4113,image/png
435_Castello/1_SPieroCastello/SPieroCastello_90_1077.png,3314,4113,image/png
435_Castello/1_SPieroCastello/SPieroCastello_103_1210.png,3314,4113,image/png
435_Castello/1_SPieroCastello/SPieroCastello_112_1313.png,3314,4113,image/png
435_Castello/1_SPieroCastello/SPieroCastello_83_990.png,3314,4113,image/png
435_Castello/1_SPieroCastello/SPieroCastello_1_15.png,3314,4113,image/png
435_Castello/1_SPieroCastello/SPieroCastello_88_1051.png,3314,4113,image/png
435_Castello/1_SPieroCastello/SPieroCastello_36_419.png,3314,4113,image/png
435_Castello/1_SPieroCastello/SPieroCastello_139_1622.png,3314,4113,image/png
435_Castello/1_SPieroCastello/SPieroCastello_116_907.png,3314,4113,image/png
435_Castello/1_SPieroCastello/SPieroCastello_130_1506.png,3314,4113,image/png
435_Castello/1_SPieroCastello/SPieroCastello_75_868.png,3314,4113,image/png
435_Castello/1_SPieroCastello/SPieroCastello_50_573.png,3314,4113,image/png
435_Castello/1_SPieroCastello/SPieroCastello_39_448.png,3314,4113,image/png
435_Castello/1_SPieroCastello/SPieroCastello_55_635.png,3314,4113,image/png
435_Castello/1_SPieroCastello/SPieroCastello_127_1475.png,3314,4113,image/png
435_Castello/1_SPieroCastello/SPieroCastello_24_279.png,3314,4113,image/png
435_Castello/1_SPieroCastello/SPieroCastello_121_1399.png,3314,4113,image/png
435_Castello/1_SPieroCastello/SPieroCastello_56_645.png,3314,4113,image/png
435_Castello/1_SPieroCastello/SPieroCastello_32_370.png,3314,4113,image/png
435_Castello/1_SPieroCastello/SPieroCastello_128_1486.png,3314,4113,image/png
435_Castello/1_SPieroCastello/SPieroCastello_54_621.png,3314,4113,image/png
435_Castello/1_SPieroCastello/SPieroCastello_82_979.png,3314,4113,image/png
435_Castello/1_SPieroCastello/SPieroCastello_147_1715.png,3314,4113,image/png
435_Castello/1_SPieroCastello/SPieroCastello_60_691.png,3314,4113,image/png
435_Castello/1_SPieroCastello/SPieroCastello_126_1464.png,3314,4113,image/png
435_Castello/1_SPieroCastello/SPieroCastello_137_1598.png,3314,4113,image/png
435_Castello/1_SPieroCastello/SPieroCastello_99_1168.png,3314,4113,image/png
435_Castello/1_SPieroCastello/SPieroCastello_0_1.png,3314,4113,image/png
435_Castello/1_SPieroCastello/SPieroCastello_61_696.png,3314,4113,image/png
435_Castello/1_SPieroCastello/SPieroCastello_146_1703.png,3314,4113,image/png
435_Castello/1_SPieroCastello/SPieroCastello_49_562.png,3314,4113,image/png
435_Castello/1_SPieroCastello/SPieroCastello_78_905.png,3314,4113,image/png
435_Castello/1_SPieroCastello/SPieroCastello_14_167.png,3314,4113,image/png
435_Castello/1_SPieroCastello/SPieroCastello_46_519.png,3314,4113,image/png
435_Castello/1_SPieroCastello/SPieroCastello_95_1131.png,3314,4113,image/png
435_Castello/1_SPieroCastello/SPieroCastello_81_969.png,3314,4113,image/png
435_Castello/1_SPieroCastello/SPieroCastello_38_438.png,3314,4113,image/png
435_Castello/1_SPieroCastello/SPieroCastello_17_203.png,3314,4113,image/png
435_Castello/1_SPieroCastello/SPieroCastello_119_1372.png,3314,4113,image/png
435_Castello/1_SPieroCastello/SPieroCastello_132_1534.png,3314,4113,image/png
435_Castello/1_SPieroCastello/SPieroCastello_125_1452.png,3314,4113,image/png
435_Castello/1_SPieroCastello/SPieroCastello_76_882.png,3314,4113,image/png
435_Castello/1_SPieroCastello/SPieroCastello_23_271.png,3314,4113,image/png
435_Castello/1_SPieroCastello/SPieroCastello_10_122.png,3314,4113,image/png
435_Castello/1_SPieroCastello/SPieroCastello_92_1093.png,3314,4113,image/png
435_Castello/1_SPieroCastello/SPieroCastello_45_509.png,3314,4113,image/png
435_Castello/1_SPieroCastello/SPieroCastello_40_458.png,3314,4113,image/png
435_Castello/1_SPieroCastello/SPieroCastello_69_795.png,3314,4113,image/png
435_Castello/1_SPieroCastello/SPieroCastello_9_112.png,3314,4113,image/png
435_Castello/1_SPieroCastello/SPieroCastello_53_607.png,3314,4113,image/png
435_Castello/1_SPieroCastello/SPieroCastello_105_1228.png,3314,4113,image/png
435_Castello/1_SPieroCastello/SPieroCastello_8_102.png,3314,4113,image/png
435_Castello/1_SPieroCastello/SPieroCastello_16_189.png,3314,4113,image/png
435_Castello/1_SPieroCastello/SPieroCastello_123_1424.png,3314,4113,image/png
435_Castello/1_SPieroCastello/SPieroCastello_100_1178.png,3314,4113,image/png
435_Castello/1_SPieroCastello/SPieroCastello_6_78.png,3314,4113,image/png
435_Castello/1_SPieroCastello/SPieroCastello_145_1693.png,3314,4113,image/png
435_Castello/1_SPieroCastello/SPieroCastello_13_153.png,3314,4113,image/png
435_Castello/1_SPieroCastello/SPieroCastello_149_1743.png,3314,4113,image/png
435_Castello/1_SPieroCastello/SPieroCastello_34_394.png,3314,4113,image/png
435_Castello/1_SPieroCastello/SPieroCastello_110_1287.png,3314,4113,image/png
435_Castello/1_SPieroCastello/SPieroCastello_144_1679.png,3314,4113,image/png
435_Castello/1_SPieroCastello/SPieroCastello_65_748.png,3314,4113,image/png
435_Castello/1_SPieroCastello/SPieroCastello_106_1242.png,3314,4113,image/png
435_Castello/1_SPieroCastello/SPieroCastello_27_309.png,3314,4113,image/png
435_Castello/1_SPieroCastello/SPieroCastello_68_782.png,3314,4113,image/png
435_Castello/1_SPieroCastello/SPieroCastello_118_1362.png,3314,4113,image/png
435_Castello/1_SPieroCastello/SPieroCastello_44_495.png,3314,4113,image/png
435_Castello/1_SPieroCastello/SPieroCastello_59_677.png,3314,4113,image/png
435_Castello/1_SPieroCastello/SPieroCastello_12_140.png,3314,4113,image/png
435_Castello/1_SPieroCastello/SPieroCastello_58_667.png,3314,4113,image/png
435_Castello/1_SPieroCastello/SPieroCastello_63_726.png,3314,4113,image/png
435_Castello/1_SPieroCastello/SPieroCastello_4_57.png,3314,4113,image/png
435_Castello/1_SPieroCastello/SPieroCastello_107_1255.png,3314,4113,image/png
435_Castello/1_SPieroCastello/SPieroCastello_77_896.png,3314,4113,image/png
435_Castello/1_SPieroCastello/SPieroCastello_114_1339.png,3314,4113,image/png
435_Castello/12_SMarina/SMarina_17_135.png,3428,3835,image/png
435_Castello/12_SMarina/SMarina_44_360.png,3428,3835,image/png
435_Castello/12_SMarina/SMarina_45_365.png,3428,3835,image/png
435_Castello/12_SMarina/SMarina_13_100.png,3428,3835,image/png
435_Castello/12_SMarina/SMarina_11_82.png,3428,3835,image/png
435_Castello/12_SMarina/SMarina_29_244.png,3428,3835,image/png
435_Castello/12_SMarina/SMarina_38_309.png,3428,3835,image/png
435_Castello/12_SMarina/SMarina_30_252.png,3428,3835,image/png
435_Castello/12_SMarina/SMarina_22_182.png,3428,3835,image/png
435_Castello/12_SMarina/SMarina_49_397.png,3428,3835,image/png
435_Castello/12_SMarina/SMarina_23_193.png,3428,3835,image/png
435_Castello/12_SMarina/SMarina_16_126.png,3428,3835,image/png
435_Castello/12_SMarina/SMarina_35_288.png,3428,3835,image/png
435_Castello/12_SMarina/SMarina_1_7.png,3428,3835,image/png
435_Castello/12_SMarina/SMarina_8_56.png,3428,3835,image/png
435_Castello/12_SMarina/SMarina_28_235.png,3428,3835,image/png
435_Castello/12_SMarina/SMarina_46_373.png,3428,3835,image/png
435_Castello/12_SMarina/SMarina_9_65.png,3428,3835,image/png
435_Castello/12_SMarina/SMarina_4_25.png,3428,3835,image/png
435_Castello/12_SMarina/SMarina_0_1.png,3428,3835,image/png
435_Castello/12_SMarina/SMarina_15_118.png,3428,3835,image/png
435_Castello/12_SMarina/SMarina_14_109.png,3428,3835,image/png
435_Castello/12_SMarina/SMarina_32_268.png,3428,3835,image/png
435_Castello/12_SMarina/SMarina_37_301.png,3428,3835,image/png
435_Castello/12_SMarina/SMarina_10_73.png,3428,3835,image/png
435_Castello/12_SMarina/SMarina_43_351.png,3428,3835,image/png
435_Castello/12_SMarina/SMarina_40_325.png,3428,3835,image/png
435_Castello/12_SMarina/SMarina_41_334.png,3428,3835,image/png
435_Castello/12_SMarina/SMarina_25_213.png,3428,3835,image/png
435_Castello/12_SMarina/SMarina_42_343.png,3428,3835,image/png
435_Castello/12_SMarina/SMarina_24_203.png,3428,3835,image/png
435_Castello/12_SMarina/SMarina_20_164.png,3428,3835,image/png
435_Castello/12_SMarina/SMarina_3_19.png,3428,3835,image/png
435_Castello/12_SMarina/SMarina_21_174.png,3428,3835,image/png
435_Castello/12_SMarina/SMarina_12_91.png,3428,3835,image/png
435_Castello/12_SMarina/SMarina_47_382.png,3428,3835,image/png
435_Castello/12_SMarina/SMarina_36_293.png,3428,3835,image/png
435_Castello/12_SMarina/SMarina_7_47.png,3428,3835,image/png
435_Castello/12_SMarina/SMarina_6_38.png,3428,3835,image/png
435_Castello/12_SMarina/SMarina_33_276.png,3428,3835,image/png
435_Castello/12_SMarina/SMarina_2_13.png,3428,3835,image/png
435_Castello/12_SMarina/SMarina_31_260.png,3428,3835,image/png
435_Castello/12_SMarina/SMarina_5_31.png,3428,3835,image/png
435_Castello/12_SMarina/SMarina_50_405.png,3428,3835,image/png
435_Castello/12_SMarina/SMarina_27_226.png,3428,3835,image/png
435_Castello/12_SMarina/SMarina_19_154.png,3428,3835,image/png
435_Castello/12_SMarina/SMarina_18_144.png,3428,3835,image/png
435_Castello/12_SMarina/SMarina_34_280.png,3428,3835,image/png
435_Castello/12_SMarina/SMarina_39_317.png,3428,3835,image/png
435_Castello/12_SMarina/SMarina_26_218.png,3428,3835,image/png
435_Castello/12_SMarina/SMarina_48_389.png,3428,3835,image/png
435_Castello/12_SMarina/SMarina_51_413.png,3428,3835,image/png
435_Castello/10_SGiovanniNovo/SGiovanniNovo_18_307.png,3437,4162,image/png
435_Castello/10_SGiovanniNovo/SGiovanniNovo_8_131.png,3437,4162,image/png
435_Castello/10_SGiovanniNovo/SGiovanniNovo_13_215.png,3437,4162,image/png
435_Castello/10_SGiovanniNovo/SGiovanniNovo_20_352.png,3437,4162,image/png
435_Castello/10_SGiovanniNovo/SGiovanniNovo_15_251.png,3437,4162,image/png
435_Castello/10_SGiovanniNovo/SGiovanniNovo_2_32.png,3437,4162,image/png
435_Castello/10_SGiovanniNovo/SGiovanniNovo_6_94.png,3437,4162,image/png
435_Castello/10_SGiovanniNovo/SGiovanniNovo_5_77.png,3437,4162,image/png
435_Castello/10_SGiovanniNovo/SGiovanniNovo_9_145.png,3437,4162,image/png
435_Castello/10_SGiovanniNovo/SGiovanniNovo_22_391.png,3437,4162,image/png
435_Castello/10_SGiovanniNovo/SGiovanniNovo_17_287.png,3437,4162,image/png
435_Castello/10_SGiovanniNovo/SGiovanniNovo_7_112.png,3437,4162,image/png
435_Castello/10_SGiovanniNovo/SGiovanniNovo_16_268.png,3437,4162,image/png
435_Castello/10_SGiovanniNovo/SGiovanniNovo_10_159.png,3437,4162,image/png
435_Castello/10_SGiovanniNovo/SGiovanniNovo_14_233.png,3437,4162,image/png
435_Castello/10_SGiovanniNovo/SGiovanniNovo_1_16.png,3437,4162,image/png
435_Castello/10_SGiovanniNovo/SGiovanniNovo_11_178.png,3437,4162,image/png
435_Castello/10_SGiovanniNovo/SGiovanniNovo_23_398.png,3437,4162,image/png
435_Castello/10_SGiovanniNovo/SGiovanniNovo_0_1.png,3437,4162,image/png
435_Castello/10_SGiovanniNovo/SGiovanniNovo_24_408.png,3437,4162,image/png
435_Castello/10_SGiovanniNovo/SGiovanniNovo_12_196.png,3437,4162,image/png
435_Castello/10_SGiovanniNovo/SGiovanniNovo_19_325.png,3437,4162,image/png
435_Castello/10_SGiovanniNovo/SGiovanniNovo_21_371.png,3437,4162,image/png
435_Castello/10_SGiovanniNovo/SGiovanniNovo_3_50.png,3437,4162,image/png
435_Castello/10_SGiovanniNovo/SGiovanniNovo_4_59.png,3437,4162,image/png
435_Castello/4_SMartin/SMartin_41_537.png,3608,4236,image/png
435_Castello/4_SMartin/SMartin_1_15.png,3608,4236,image/png
435_Castello/4_SMartin/SMartin_12_170.png,3608,4236,image/png
435_Castello/4_SMartin/SMartin_40_527.png,3608,4236,image/png
435_Castello/4_SMartin/SMartin_28_369.png,3608,4236,image/png
435_Castello/4_SMartin/SMartin_5_73.png,3608,4236,image/png
435_Castello/4_SMartin/SMartin_30_394.png,3608,4236,image/png
435_Castello/4_SMartin/SMartin_17_231.png,3608,4236,image/png
435_Castello/4_SMartin/SMartin_42_550.png,3608,4236,image/png
435_Castello/4_SMartin/SMartin_29_381.png,3608,4236,image/png
435_Castello/4_SMartin/SMartin_35_470.png,3608,4236,image/png
435_Castello/4_SMartin/SMartin_8_112.png,3608,4236,image/png
435_Castello/4_SMartin/SMartin_2_31.png,3608,4236,image/png
435_Castello/4_SMartin/SMartin_11_158.png,3608,4236,image/png
435_Castello/4_SMartin/SMartin_33_427.png,3608,4236,image/png
435_Castello/4_SMartin/SMartin_0_1.png,3608,4236,image/png
435_Castello/4_SMartin/SMartin_21_284.png,3608,4236,image/png
435_Castello/4_SMartin/SMartin_34_458.png,3608,4236,image/png
435_Castello/4_SMartin/SMartin_3_46.png,3608,4236,image/png
435_Castello/4_SMartin/SMartin_14_189.png,3608,4236,image/png
435_Castello/4_SMartin/SMartin_6_88.png,3608,4236,image/png
435_Castello/4_SMartin/SMartin_24_326.png,3608,4236,image/png
435_Castello/4_SMartin/SMartin_39_517.png,3608,4236,image/png
435_Castello/4_SMartin/SMartin_26_343.png,3608,4236,image/png
435_Castello/4_SMartin/SMartin_38_504.png,3608,4236,image/png
435_Castello/4_SMartin/SMartin_10_141.png,3608,4236,image/png
435_Castello/4_SMartin/SMartin_20_270.png,3608,4236,image/png
435_Castello/4_SMartin/SMartin_25_334.png,3608,4236,image/png
435_Castello/4_SMartin/SMartin_4_59.png,3608,4236,image/png
435_Castello/4_SMartin/SMartin_9_126.png,3608,4236,image/png
435_Castello/4_SMartin/SMartin_27_354.png,3608,4236,image/png
435_Castello/4_SMartin/SMartin_15_202.png,3608,4236,image/png
435_Castello/4_SMartin/SMartin_32_415.png,3608,4236,image/png
435_Castello/4_SMartin/SMartin_18_245.png,3608,4236,image/png
435_Castello/4_SMartin/SMartin_22_300.png,3608,4236,image/png
435_Castello/4_SMartin/SMartin_31_406.png,3608,4236,image/png
435_Castello/4_SMartin/SMartin_19_257.png,3608,4236,image/png
435_Castello/4_SMartin/SMartin_23_312.png,3608,4236,image/png
435_Castello/4_SMartin/SMartin_13_180.png,3608,4236,image/png
435_Castello/4_SMartin/SMartin_7_102.png,3608,4236,image/png
435_Castello/4_SMartin/SMartin_37_492.png,3608,4236,image/png
435_Castello/4_SMartin/SMartin_43_562.png,3608,4236,image/png
435_Castello/4_SMartin/SMartin_16_216.png,3608,4236,image/png
435_Castello/4_SMartin/SMartin_36_480.png,3608,4236,image/png
